sim_id,eps,b,Rp_um,L_um,solver_ok,Q05_Ah,Q3_Ah,Q_ratio,dV_3C
0,0.3332292137358728,1.247170841170186,7.755707010400444,92.40361843869232,True,5.395150524530743,0.9876951605286789,0.1830709182325522,1.210018525834542
1,0.32750699492542956,2.4377682832362724,7.781194301490049,81.68962710626255,True,4.7689012192691385,0.180162759412413,0.0377786729329705,0.269165897711531
2,0.39507911034122256,1.5104122105465785,11.268146009878837,81.23329557550181,True,4.651455791158328,2.993885404947554,0.6436448155948188,0.9877427776436978
3,0.3006852714647932,1.041382928790047,7.272782929005863,77.66477425751968,True,4.550111646439943,4.041881816361492,0.8883038770101179,0.44631359612287147
4,0.3204978602931037,1.1529521370579219,8.330861844140037,88.8065751020395,True,5.173882227142528,4.249660434970041,0.8213678333604197,0.6446748767844084
5,0.40378056254209277,2.106734105523903,7.085146509878026,135.9998095495405,True,6.059168323556811,0.19551700228885868,0.032267960196571605,0.25637206024078596
6,0.28749883740274873,1.678604020969111,10.412666394981365,103.90802883053956,True,5.974819388152817,0.2089728887104352,0.034975599283351984,0.2608092763803338
7,0.42202188539317426,1.982737713285068,7.691276189220461,58.37146206204046,True,3.40660894530914,2.9087596844952763,0.8538578190785895,0.4903529526103556
8,0.2874523048445583,1.4497221552204738,2.812652220943621,89.3214737888412,True,5.299954428201545,0.291555418122058,0.05501092925830924,0.2664706969079158
9,0.3561489566720465,2.4973932213053303,2.6388654532547458,112.47485837023928,True,6.058764681214516,0.1706884274774678,0.028172150010495584,0.2607205404284749
10,0.3592678420868959,1.7906254913529565,6.586498674489989,129.4559435011378,True,6.059145844726015,0.20663917909167417,0.034103681341741666,0.25519722650101917
11,0.3215792579168814,1.2333964267318773,10.28306260810485,90.08202523532314,True,5.195053114813822,1.4158295605379412,0.272534183818192,1.2272585925804367
12,0.32397198788216214,1.766395185637293,5.374000458987625,76.5046686978612,True,4.517191555816517,0.28474616467479164,0.06303610576534906,0.27276295525679384
13,0.3545631114279123,2.390001361857556,8.341474173106867,106.21486719360401,True,6.057133701847329,0.17807233570268177,0.029398779103781802,0.26861057699450663
14,0.2861659921590793,2.2145734441030354,2.8993010150093617,102.2398461466909,True,6.023058576075104,0.16794916497763557,0.027884365203547267,0.27031845441752944
15,0.3119881857482478,2.1148966778453926,4.922173819467594,129.5255750514163,True,6.059124066600536,0.16953885636461716,0.027980753406116787,0.27071208862262264
16,0.3248260489428,1.0970848154495065,2.7572039641962727,70.77632224558718,True,4.217550162380796,4.051309103933065,0.9605835017848635,0.42020517749429587
17,0.44192238048406174,1.5651724619580758,8.223927076635903,115.63661621103239,True,6.058846429790787,0.3366501846285055,0.05556341269407782,0.28661426160824277
18,0.2931874607387722,1.050074545385601,11.234708486291556,87.78733772485901,True,5.033434703411691,3.985162206072162,0.7917381352679504,0.4828250632323279
19,0.28864504453058987,1.676003562613955,4.077214839238294,136.63472458059022,True,6.059203938030279,0.1860267955122953,0.0307015240640289,0.2541238315583523
20,0.3759935333490722,2.24619520985392,2.53592989807667,62.09748621860415,True,3.7068739689923778,0.2920864944774083,0.07879590644858228,0.27124883888663387
21,0.30966306947378364,2.494682464104418,9.631388203247019,77.15921552463868,True,4.4574766839437725,0.17119527800598813,0.03840632046885377,0.2752272277798742
22,0.36609129189878215,1.2298742164186725,7.654238439486433,56.1336655831215,True,3.2755041049580758,2.802882976065454,0.855710414718387,0.43255906475736206
23,0.4072070767165762,1.6739642340804277,6.063492439554261,118.77663728330965,True,6.059053119013753,0.2613728251877189,0.04313756952674863,0.2615555201698667
24,0.35349424592810297,1.545934262560513,6.109409970489397,57.921714605095275,True,3.411959472830329,3.07277156538096,0.9005885298022014,0.4612832632704049
25,0.43938277064128983,1.101475219649642,6.788670650192702,95.58638706301936,True,5.6000381757519495,4.52307524001176,0.8076865010664719,0.4327195036892184
26,0.3354388061731629,1.9722123323581309,11.807753192489281,81.03774912971697,True,4.620806559130173,0.22657168981290646,0.0490329311373633,0.25988603862059323
27,0.40188180676821694,2.242073048202592,8.367721118550833,59.12589364858422,True,3.435195859344322,0.3764331845845966,0.10958128735531449,0.3027261045154508
28,0.3388789936869472,1.0460655853232936,8.069116136085304,134.47145235721584,True,6.059177419837554,0.35033416424660335,0.057818766471438916,0.29131700071291533
29,0.34504552583996406,1.8807104027830368,6.882839534801125,66.9367711021684,True,3.928277625543651,0.3212379381914031,0.08177577269553234,0.28277642179774265
30,0.4273403516726424,1.634762615048834,9.8945777783943,131.79128866690232,True,6.059132445316318,0.25841699727663575,0.04264917454913713,0.26235121722235544
31,0.43877646279522176,2.1816295068855664,8.498350693938336,82.93349641150103,True,4.8278578823233955,0.2855988331679428,0.05915642923409731,0.27101445728595985
32,0.30158121074774363,1.2403092665708666,5.809147035157316,50.948369594673046,True,3.004492970354983,2.711083255968012,0.9023430185119373,0.4296790637354344
33,0.3845856098031255,1.417489847646599,7.202045422542593,102.06397382580366,True,5.957350040377739,0.37482601370980406,0.06291824572491252,0.2984718671809219
34,0.4349585224668745,2.0196382724222928,7.661086323863749,94.14127715000349,True,5.496350413046297,0.28172930168475546,0.05125752190326777,0.2699544688687765
35,0.4474936340418788,1.7301319697542341,5.445310867725125,71.84427223764308,True,4.243799926900524,3.9032017093154354,0.9197421595146107,0.4719250668193373
36,0.37209975340091017,2.2500497682526808,11.793342155013287,82.06156974188877,True,4.680481508901955,0.21536977733167276,0.04601444892412335,0.2590941834074263
37,0.4154526925258741,1.6772337909400896,5.300868540379028,76.23967276526722,True,4.5037213878816695,3.424876652515823,0.7604548233670195,0.9728053095598068
38,0.37782307882743515,1.7668344728923457,2.2644571212943228,63.06474919581321,True,3.7671961455151686,3.619728531324558,0.9608548085912197,0.49653701535937333
39,0.4412210951283737,1.815505433023981,11.961365026928565,107.8804108628637,True,6.057083285365527,0.2832419297376189,0.046762099247001865,0.26928900164266745
40,0.37485084201959373,1.0788129911161468,4.603848930045526,64.03831643497207,True,3.79786831359911,3.5636529355926965,0.9383297790584909,0.4269501003002927
41,0.4423878375401017,2.003971808287103,8.170851051284338,99.6436286837571,True,5.799040258164723,0.2754607332864162,0.04750109001202103,0.26791074350290645
42,0.3341180431941101,1.8685353254536976,5.588545410809299,75.22182242918457,True,4.438371585700518,0.27197191009175464,0.06127740880641671,0.2694878617918386
43,0.44402824296730176,1.8850479673224634,5.314176960912089,133.87797902212736,True,6.059195753607922,0.23236138524779887,0.03834855229911334,0.2525943705262268
44,0.33402301674989976,1.2272557183269581,7.745541613668726,60.09131263912444,True,3.5072807775870194,3.014392136268112,0.8594670137421929,0.4447144199271742
45,0.32165928263827537,1.8588299150202265,11.817405708198066,94.04078319266762,True,5.37263110126579,0.2157146170576057,0.04015064741868903,0.2600547621046232
46,0.3572843789432706,2.3742537540526243,3.1881317113556316,135.54074899993725,True,6.05917737918451,0.168158449632882,0.027752686397755542,0.26343516696188196
47,0.4478965228830354,1.7573031546130577,11.61531593424733,78.78915632412475,True,4.497734365080562,2.237948885325358,0.4975724895405807,1.133124906197457
48,0.33736456557574507,2.4386266654959066,5.0342335784168775,69.9269329261329,True,4.135360784869547,0.19878092719034476,0.04806858156551762,0.26363763575322885
49,0.3586590524627208,2.297594078469372,6.7540178266714275,115.1460354347195,True,6.058817109957767,0.17999692231308617,0.029708261372877263,0.2654068337229232
50,0.43106392058874954,1.9810211301804541,9.737496294068988,121.27352461238519,True,6.059025974189419,0.22948483756922727,0.03787487271828834,0.257716386932318
51,0.4175288154155448,2.472077757977501,7.7093408889110675,133.39950535968742,True,6.059129529802874,0.18167031823914595,0.02998290717265065,0.2629899499401671
52,0.3138196442371066,2.0278702525512844,3.9615286878217857,109.05884975258505,True,6.0584651086871055,0.18455233187401524,0.030461895639109903,0.2589186653728177
53,0.4103730190696089,2.1423969066053634,10.291422964351922,105.3617457198238,True,6.046761764457775,0.22054933767506285,0.036473958503116244,0.2583089183542211
54,0.29834886009111766,1.9171571846472621,11.945362187244967,106.90710898127787,True,6.055062093987298,0.18647166418227148,0.030795995365173648,0.2645166167086792
55,0.28762441936119865,2.4171335619659864,10.731685678936183,121.05699695343289,True,6.0588533619316225,0.1510488532035371,0.024930270495171915,0.31175605910248816
56,0.375770652070715,1.028556393678016,5.099875702543069,108.9250160880953,True,6.058468834809627,4.517441310207559,0.7456407606245463,0.7827491303282637
57,0.33528111211550715,2.094920576947187,6.0792983020146805,124.00613985563076,True,6.059094504642923,0.1795785459414006,0.029637851960188828,0.26421222277787715
58,0.41081787028746786,1.1105529680850743,3.715334883891999,100.18380375879742,True,5.914161071547258,4.523271568552005,0.7648204899784088,0.4431929752463155
59,0.4215702725638678,1.3579114274130608,11.004910816080114,79.06508852014554,True,4.533694152614623,3.5735645632878783,0.7882235640502946,0.46960393189092375
60,0.327529498567735,2.385402387183756,5.663836796290168,51.281115368423045,True,3.0255545708453258,0.24338220211351946,0.08044217891780403,0.2680483475367659
61,0.3394484886552405,1.073599195784668,5.261984464213306,133.9964342793827,True,6.059209265517262,0.34145887131208325,0.05635370167115917,0.2848179254758847
62,0.3090381943563104,2.4846805884352197,7.516740344872101,98.65096292157114,True,5.747288941021612,0.16032902801569351,0.027896462081684406,0.2870482243849004
63,0.44647641876502353,1.2173141203277864,2.8038166881850124,52.756429357389045,True,3.151919157936575,3.0384674720779725,0.9640055216603733,0.4127647479958281
64,0.364760591655109,1.2894210414401095,11.429667205715225,69.14325048513096,True,3.939538152332483,2.9583834613197992,0.7509467726739056,0.46402505053244303
65,0.4124175752742436,1.9908815018571577,7.55344832663038,107.09852576301628,True,6.057879448049738,0.23675651265889172,0.03908240741487727,0.25896710570233195
66,0.4408267175098386,1.7093758512079487,10.553576399588309,106.87308739721635,True,6.056938027447917,0.3107886944102838,0.05131118941648379,0.2771466450185929
67,0.3078701833445885,2.4069841389877475,4.334723022954179,113.8471411338079,True,6.05875770834727,0.16063095371277586,0.026512193001458274,0.28579700261428886
68,0.41633546253572673,2.0585566421379164,4.121596427366002,107.58228662944256,True,6.05831953786746,0.23019181864143426,0.03799598505866566,0.25310427963131055
69,0.2865179707567591,2.3556216053222334,8.680624975288827,53.696699076793,True,3.105359206000043,0.19962565483856787,0.06428423946990083,0.2669086174112838
70,0.3997613046197289,1.0066138761928025,2.613816275644478,59.84377755908755,True,3.573918600571326,3.45353984004008,0.9663174308133369,0.4108319215210252
71,0.3178614452246019,1.8786878031807226,7.019753729400362,133.68318736376932,True,6.059143827429965,0.18275591615377676,0.03016200330588524,0.2627348790390167
72,0.309875480999359,2.499923746072822,5.530832707231058,89.05766171600906,True,5.238616810846181,0.1659962458777207,0.03168703722212271,0.28103771311540715
73,0.4380213884411335,1.4656756651438152,11.600782125242011,135.09938060852326,True,6.059135800639481,0.293811640361773,0.04849068415511732,0.2723538384448796
74,0.4006167364921501,2.081648480589795,3.036102612296143,98.48108825258021,True,5.823933396084431,0.23139167671921218,0.03973116809247549,0.2505558063097455
75,0.43412378530986084,1.0921490858436902,2.292319659820262,113.11185997084144,True,6.058910990380151,4.5227715163822575,0.746466076752596,0.6182934820737325
76,0.31741210636774964,2.198152900475805,3.763074552519498,100.86621965279431,True,5.943868443368196,0.17973699543560745,0.03023906015890156,0.26264791466964565
77,0.38384735061801245,2.0476451736917847,8.422610613629882,81.93123997841323,True,4.771072800407959,0.2588083165887394,0.054245308637212476,0.2653895952556833
78,0.3155952315550551,1.6034743661424136,9.47316803775087,139.17526269960143,True,6.059164523737392,0.1998633366263561,0.03298529621425053,0.25819514626688944
79,0.43475274555322324,2.445485692490908,6.888515617627144,132.8023013932978,True,6.059144909803384,0.18872176334983795,0.031146600082875703,0.25851248753229195
80,0.2850221104183393,1.3251393171787749,9.723358193974976,72.25090543445765,True,4.172655354813489,3.3800788610586316,0.8100546471348138,0.5273730574320994
81,0.40215787235845424,2.46726055949458,8.905978040860266,69.82102749757703,True,4.050765432355174,0.2370319970014674,0.05851535986463021,0.2617095680810966
82,0.3304362020015123,1.9545338832893633,4.401325534188448,73.84089179330934,True,4.375846216278058,0.2517299203983613,0.0575271405704184,0.26427161553361067
83,0.38177094215905044,2.2031044606987553,3.974339485813492,70.53735291167561,True,4.1879012976817105,0.2658188909313655,0.0634730553651096,0.2662697246707628
84,0.4136119168614005,2.3419557132787965,3.849577533905882,94.14788270797847,True,5.564436726593228,0.2172757546598072,0.03904721454040725,0.2537538691757959
85,0.2948633203259468,1.8985308398155682,11.480995579119575,57.353284309799015,True,3.2426423372417172,0.31278250020934767,0.09645914278520439,0.2854200190526526
86,0.3549034769511065,1.1051536638707626,11.810269864685914,72.89359774907723,True,4.14710087617472,3.102712173827009,0.7481641432095923,0.4568908939421088
87,0.2917648435488946,2.460928713101827,6.59191917149988,131.71229189131583,True,6.059012914374837,0.1483516889909576,0.02448446489344781,0.31888788699386694
88,0.3822069791980249,2.4583206771144743,3.887670074235094,114.5964815701019,True,6.058883501301098,0.17955115500071797,0.029634363321585692,0.2594143941333007
89,0.34640506651184944,2.159650566462616,2.132539233922123,71.70801829513148,True,4.276859230899965,0.23450196230511314,0.05483041401289415,0.2529753263404726
90,0.3636458449199664,2.3619101998086243,4.564414482170499,135.22605309446402,True,6.059162618220355,0.17043264100465857,0.028128084975332215,0.2672741420657996
91,0.42070408162077155,1.1129360437744071,9.11612839291929,55.054794586401115,True,3.1767124838302623,2.5434805288327085,0.8006643792219917,0.41836689945340355
92,0.3889416407905421,1.9248262250894788,11.631187339264645,60.24782592765904,True,3.4090743879222867,2.093482849446981,0.6140912785194126,0.9600220165448019
93,0.3475440436784894,1.0170141700148467,3.139211941756875,58.0933497482356,True,3.464891988695119,3.325850752584818,0.9598714082390014,0.4184133809155366
94,0.34299042916561306,1.220921571972101,10.793083400886113,115.21716414310951,True,6.0586953357949795,0.3255532027283033,0.053733218900267825,0.28130419822841457
95,0.3985279955894535,1.797297895009871,10.906098492530454,79.76842836961438,True,4.577078506329241,0.37410342268582375,0.0817341066290449,0.2993892090403971
96,0.41299300944475414,2.1190100263413068,8.111411198819981,134.82719624029983,True,6.059150509686564,0.19871406963281507,0.03279569789777254,0.25663624140956287
97,0.4108049293209366,2.125862099740607,2.776814630580044,102.50951352447493,True,6.043230583478012,0.2264268702247946,0.03746785218552441,0.24739195029143524
98,0.2921899980700026,2.369735427726171,7.679938486570556,97.09455569171712,True,5.655635050869526,0.16126744319521757,0.028514471274171678,0.2861944838108066
99,0.28689984104154836,2.2950284807309917,4.097707259591007,52.90509586428195,True,3.1444670792303757,0.21774924985295094,0.06924837957160174,0.26832843854478217
100,0.3129543361717274,2.2645611685783633,6.566093529822842,101.43002352150518,True,5.927131601259274,0.17386961415342814,0.029334529052212698,0.2726921521306833
101,0.3566702520540838,1.9368405999817693,4.75858045781068,124.70733965391526,True,6.059138141416382,0.19689741450555642,0.03249594412771216,0.2536302609482117
102,0.44293595433979094,2.1407506714521443,9.026671576319465,122.64574437429985,True,6.059062555882822,0.21878533871607025,0.0361087770093492,0.2564315555431489
103,0.4406423125382064,1.7110772249508275,8.549855002483977,105.33916273738814,True,6.056215145013465,0.3255945987752537,0.05376205946767596,0.2827516080842529
104,0.44777784314061087,2.178417424044481,5.764008978863935,101.2590212797791,True,5.939398990892375,0.24703623884352727,0.04159280075683396,0.2595916755445846
105,0.42571921713165717,1.969722877967129,9.099972850829356,57.01767539373435,True,3.2927787255696286,2.6427912820584694,0.8026021492231563,0.4759986052751559
106,0.35058349635989994,1.9023988886418555,11.748807235896864,97.66177660206846,True,5.582824718649942,0.2228388035437637,0.039915063569764264,0.25967859673029414
107,0.29402013528508697,1.2191492771097687,7.715361022849139,69.94525512204031,True,4.088010695618958,3.5614648418040167,0.8711975351778727,0.46925810242997024
108,0.34275565973336186,2.155121514836009,5.324799243502264,86.44091980501764,True,5.095588062133225,0.20647133475982848,0.04051962840053264,0.2595455197049703
109,0.362694381487259,1.8883716017573553,5.961274059358356,130.34164946699406,True,6.059153239469717,0.19920891661055323,0.03287735245131175,0.2549862335552664
110,0.3875376538565203,1.0006335902556691,3.4113268945403243,107.5013131329109,True,6.058393824244865,4.523599109959752,0.7466664005659266,0.45005930292629603
111,0.362256985506138,2.037467571477039,5.220098976075507,118.28248053773103,True,6.059033573455084,0.19580809072119582,0.032316719877414184,0.25584988765109395
112,0.31586536747322574,1.0617877682725543,10.5147882472421,63.415213442988495,True,3.631196934991424,2.79739575046506,0.7703784180660713,0.44199398598989603
113,0.34564468584576646,2.355120154115183,11.639541394970879,106.73674100470038,True,6.0548192957607885,0.17321655426015095,0.028608046879520666,0.2694817995572216
114,0.3355066976897379,1.3829060795181563,2.116079595258293,131.10636162460514,True,6.059227405967728,0.24481040659803152,0.040402907861969,0.2378599777220849
115,0.42411134488225355,1.4821411523090011,6.52526987773221,128.19643958153682,True,6.059159279443983,0.2971579714729076,0.04904277272938371,0.27137781648257686
116,0.32083586853665635,1.7269751680415582,9.516753834223772,55.2676732515637,True,3.1781520254187927,2.47625557886001,0.7791495054531595,0.49134959179671345
117,0.4278873826858568,1.659618735446165,4.2029798280462956,87.46366240717327,True,5.17503949905379,1.0054384125334555,0.19428613302706016,1.3628245609521565
118,0.3320098665102732,2.3828994290425953,7.943609622271094,77.52628829283077,True,4.523479277879332,0.19034777510267215,0.04207994851076443,0.2652761996657964
119,0.29101362822683713,1.8575417593397225,3.8718268544129084,130.12646850965365,True,6.059158288924679,0.17739138063498788,0.02927657146030255,0.25955931496733786
120,0.3489002534356986,1.7153367786049771,8.072058468757955,124.86573315899072,True,6.059103000228058,0.21332884058091686,0.035207990452198516,0.25678804251297027
121,0.3759619349140864,2.3354361999668827,9.372629336624549,61.284848320930806,True,3.536700774918553,0.2551642375894334,0.07214753348629263,0.2644182600696725
122,0.32857134107568464,1.7728256710746761,2.6314899890944483,122.19584231830095,True,6.059156598105802,0.20128788359647715,0.033220445838848804,0.24296680296904238
123,0.4008995431901957,1.592262839386132,6.51106283889007,59.20028850273802,True,3.4801364114337408,3.1055049748122445,0.8923515080067921,0.4551078141052116
124,0.42675832945340975,1.1862804906392943,10.143196713327749,77.6069267339927,True,4.4746525308807215,3.6459109714771145,0.8147919746428913,0.4490004336971931
125,0.30577738001647903,2.342585197834957,3.5253947140135242,132.05733651836675,True,6.059112192473014,0.15766665188355225,0.02602141153276796,0.28650029433836943
126,0.42590077661524706,2.206900097191927,3.953427746541279,70.57231779369447,True,4.190638090208516,0.3442356608063664,0.08214397268298539,0.2901662404349632
127,0.29636299796004606,1.5676631074567486,3.984639704264635,118.72211030550322,True,6.059086404343971,0.21164157805996434,0.03492961874718127,0.2515457314597467
128,0.28416027672706295,2.2515395414228996,4.913329349797492,104.57721524996637,True,6.056698589033008,0.1641964955494844,0.027109900407921647,0.2827636795554924
129,0.4137633190635669,2.183692980574956,6.904926585782199,80.96777719589657,True,4.7492172410667735,0.2675397069694136,0.056333432098237435,0.2671519592554512
130,0.3041521934179962,2.188470803820106,3.454231935504697,133.13296218164248,True,6.059143576839815,0.16306680189633121,0.02691251656746179,0.2740163843981769
131,0.3854748278327515,1.7744763104791912,5.235207854095495,105.66520409873374,True,6.057722440158859,0.2533635971534244,0.04182489370489879,0.2601898467906709
132,0.3843993710842349,2.0902667788675595,4.271561674754169,89.07325671355322,True,5.265851960251936,0.2359025661077753,0.044798556413744854,0.25780109653196837
133,0.3713420334559111,1.0362693335240605,5.044946361775121,73.75059240536291,True,4.362522023470925,4.063742933794833,0.9315123022718,0.4232060305087808
134,0.4197803674942478,1.1776271865218062,11.579170465660617,108.32736630692524,True,6.057553908127862,2.7683611543764566,0.4570097429363269,1.1458419697547169
135,0.3917759236947719,1.9790830229289786,6.960804651345591,84.24543552510531,True,4.938968294733453,0.2764421216488131,0.05597163317359019,0.2693267872826772
136,0.43426296434947165,1.2719138157900591,2.2080371364207902,50.53639778223592,True,3.0254774890765206,2.93730907470012,0.9708580167280264,0.4074743451214089
137,0.43506079693531247,2.4434246657295082,4.717653365329048,132.1182197161784,True,6.059170133883338,0.18925328624730597,0.031234192482727505,0.25413203541142737
138,0.3575896212345604,1.0383196722833827,3.7397767545551286,107.00452164717754,True,6.058290090622316,4.244285144197069,0.7005747629627108,0.9401514877131532
139,0.3651451749569233,1.0723823518431987,10.892067774134926,130.3928019510867,True,6.059122246737404,0.3629769791852069,0.059905868276656,0.294222689668465
140,0.34212785019656267,1.6575672494094582,10.525782058076187,124.22130850847847,True,6.059058180301041,0.21713041448242107,0.03583567082889986,0.2580305985146958
141,0.40888982233073856,1.0227473475584865,4.411185484904802,52.697385118322536,True,3.129755952168294,2.9357235100968433,0.9380039705853024,0.41515363373355463
142,0.35000883828728074,1.7855953544235537,11.628307717583514,100.00199845070208,True,5.720685018363257,0.23519510651511952,0.04111310197295412,0.26073538096737847
143,0.3236489813367701,1.8694235293079056,5.590739922415595,137.63728438326933,True,6.059187403970639,0.18334784143158364,0.030259476924485648,0.25938455954609463
144,0.33389768805927095,1.5065596570445972,6.365748628505831,56.77967341419838,True,3.3397105499403548,2.981512886253964,0.8927458956906347,0.4605151192293744
145,0.34676760055852485,1.1796014417192466,5.3294751014205195,84.40706513719843,True,4.980258779263032,4.5111113150421875,0.9057985769385526,0.4476998186029082
146,0.2871470262978331,1.9872768758197263,5.944112467087815,88.86475149639756,True,5.2241388831777416,0.19241120331160622,0.03683118071979094,0.264128025740324
147,0.3654087137441787,2.175231382651151,8.595362697707479,137.36983067022845,True,6.059140052561469,0.1787621049031011,0.029502883800735118,0.2657214510236625
148,0.4010988595188443,1.7540511421063316,7.619963427718535,137.01748900520298,True,6.05918279656871,0.2219193587130116,0.03662529521946154,0.25503085253956925
149,0.4212952421554156,1.290524672670198,4.5850909702622875,60.81708390306539,True,3.6079112062841787,3.3823444909008944,0.9374799704076981,0.43091298543840706
150,0.29347441200074165,2.054678925577612,2.6204833606401796,120.48256868239767,True,6.059098594094363,0.1707597490019694,0.02818236844147152,0.2596729963384581
151,0.4052081270459983,1.2064134961219464,7.265665992808691,108.80986531679673,True,6.058309678581168,1.7352730632785534,0.28642858410053207,1.2300253724949886
152,0.32634774485224555,2.3661699334753545,9.567234480987945,94.4755653915733,True,5.462114061390798,0.17334982796703532,0.03173676456014833,0.2710529143932665
153,0.36874256571508,2.240511566438926,3.1285588587725606,65.6719810926153,True,3.9116154608319755,0.2620466950789031,0.06699193663151322,0.2647652034134418
154,0.38321125139927553,1.9484901303540152,9.21438065112568,95.94315738678715,True,5.56079475895051,0.2421723411632437,0.04354995133986009,0.2615510986515295
155,0.38516392583416004,2.4216327251936374,5.315072299152526,138.31407619447128,True,6.059177302845628,0.17276831358029623,0.028513493655179467,0.26642034674841986
156,0.32505187705677874,1.6019413179983544,6.3610315892472,119.47618313274597,True,6.059055132020622,0.220563648015359,0.03640231739264661,0.2564023846464236
157,0.44349278575463835,2.036648455159761,8.1403764916639,138.07298376092223,True,6.059180188416116,0.2145250406829839,0.035404961399416846,0.2547875314218375
158,0.4307018574881879,2.32272047324402,6.894756507638431,59.175082296899845,True,3.4706566624538104,0.49607644434977044,0.14293446243658003,0.3523132563602811
159,0.3811775990215633,1.8814650563527662,2.916131396586242,127.2260544553375,True,6.059186815680647,0.20940105263573483,0.03455926661541829,0.24272251036552372
160,0.42460714832517954,1.39314934630592,8.714755181450883,58.49444591823014,True,3.3901214699135673,2.794455193344951,0.8242935299354323,0.4373407514457175
161,0.38067213868926314,1.8228564060215313,8.879977499375302,130.03184167960478,True,6.059122663252202,0.21220855680430833,0.03502298411803509,0.2564795683082304
162,0.3187874305710541,2.2172277945331533,11.352993222212232,121.14969643033773,True,6.058922551619705,0.16588819295221358,0.027379157191548424,0.27657078483323083
163,0.2857229129112473,1.3620717562274796,9.530736094351841,95.47933858594658,True,5.526508100298883,0.2870431653633437,0.05193933676634255,0.27208472723614374
164,0.2880874657029528,2.031025792261661,10.972048398745583,134.71713769695134,True,6.059065833795273,0.16221015831221655,0.026771479756411802,0.2819089261634775
165,0.3990616398706859,2.3433350818283714,4.349062031590302,93.15118347839439,True,5.499512921764356,0.2104206328902311,0.03826168533171186,0.25548649175889704
166,0.4452959362102237,1.1689617706392688,7.045962841970119,109.130056548347,True,6.05837225588208,4.521857213262323,0.7463815398388647,0.6402612494476747
167,0.3146548092251541,1.7834440435366516,2.8543158936098516,132.41413076316695,True,6.059198454226445,0.18882361259787597,0.03116313387394775,0.2458455624087441
168,0.3281102056968327,1.1742243392424094,6.022023935797933,56.91234339081852,True,3.354037810628842,3.0318910792990246,0.9039525641872777,0.43527832372521
169,0.29437219960537575,1.3746273125529023,11.409328165433434,62.98855796915604,True,3.578010522796611,2.6146729091717127,0.730761660009892,0.47636137144372315
170,0.280674290833148,1.0140985157217335,10.149911656095,106.6346024037575,True,6.056952051824633,0.6376237905498113,0.10527139476987103,0.793372621389683
171,0.3816910640774791,2.170492530653216,2.677898091142474,83.256835582722,True,4.947847385023332,0.23438341271103236,0.04737078460028676,0.25282221672231
172,0.43625108313466615,1.3835943575222913,4.51357729562444,96.80463514405523,True,5.710234873051775,3.9797260094970275,0.6969461148224373,0.958169181875201
173,0.37433001674506516,2.4637559929521125,10.450454675927885,50.83117060751217,True,2.888887309754732,0.2901527309353515,0.10043753868681904,0.2753482755231351
174,0.3494669029742995,1.4023069414043772,11.301732803954952,124.82152775188183,True,6.0590635622056945,0.2606498552482845,0.043018174767818336,0.264361189331372
175,0.28890448337476177,1.4265081307396235,7.569222792179582,95.68065585356192,True,5.5868032411951045,0.27515807893216143,0.04925143540106145,0.2697051030483295
176,0.29553092401067377,2.166578882954189,8.881040127874293,121.4247279150781,True,6.058978445352785,0.1621135688429909,0.02675592433693694,0.28212434093528715
177,0.32475773716802037,1.63189280701856,10.220026491255325,74.62964311353595,True,4.297445175934733,0.34716910324864575,0.08078499876921254,0.2912194741585914
178,0.439645755732335,1.6353230845230855,3.091062050818853,111.77666692947709,True,6.058784215566362,0.3316861603524583,0.05474467294944799,0.2757354890136616
179,0.39801721548763236,2.086673579382014,4.63673538936718,74.97700927573155,True,4.439450763618646,0.2991925512096422,0.067394046502673,0.2754785819472634
180,0.4025264177745345,2.1869252706303492,8.944820786242909,58.64181014649519,True,3.39240003603972,0.5512893935787303,0.1625071889287869,0.382983964491999
181,0.32138624477184896,2.4114691906800214,5.028769666942475,112.63705113047368,True,6.0586599079026024,0.1644806670807282,0.027148027712562,0.2804816745577763
182,0.380856314983395,1.2216129341490571,8.138437150254857,85.72770677828413,True,5.000166283105372,4.339949056228299,0.867960945797378,0.454774972830271
183,0.2900205139686988,1.0807116217165076,2.7296973577458674,112.65358146234756,True,6.0588592653317415,0.3953171558539273,0.06524613603684397,0.2981650494442478
184,0.4167474032539704,1.1122734463234123,7.45802937111411,52.096252566511886,True,3.040883260072036,2.598568169723252,0.8545438767227435,0.4153104718414631
185,0.34128485883984766,2.418165947221751,2.1506861771812957,103.36994451218698,True,6.0560814114817605,0.1740434422249722,0.028738623277917336,0.2551975347878117
186,0.4292168057747559,1.2741328734951196,9.358334529194947,79.63559028409341,True,4.614858259387782,3.8732992500979306,0.8393105556857929,0.4511976400097266
187,0.35719865060331024,1.7373690972203386,11.203698257282923,126.08048793015644,True,6.059066437745868,0.2136271595424413,0.03525743804550792,0.2577804411423146
188,0.3924343889574926,1.8823901024495866,2.766583708211706,86.84472862060414,True,5.156659903539431,0.29422418596785793,0.05705712447041702,0.266200930556169
189,0.32655188746192537,1.6023022115368082,5.2147571535507655,92.63926536776422,True,5.457986423590125,0.2731034015253544,0.05003739114208238,0.2672120927758983
190,0.4124545175664643,1.3733871594913318,2.9497631298999725,54.853780758276265,True,3.2748186649322224,3.149038743857327,0.9615917905862129,0.4235573170107223
191,0.4263769000285499,1.5452430551636342,11.539058390125945,132.03359224191945,True,6.059116924308201,0.27355553031989266,0.0451477556444623,0.2666251062382021
192,0.4023905964952572,2.189784888035029,4.738791805456304,61.53938545773062,True,3.6476193908785617,0.37082550657531826,0.10166233557772639,0.29972833635563845
193,0.3935948333924649,2.3486129235001827,8.11997629303544,136.8115983743296,True,6.059141849130381,0.1788470349101488,0.02951689189052692,0.26515914425977627
194,0.3798223748776537,1.0898779423854212,10.841135313059324,72.14650288061942,True,4.134406758960288,3.2309500346520643,0.7814785102239377,0.4494951705064225
195,0.30386338760388093,1.272310904739323,10.577727712848507,131.242845899555,True,6.059120188910517,0.24661570299044372,0.04070156974964832,0.2616170035888721
196,0.38327630478964253,1.4422288479410206,3.6759342032708995,119.28567203969773,True,6.059120667292509,0.2946379541024961,0.04862718045754876,0.26494437617130684
197,0.3866070668506095,1.720299449560853,2.953918221523873,104.88136882577948,True,6.057717878506022,0.2670117290654797,0.04407794064046627,0.25582550351893474
198,0.3431280009710791,1.0801914187051898,6.534850826149502,94.98440846050667,True,5.570320997545181,4.522712943472197,0.8119303978110667,0.4648359196838783
199,0.34230338209743555,1.1206258841818137,6.441374083395745,101.08813589439424,True,5.919429812830225,1.7554926745030708,0.29656448847456246,1.1150650775430226
200,0.36281222066715113,1.8225121351216527,2.5105499027144114,73.68827762533871,True,4.3904472748401355,0.366946602241478,0.08357840995934503,0.29390182422888644
201,0.28202928776095154,1.3696422110039084,10.861534522865352,136.57221752286011,True,6.059137735849097,0.21345050048970687,0.035227867362515895,0.2585087958195449
202,0.3779618801203656,1.0772561691430536,2.869979961976333,91.8942539089146,True,5.449817701451098,4.523291949242682,0.8299895880991187,0.42263312381395624
203,0.33482558781053595,2.0960615208743993,8.889365450122408,58.824621401011065,True,3.404239141360637,0.27788093684082354,0.08162791311122684,0.27147867557971495
204,0.32727016767448913,2.2850978496901666,4.816891039850696,134.09270657638245,True,6.059135915115675,0.16455288115975616,0.027157813170892484,0.2768469346276268
205,0.2964857058258084,2.1478040742933318,9.663526224033987,64.46013705290028,True,3.715051417456263,0.20754006059570876,0.055864653614353936,0.2623882356288325
206,0.38549891915996837,1.0427363795920643,10.457021431126572,65.82959237571409,True,3.775122956485184,2.9445885789792063,0.7799980591150748,0.43808938582612544
207,0.4313107194776782,2.4428097516200786,11.011946149333824,59.470090662195965,True,3.3826653148484374,0.33921229229613953,0.10027959041858038,0.28787460210163474
208,0.355021325847495,1.4479917844273003,11.196371151826423,126.69948779921063,True,6.059083864688138,0.2518603752668947,0.041567402084449936,0.26224538840237877
209,0.40140053410983934,2.005012437193005,5.827903638060496,51.91184376266515,True,3.061020067936867,2.754044454158038,0.8997146026599783,0.4722748755137416
210,0.426878940060375,2.055402978582767,3.36739884966477,82.47164173563377,True,4.894959926513236,0.31568356616923254,0.06449155272127005,0.2766882073604888
211,0.3805470038831374,2.1850827576837437,6.998024963799797,118.18928382808059,True,6.058982582783694,0.19252393756991337,0.03177496137997836,0.25897825400861585
212,0.3496873031967087,1.0825288377778441,8.18410779119089,102.64102061031953,True,5.967786391640925,3.782766207815002,0.6338642102059016,0.9896872080905785
213,0.4345419864568526,1.1380655629418936,9.513939262962383,132.19385896003212,True,6.059149892452126,0.4557939769521639,0.07522408011723654,0.3310641135794281
214,0.30637265293311217,1.157591225699642,7.468104736524814,82.55673412309177,True,4.831014083267133,4.251060030727191,0.8799519019104725,0.47181384138387816
215,0.28452695410510587,1.8972016480175105,8.96608519934987,78.45935297816112,True,4.55401144349407,0.21204328551507462,0.04656186927637235,0.2626812932982081
216,0.4490561077167716,1.6495720200318416,10.325672137303394,64.99408561538817,True,3.729576172766934,2.910743124170493,0.7804487666519606,0.46158200644697
217,0.4459115116894413,1.048596701974689,2.5462819981744618,89.28395869574382,True,5.302387620242785,4.52320004278397,0.8530496762469552,0.39934251177036995
218,0.2926667659061349,2.003217141489733,11.871403437331546,70.88505930101803,True,4.025173734878717,0.21101298822861045,0.05242332434005324,0.26123853584608403
219,0.36012145645950727,1.3357606506335502,3.6669562943555087,139.61385547818134,True,6.059256964386168,0.2556802529365387,0.0421966347423987,0.2509089756578886
220,0.28659522310190194,1.1817986689330993,2.9803230931521676,138.1339561884518,True,6.059254444011205,0.24477193604252429,0.040396378515586175,0.24553190601509822
221,0.3425432769146362,1.3267170955128378,10.958029465087035,120.77910010881382,True,6.0589910885904565,0.28286345465002294,0.04668491016312542,0.2702073057251848
222,0.3670261559224529,2.3194865784449545,9.063302611228956,113.13702957236649,True,6.058561657127615,0.18250352517978075,0.030123243025029525,0.2652357989540599
223,0.4162342942766445,1.3479258066211715,9.916232477184998,67.0153533776637,True,3.86035667246705,3.0934229746752853,0.8013308709887581,0.45190772723844486
224,0.3947263603646659,1.5360984339237658,2.3940711693256445,133.5415094464385,True,6.0592370429025975,0.2507544914206023,0.04138383919380082,0.24106158747314588
225,0.39964018458549405,1.044055420120109,4.049774134415053,115.18333288968532,True,6.058975882416204,3.3199350487380763,0.5479366667183612,1.1016714282433187
226,0.32615845675045096,1.9490106105994354,10.622522467216857,121.99501885666866,True,6.058996680988978,0.18655567194452471,0.030789862045950852,0.2636668221257161
227,0.43399854291530326,2.319028919537819,5.626175982236964,68.5905480141231,True,4.0489314506350755,0.31934052380493094,0.07887032114481522,0.2817514739275966
228,0.37435836044244686,1.6330115735438118,4.305088166584477,62.33211503902544,True,3.700985279692443,3.474116991072559,0.93870056985508,0.4713576791929288
229,0.4272138951180573,1.8181466548480543,5.92347766736762,110.2751195785671,True,6.058537431009348,0.2695101147039124,0.044484352498093294,0.26415958865358036
230,0.34323175687946006,1.2078656522816484,11.126916219104613,123.0105936018964,True,6.059046380250879,0.31144193392956815,0.05140114704265932,0.2779501878819146
231,0.42236094853751377,1.8360600583942,5.209198439875089,86.45666300789924,True,5.100708906712595,0.36614677083831493,0.07178350647621967,0.2968846338912292
232,0.3736203406318948,1.5896986529293602,5.98351983568545,103.84829363133103,True,6.054432865238835,0.2909361366446786,0.048053408654520076,0.2713627491522752
233,0.29144058732802375,1.837179988771192,10.986138235061627,105.83569339126187,True,6.048184955973882,0.1922426082001161,0.03178517350238028,0.2634177810251104
234,0.3998549691971773,1.6201595084969171,8.575519389587882,78.43548219594575,True,4.56458495909725,2.4427121103896603,0.5351444068362268,1.1577152256753158
235,0.4277925141160521,1.6308651410979491,5.859102539638269,51.19638944309105,True,3.018323813641411,2.719901129892334,0.9011296659422869,0.43256958278012236
236,0.2986617619595048,1.5090660557702327,2.9064487739933202,51.5366899407769,True,3.0781889749121887,2.954539844080713,0.9598305588645665,0.4475756386962302
237,0.39544066111311227,1.8052455083906975,7.222345748028561,55.928821711826046,True,3.2723881040784533,2.834140803749873,0.8660772236085376,0.4683792365348989
238,0.42702919229736824,1.4431290594528612,5.000299904945962,74.80004050271275,True,4.424524405377496,4.111863754864274,0.9293346308287463,0.4442414916025852
239,0.41287392450936716,2.2116117538590343,7.262546960422441,134.3961614450218,True,6.05915412259237,0.19317270402874792,0.03188113392073615,0.25732073406418365
240,0.33783939171884597,1.9784240776864768,10.52434122583554,121.40934512662092,True,6.058987463045875,0.188956792914555,0.031186199685510778,0.2624403013419392
241,0.36253905877415316,1.0183884769303102,3.4302339723754742,122.93763904050306,True,6.059179131952323,0.6480592642083349,0.10695496041549184,0.8070417485739956
242,0.3341828745930766,1.0313442120599863,11.298734076969367,50.71864754395575,True,2.8571831517538357,1.9685236236350774,0.6889735515998444,0.3997902552548682
243,0.3014948889685871,2.020812363694278,9.968392335042587,53.21263418546384,True,3.0436707680910993,0.31600973416977984,0.1038252026082216,0.2882310932762442
244,0.28914047379878094,2.020449661566066,4.50234056954327,68.57657424749232,True,4.064605095580533,0.21860617194294724,0.05378288094472915,0.26317380230273635
245,0.40163596866862583,1.5941362690984722,9.666291926836342,109.64890583163438,True,6.058213747458305,0.2977222083283852,0.04914356289480429,0.2742435790342257
246,0.4329870054446193,2.122809500606295,6.263293064663092,67.18774519896364,True,3.9553253186076196,0.5107957821087374,0.12914128193342925,0.356175219367044
247,0.3901308956874711,1.1914041572271281,2.166886456275059,78.85621226368647,True,4.697873378726433,4.488218635132065,0.9553724149859475,0.40485536686695855
248,0.29591254099237174,1.4910910340416896,5.285381083419534,68.65529046786858,True,4.058728374935719,1.5453034282682383,0.38073585751909605,1.2279173375405472
249,0.3331556838398126,1.04124826842056,9.445033157507943,115.10235966263161,True,6.058761395544504,0.5778471002103248,0.09537380043308231,0.38559209652181803
250,0.4368197246359441,2.4471563034688475,5.12435484971409,92.0231452980429,True,5.422857855664897,0.2239522178781766,0.041297821893713976,0.25688658363976913
251,0.31309625596089247,2.233455304456322,6.345390737749225,137.82563795774263,True,6.05913124982937,0.1617854933831273,0.026701103955733475,0.28443974149470685
252,0.3623882746890874,1.3521541754273838,7.641700243494354,83.67801370894779,True,4.892306118266937,3.889298497081079,0.7949826529781489,0.8168406312655705
253,0.3195698133623155,1.4470374541790316,6.193286431786226,112.22702440244379,True,6.058682670692178,0.25424783661628686,0.0419642107757461,0.26181668263703495
254,0.3839823620048252,1.256615494329019,9.1947987313003,139.12476652902097,True,6.059189249025761,0.29370966877263205,0.04847342717012128,0.2718934243973825
255,0.3210641385463766,1.913687786035808,7.470040961417513,99.25108637847812,True,5.790532981833263,0.2048794292840623,0.03538179126633662,0.2600512228524745
256,0.3552539003639019,1.7790231397891465,2.75026232200167,94.80351490301496,True,5.617216570837105,0.2524311975558687,0.04493884014841361,0.25373547163587107
257,0.39332722658942165,2.1764476448469106,10.237190905349685,126.82760978592403,True,6.059071482635593,0.1925241083957668,0.03177452336509192,0.25999841524765444
258,0.4097517405971012,1.9240696852548178,9.277903495060361,125.21088176908356,True,6.059088747202185,0.2201338541203126,0.036331181685028226,0.2567528499310936
259,0.3223008991931695,1.6446938824988269,4.167799749458832,90.22433868417595,True,5.334567578047308,0.26480091106140197,0.04963868339602721,0.2637600328658656
260,0.32334220348728,1.83199938255764,2.4617224113082847,74.72016906286055,True,4.451088841169305,0.27157890414571617,0.061014038100927266,0.26209163438436356
261,0.2929183198521459,1.900505089867996,8.149010950763705,129.20998318598552,True,6.059093902221718,0.17568306891509156,0.028994940786554402,0.2697108907749892
262,0.33466684641588135,1.7468149897170804,3.72666075420576,90.04417867384439,True,5.330059712320578,0.25301647975538843,0.04746972705963011,0.2598197584388662
263,0.3157616120353239,2.456396009127825,6.333582396167003,67.83463685536928,True,3.9894863253788824,0.1877656259274309,0.04706511330367795,0.2681590598334922
264,0.3273526222126343,1.3028481081940568,3.5372896048252462,105.27343740044404,True,6.057829589099325,0.3444567887639546,0.05686141937432219,0.2842009259761036
265,0.44073900159017876,1.5792924546378346,6.198724465344863,65.40685348293887,True,3.8521917996235366,3.488603712359052,0.9056152688710835,0.452243923748366
266,0.43339775825125737,2.0627679037069813,3.153001619324182,92.22415575256576,True,5.463942394075167,0.2773283043847502,0.05075608130229768,0.2619575771788494
267,0.29266302565550056,1.520199953915399,5.905624461933387,52.042539765000505,True,3.067458967932221,2.757722732346182,0.8990251413876834,0.4575927143127343
268,0.3811122648546564,2.232298046875423,10.250730078119265,119.37550029467796,True,6.058926148037125,0.18897562878886223,0.031189624064007375,0.2617795984277289
269,0.3088537133858265,1.2898826318079306,2.196838987499426,139.71496499298686,True,6.059271569990949,0.23472107814027218,0.03873750754178902,0.23555850740690376
270,0.3732242425749349,1.1650654961235585,8.405380627502508,74.48705047014072,True,4.338398295075022,3.730746586586498,0.859936394226797,0.4483648759506793
271,0.307626852623385,2.2316912563556652,5.52617666385719,98.83568344586168,True,5.801690976834877,0.1755292076170157,0.030254835757001313,0.2707419234394899
272,0.2984041483513699,2.2634076608541145,8.363798868619256,100.95598313625382,True,5.859950607887825,0.16620748623354592,0.028363291323619904,0.27793822665040047
273,0.33684040778843133,1.4513066436927233,5.07207019312952,63.03155079252987,True,3.7311414264416114,3.4553558851024526,0.9260854763143687,0.46587695705411303
274,0.3498513971882525,1.9751379579874353,9.840697150403528,77.0374535216145,True,4.448385542796156,0.24919581239404967,0.05601938276182122,0.26326173457648716
275,0.376729361902212,2.096997902523603,6.341012445821596,112.91723717601946,True,6.058703009998082,0.20107508972584767,0.033187810888573546,0.25710814569003837
276,0.37722824202904015,1.1599192480741127,7.809421479163453,77.34244718344296,True,4.519452372876938,3.9626858781902867,0.8768066463034256,0.44450309573916336
277,0.363470118191224,2.0093555568825767,9.179230182087112,73.47097398503539,True,4.25804332514911,0.26542502134463314,0.06233497432423104,0.266082654482521
278,0.3763373281752926,1.84455032441319,3.230095894272335,93.60186617135338,True,5.542320401475251,0.2610355042325954,0.04709859505111129,0.25838589236730547
279,0.40901827021102544,2.161906946519578,7.163646839238646,93.16018179232222,True,5.45004455410518,0.23607063072327733,0.04331535795344278,0.2600129011458647
280,0.35567860647313554,1.1026661163982145,9.18583735357538,101.20206396289964,True,5.863195789012234,3.6903410820594282,0.6294077862750572,0.9855349839182623
281,0.34872900289145226,1.1518358613035806,9.702496169254598,97.98412266879733,True,5.66636836762757,2.74797312975194,0.48496196354817617,1.1474517202984598
282,0.37879952162753616,1.257255968495854,8.970002890453879,62.8917593268814,True,3.64311712243701,3.006302511348576,0.8252006208731368,0.4448201377305021
283,0.4153119080776083,2.358454117525773,5.280116679608917,123.69567531255669,True,6.059116727139516,0.19131532665042872,0.03157478808643911,0.2559777513079551
284,0.3984507972447038,1.0859314173063883,4.539742904227215,108.64974810059493,True,6.058469546510274,4.518324795804954,0.7457864995636637,0.7831720003991802
285,0.3809499662959192,1.4839094020940264,10.60083939962359,105.40304461460309,True,6.044433196058545,0.3115088497100183,0.051536486483653596,0.27713285939906473
286,0.3233995833901666,1.4115088407383194,9.556255896101664,90.86893747547708,True,5.260718389479811,0.33711154328212495,0.0640808951028947,0.28624178084928964
287,0.36453324311705676,1.5693302267353477,2.279280456519607,108.50544190491534,True,6.0585518575440345,0.272293350160483,0.04494363613004759,0.2510523507716371
288,0.33932183190519744,1.951634855858459,10.58733079993363,62.86696166839157,True,3.595807699251549,0.3131723553748624,0.08709374403977381,0.2808595939802885
289,0.36848051139638105,1.4522496109418759,11.762818416701528,85.47014192534185,True,4.881536228465988,0.8035728059000187,0.16461473771598734,1.0408028083819705
290,0.43988203874022624,1.9310108067951506,3.5758843634129187,132.702439961814,True,6.059210696237299,0.22677809992715303,0.03742700349865365,0.24596080430449563
291,0.30701751658254023,1.2093543992697846,2.8458843769502495,54.07074762051811,True,3.2293757155094176,3.108410520587887,0.9625422355346941,0.4269850814458507
292,0.29880036801026005,1.6239304329419317,9.458027592410305,61.84679910997521,True,3.5680968529474297,1.9633433120466202,0.5502494447214342,1.1298655035547158
293,0.3718631165834575,1.7981857533141747,5.182479106978046,52.39623803054233,True,3.1003171522798847,2.8438254419526987,0.9172692025593029,0.4632700485451564
294,0.39063050223078216,2.2739740717448336,6.673904053917607,94.45062292963541,True,5.533513879066155,0.21065725255235476,0.03806934565562265,0.2583446310723043
295,0.37199112328110145,1.0869108172389745,2.2895700882494454,66.867066888574,True,3.991973653718121,3.8618065120080627,0.9673927853735155,0.40955311757302626
296,0.3025100955465264,1.4291326692828947,9.728007466882628,61.74543251941878,True,3.5550309838575114,2.8158958139923844,0.7920875589491762,0.4793481864878766
297,0.3949933370430878,1.91600984513073,8.377756352463994,74.55231868204862,True,4.342048116552647,0.3441294789332659,0.07925510489425121,0.2888230853620253
298,0.39323061784308044,1.9337683032656288,10.34563570520613,126.58134646944342,True,6.0590813579691005,0.21048135024726042,0.03473816207640594,0.2572018509416849
299,0.44879123217669725,2.4087579445906786,11.34855458209181,120.39193736911487,True,6.058941881865528,0.20325246836053265,0.033545868622517946,0.25772927099925313
300,0.3871368542446812,2.412586818423632,6.255857265375806,96.90302602527157,True,5.681252165275977,0.19550511089704775,0.03441232763649926,0.25991678313926947
301,0.32904274088997526,1.0239629056471404,10.17699220773772,91.828121356597,True,5.299431748054744,4.36115845316861,0.8229483198400386,0.45786569091169094
302,0.33871288430429586,1.097936007934514,5.291210448406336,53.517802483190394,True,3.16539825044492,2.909001429518227,0.9190001381688214,0.4242106220215196
303,0.39453229603922935,2.140460972889357,11.613646516192524,72.02651366881538,True,4.101622154651472,0.27406721795415717,0.06681922605751225,0.26716195925167296
304,0.4067932462824221,1.7503269286472145,2.6166167380874517,53.68702643550863,True,3.208701023010414,3.0932849692257736,0.9640302873477578,0.44270882907123577
305,0.3428999092654731,1.0073407921458695,11.645527442511407,128.81091691565473,True,6.059104411896122,0.39109139269778515,0.06454607250700899,0.3052010345002696
306,0.3623503833700854,2.4138323020286325,4.172650220298563,53.75857587094946,True,3.1947420205140267,0.2758900717949304,0.08635754312034884,0.27358853402411043
307,0.4015554789347734,1.5422053849808626,11.308924108626858,113.28864029036805,True,6.058503750172767,0.2955696310521889,0.0487859120403714,0.2730357762369824
308,0.4050183836466855,2.2009903547430936,9.468929538553315,112.45553793632305,True,6.058510488819943,0.20549089925273226,0.03391772608662383,0.2580810784628129
309,0.31185740626143055,1.691182949474296,10.859119308504134,101.78893885887845,True,5.845583232421474,0.22306514251431797,0.03815960420803306,0.2603960524680575
310,0.3894068760396714,1.712259702097302,9.14319620656741,60.21251283157245,True,3.480360646734049,2.818558147599192,0.8098465744474243,0.4758844241919178
311,0.4309296235820023,2.316801394617009,9.22694757466329,90.85075743660474,True,5.267244140683806,0.23620877743859792,0.04484485076629327,0.26038408704169047
312,0.33508948893648965,2.3493027500343104,10.879500844714116,136.71016686696703,True,6.059069728314643,0.16002648099699518,0.026411064432742094,0.28513146850323157
313,0.43885519725276056,2.285785323057767,11.169390155178952,124.52664279569314,True,6.059043496202523,0.2043005866109204,0.033718290145790315,0.2574591878256469
314,0.42443588692123024,2.315635143356322,2.2223696973655698,103.55014952548163,True,6.056697721614168,0.21409661738623822,0.03534873741877602,0.24148682879667538
315,0.40987624511624976,1.3154490512768604,10.318380316655311,68.67731095255793,True,3.9464576281558332,3.1216964087058034,0.7910122704559638,0.4539290016532269
316,0.3046009668185277,1.1336453567759164,2.7841482940317075,133.7009614635245,True,6.059236189298954,0.27787224809129935,0.04585928645297599,0.25242256499146576
317,0.31718761563851555,1.4961297459427971,8.615145576357271,74.19286704374522,True,4.3153853622774445,0.8492748322544,0.19680162047131644,1.2049652727150808
318,0.36080121037291285,1.7180614354728962,10.719359736947261,80.90055114681147,True,4.648598081909448,0.3155642439552878,0.067883744388086,0.27909429559049137
319,0.3168735772925922,2.46992253739067,4.880669276968345,60.458480097524266,True,3.5800540704127997,0.1986653834571403,0.05549228574478851,0.26630498951029935
320,0.37159951281272013,1.693443497966975,10.397842404981564,122.6015082868035,True,6.0590404530883575,0.22938819481688352,0.037858832036673715,0.25848721969142696
321,0.39441622460172343,2.488800415285257,3.5630425401023467,87.56018318931811,True,5.186501758690108,0.20238269369856143,0.039021040214526945,0.2552109125166444
322,0.3538266610474843,1.8065740493271787,11.787690910442752,105.63535609655824,True,6.024424892082987,0.22639480451471383,0.03757948826156521,0.2595555468839903
323,0.29771787608301276,1.6050094633399794,3.5432713459711866,113.2529633245598,True,6.058847189113073,0.21328305618351268,0.035201920353223864,0.25065752873956315
324,0.2904469556196988,2.0603754530256895,8.481384430989273,57.49749064798151,True,3.3356352801506572,0.2381603169980833,0.0713987882354232,0.265863806281855
325,0.3081167641873324,1.2673279956920689,6.246222302287633,59.52841599369446,True,3.504524019916369,3.15373037240679,0.8999026271425157,0.44985444331927305
326,0.4486547228600365,1.6585543713552813,9.257013027354631,74.35989735534538,True,4.309058198258595,3.5879939591968375,0.8326631468210017,0.48188500043198834
327,0.33210053104082254,1.7912908600817334,11.043037576328675,89.60342448197545,True,5.142694653925962,0.2395867943373635,0.04658779306573482,0.2618484257966327
328,0.32024078691039626,1.7604965359008675,3.4598072900033827,117.87438115374486,True,6.0590677636863415,0.20237697984715017,0.033400679401549366,0.24958581283643744
329,0.28624217321882434,2.4602301006720957,3.8012827001938883,110.3966534598319,True,6.058449515641964,0.151952276098198,0.025081050144245835,0.30104017789071236
330,0.41604280451399267,1.712900681919732,7.929972634455827,132.9446007629378,True,6.059158902755389,0.2384330280177591,0.039350845859040307,0.2573471355628252
331,0.3517968891343266,1.2985909272851632,10.518134697062209,59.87457149402162,True,3.4222577242418635,2.595776776934776,0.7584983324158677,0.44403072061050297
332,0.3045420209480031,2.3041295587655615,7.766125460483094,105.77765342845193,True,6.056866699495501,0.16450427449174446,0.02715996284109185,0.2800853060673596
333,0.3477843985264811,1.7530259380348887,3.2751821004388892,125.74149610452339,True,6.059173893535122,0.20829084063035946,0.03437611203939812,0.2459347425060523
334,0.434514053210115,1.3715542954792739,7.505609262876723,126.9331491228598,True,6.059142333252079,0.3563623054054104,0.058813984852232826,0.29349745348694567
335,0.2918914059758955,1.73139177782332,8.19259118224319,95.15460232938383,True,5.540507028017572,0.21552133456872127,0.03889920786651112,0.26094790321620653
336,0.425351517734813,2.3832945914271297,9.337875103071669,71.76335070344687,True,4.153772671502225,0.26333944531625897,0.06339765464849606,0.26504380643649617
337,0.32390950236012445,1.034411200687616,7.751026247207912,110.98230274138157,True,6.058521826353013,0.9993650119574071,0.16495195372746305,1.2517313695756718
338,0.44394082624356124,1.5382721525361926,8.100628328718326,139.86392133400125,True,6.059205988022109,0.27283545290447625,0.04502825179467734,0.2645209347197426
339,0.3516957611172798,2.365402243213989,7.441549366152108,124.46764737349326,True,6.059059783735017,0.17053811015388992,0.02814596921649191,0.2735170097160071
340,0.34607319188703245,2.491467449494094,3.391906426109152,54.948195724555724,True,3.274324043681728,0.23185532793485317,0.07081013511239087,0.2643347052244547
341,0.31863575318823933,1.0903583118295133,7.168928367985725,127.21371693556193,True,6.059147760054662,0.33382681973228756,0.05509468211570334,0.28534875866693943
342,0.345348979684244,1.1077418941914525,6.644515949253475,100.22237060919218,True,5.866941228561608,2.994075593950391,0.5103299108186986,1.122597204172235
343,0.3253555755047729,2.26164327279812,8.240127914384455,113.94136691239987,True,6.058644386837231,0.17150931528611502,0.028308199711923894,0.2738100668156145
344,0.35431960809522556,2.279596443184944,5.346828827830166,73.33569382453892,True,4.331119694386809,0.22014715728528494,0.0508291556962969,0.2610575230325032
345,0.41944835850960077,1.2152230758354945,5.157326996243554,119.7052905651446,True,6.0591062059048415,0.5121250518701072,0.08452155061600022,0.3515704860251607
346,0.4078435098602924,1.0959697005783684,8.601471014981854,123.87642058099864,True,6.059107586738745,0.9791733760671882,0.16160356323928862,1.3592469816954527
347,0.42399824592196045,1.349466163940718,6.755320629489945,118.54231359152955,True,6.059038313266917,0.3900071130018949,0.06436782420535818,0.304791554982041
348,0.3913400121275086,2.2052051317470123,7.245826461678366,110.38299090480615,True,6.0584422702248135,0.20099652828811607,0.03317627193972711,0.25798809175235826
349,0.33307953365699705,2.338813191356591,5.007162759432253,63.302124501433724,True,3.7465262446465983,0.2185419093212902,0.05833187733131835,0.26324818216817647
350,0.4261621736353374,1.8444526621219721,9.245156238393193,137.10602056167136,True,6.059164071091692,0.22441538291137225,0.03703735041308081,0.25609664567120616
351,0.3008089041032078,1.4235354645236198,8.900178134025541,69.70575712759305,True,4.045265833768039,3.096094526317035,0.7653624393413768,0.8249706536184225
352,0.2814562792415574,2.2729691170791986,5.725849904104205,115.29608461068345,True,6.058793078871743,0.15624497714550867,0.02578813554309472,0.2927256271543164
353,0.38906841685428106,2.0425424632365416,2.5693653237160454,76.06418951456749,True,4.529031683999279,0.29300361394759206,0.06469453834530486,0.26730438977254023
354,0.4020986175660031,1.5335923783036902,5.830505392118397,56.4362688281609,True,3.329142587232547,3.0209942319040346,0.9074391236619666,0.44434768306626937
355,0.3850850887425413,1.6746377962078962,8.502717980710491,95.83761463442497,True,5.5740631152766085,0.3038109144386207,0.054504390810713725,0.2762928356241523
356,0.28379426408248637,1.2269563698687367,3.219551233823744,91.62151537616327,True,5.429009579505232,0.45077760378511905,0.08303127802294287,0.32671834298818014
357,0.2811237110632709,2.2109154453303095,3.900346577557277,86.60245005461329,True,5.123479376378166,0.1750392553920633,0.03416413779258738,0.27129837603341533
358,0.35318201004151434,1.758131857494012,4.393970901034935,77.72109187890246,True,4.603820056658185,0.33380792502806333,0.0725067272221685,0.2867916387678453
359,0.3328514101407771,1.438363183242784,6.905319115341799,103.19102632715385,True,6.0214674459812985,0.2953443393360017,0.049048565318261954,0.2738377538459984
360,0.43756990936299245,1.2924631617671873,9.08423199083731,120.64715021845839,True,6.059043660069364,0.4382054159511043,0.0723225380993686,0.3238105873957915
361,0.3909084144395072,1.2313235727139722,7.410437756018522,102.08582515023375,True,5.954668728092755,1.6894235472796704,0.283714111468428,1.2231806007129
362,0.3356217908876806,1.833848599561293,9.085997081896629,91.05719949911725,True,5.282870767348375,0.234906992560229,0.044465784401183754,0.26158366612059236
363,0.28604654836951865,1.9757883676697456,8.853260496121216,113.8059239423659,True,6.058614768304817,0.17536312751624009,0.028944426114305696,0.27156160177544875
364,0.40459079603857706,1.9566716188257431,7.420271531740878,75.7229760579932,True,4.432554554106103,0.3336198111441058,0.07526581050989134,0.28494875908877226
365,0.4427094842768384,1.359594642480872,5.684085956147845,114.9205669646471,True,6.058903716982144,0.4723224697213937,0.07795510405579625,0.33580368064753774
366,0.40735947868977307,2.4574953599539864,5.607826201265954,81.1747109478802,True,4.785014337606958,0.22143066746930576,0.046275862901603314,0.2591396683142779
367,0.38814363792374146,1.2466233452187905,6.910316651540675,136.88654433894337,True,6.059204341663007,0.3079417795519255,0.05082214795670811,0.27498342195741543
368,0.4245758784491592,1.6131267642232259,10.127402252009452,82.42213131883497,True,4.755326029459358,2.461282296736833,0.5175843425853729,1.145101649516067
369,0.37762788326340624,2.3567538888303776,5.917568596936647,125.3984924038667,True,6.05910343482266,0.1782221827110368,0.02941395284437046,0.26413649477825674
370,0.36632414988466927,2.150449880683974,3.8170352168442516,111.36974145024996,True,6.058684451427029,0.19405963562156206,0.032029995484556775,0.2533392686803082
371,0.33664080323668055,1.5377118749035388,10.050093064493735,106.45389477144442,True,6.056748898200887,0.25956835089579916,0.04285605285252985,0.2649868783437004
372,0.4048737757934148,1.7511433291200753,9.12969834590713,92.03800039042578,True,5.339535518013433,0.31195142283543736,0.05842295116926172,0.2775568441230436
373,0.2984749043829783,2.32316368221432,8.322859150682456,90.92129284650889,True,5.288976271986328,0.16815263164532077,0.03179303952183725,0.27679266885982123
374,0.2952272205346773,1.479526700917846,9.80826163182582,100.50518616825352,True,5.8049459802564485,0.2521830999551321,0.043442798746594236,0.26443086196190535
375,0.3298378923939678,2.33952955977812,8.623145438392292,131.29587132046186,True,6.05906688550279,0.16117129144785733,0.026600018533131462,0.2834446113302138
376,0.37139096954829914,1.3138706782639429,11.921317134534421,57.04431307409959,True,3.2107985848867675,2.214841290996938,0.6898100994008776,0.42671362130357515
377,0.34704668291294594,1.2281910971179142,6.1193442241540765,58.45106373514109,True,3.4432711095409374,3.1090244760548265,0.9029275875024917,0.4387072244486885
378,0.40532171987646337,1.468939547649856,10.045526560565662,76.04273360761628,True,4.385767885247179,3.5592540449793524,0.8115463786745192,0.4825857894201877
379,0.336430588438019,1.287282965005358,4.074227884559889,64.43610498579854,True,3.828421761765054,3.6174549186211764,0.9448945658885259,0.444955588396426
380,0.29051523699644755,2.16510295648448,8.295585872169829,73.86077542897715,True,4.3010953947628145,0.19100035560592413,0.044407374883731664,0.2659989254956354
381,0.3748848066079234,2.352118614574108,5.86821158684237,57.2684717783261,True,3.3768462359829448,0.2793094932144581,0.08271312156242011,0.27207937548637906
382,0.30115246879395374,1.9935449277234052,11.863458333980237,130.49927257107518,True,6.0590485827131175,0.16969002586340548,0.028006051370431786,0.2733953889644627
383,0.3964032296261878,2.4004712288526067,2.354650341842616,52.36334946042066,True,3.1320291195668535,0.4102322039918687,0.1309796902682061,0.3168264701230328
384,0.37802351204840223,1.1374390074032856,9.770924634518906,135.3448291715073,True,6.05916195023432,0.340440653575001,0.056186095762275415,0.28765138181156136
385,0.4177152526479756,1.6148194351965892,4.008195947192913,73.6620639990612,True,4.371993673100246,4.110757546875149,0.9402478261045035,0.46809871690367677
386,0.3227152638141486,1.4924559549831884,7.968795364417929,120.25616986808461,True,6.059043575512323,0.2340891064678235,0.0386346629712149,0.2589856908628603
387,0.3665883230243705,2.2350453967523904,11.889345548345748,62.17525302341891,True,3.5135260930713965,0.2621534659932602,0.07461264241362021,0.26582970485441626
388,0.36820424800654883,1.7159730453689943,7.988820013686897,125.2956580029581,True,6.059108913991038,0.22189370311396864,0.036621507595216804,0.256688077886134
389,0.31213594971547487,2.332376551110408,10.896785007883295,125.11097724755271,True,6.058982373628174,0.15839697986869442,0.026142505473876275,0.28960968639691975
390,0.40750009948082666,1.4877898626364527,5.600551102667301,77.859112628905,True,4.593576198026976,4.205770697307756,0.9155765608316697,0.46692295821889784
391,0.2818027266235364,1.1279043014566952,6.46459422999788,130.4592887500052,True,6.059169634993797,0.2686678178528825,0.044340699144851975,0.26415226530846647
392,0.4139194379461709,2.169629264099849,2.332963188060685,88.67443246919188,True,5.267182030597231,0.24828663068788503,0.04713841846467048,0.2506099196852385
393,0.3413230661702191,1.0023725402192254,7.134456714483689,130.58486700502525,True,6.05916907493946,0.3951252357669886,0.0652111256312709,0.3061208530707096
394,0.41117259457678845,2.1213641223495823,4.470025878931896,88.25571895926258,True,5.2159167469158065,0.2549200853086592,0.04887349581631925,0.2613873157296238
395,0.34341935858439887,2.4225142390430277,3.062991691829953,104.25793617028307,True,6.0570874730910615,0.17405726836980578,0.028736132529547345,0.2624928869882681
396,0.38364846455115365,1.1177958959843448,9.153276795567443,94.52493491981534,True,5.483242765034788,4.519499369484622,0.8242384229828913,0.453680573360999
397,0.4435998145314115,1.2668726500196705,9.384024072350908,107.28239245949578,True,6.057655154222491,2.869053382460683,0.47362441562240604,1.1343614323466737
398,0.4105643100505442,1.2801978402936194,7.57582939553999,103.02434017372897,True,6.0013191748390415,1.6786469048915649,0.2797129857597662,1.2243380521792577
399,0.39439368670128006,1.7821184033150657,11.050940058992447,118.34308797302211,True,6.058873267439693,0.23616313782761159,0.038978061993266845,0.2593647705747797
400,0.31477237075938536,1.8413949584464828,3.346611456927728,83.62334867557861,True,4.961417541571528,0.2337191512216912,0.047107333592338756,0.25719348819123544
401,0.4449650032069847,1.5990428444774074,10.275177405569305,97.05809310775942,True,5.59668731270062,0.5313994271952444,0.09494892201487372,0.3635236571383409
402,0.3800084536507585,2.024175613305068,5.643734826250352,52.620089401110334,True,3.1060100717602124,2.8048975600975767,0.903054882403523,0.49900280154601706
403,0.3574543928058255,1.0679662614893322,7.2958243710445965,138.37041162795205,True,6.059210988217334,0.3477238659999373,0.057387647777262886,0.2898630455278641
404,0.30192963400906825,1.5320716244784582,11.085029611137738,69.48326100605779,True,3.9698947024059392,0.6978737878525829,0.17579151090068942,0.9486744034160837
405,0.3267323201637348,1.5501108140181348,6.210950296317775,96.16599310977162,True,5.642984519197648,0.2766743796669889,0.049029795975114254,0.26875709392075997
406,0.3457564050544305,1.6961896931495275,10.193142283957968,65.2915023610786,True,3.7505321261419478,1.973487865910406,0.5261887645635154,1.1348947319701308
407,0.4193833828546713,1.9634424634098138,2.3726029146259706,66.20621835119829,True,3.951639820240291,1.858525101499752,0.47031743429155415,1.2222816219297803
408,0.3383404085444217,1.6257321985341133,6.850085064142321,106.77146704518645,True,6.05788407424404,0.24300368616736653,0.04011362435945769,0.2605715202735306
409,0.37457071487572385,1.6038074897742056,8.998770622064974,110.94215831391637,True,6.058423621543907,0.26660698949608214,0.044005999935036066,0.2657867812673391
410,0.3325508612832515,1.316426659001916,8.977658842971532,70.19597468879053,True,4.072321273192765,3.403544581924006,0.8357750662573763,0.4746223278045423
411,0.4128392431018118,1.322152128917153,11.68855285146246,117.95917727985683,True,6.058839816971205,0.3676742608453167,0.06068393817170031,0.2962831702570847
412,0.3107778535842318,2.2271479595460337,6.473669845636891,55.65766395228401,True,3.2701887361146493,0.2362039498253305,0.07222945489866962,0.26629503988670633
413,0.36327834809024007,1.6756487214279578,6.435281008159482,120.67690784908294,True,6.059082411091643,0.22961540701980407,0.03789606931232267,0.2564653085127411
414,0.4004259013946636,1.8093649967121188,10.66300402348671,100.62341974350007,True,5.787121326805243,0.2691348856870621,0.04650583087665054,0.2665299476229448
415,0.3427162349665288,1.7592705622447329,8.73608547362914,134.77050795251802,True,6.059143607285415,0.19923112413050598,0.03288106984144653,0.257774181270241
416,0.2907170213749124,2.090611752159961,6.450758096229695,123.65475524839404,True,6.0590584513902845,0.16679476157386494,0.02752816512862538,0.27840121069308577
417,0.42271070444096476,1.5888494323453881,10.153470998856308,103.9721487628472,True,5.988569263570197,0.33420209872903733,0.05580666834097808,0.28410584723002863
418,0.36459540281488545,1.0261537800561167,10.951095808227404,90.27776698434675,True,5.186715375775838,4.179343248703964,0.8057784061611074,0.45114414686186377
419,0.37029308812791156,2.33316908293864,2.8806166093062417,98.53126440664673,True,5.826208482442239,0.19256898425344274,0.03305219592360371,0.2517835765415093
420,0.35082669447113557,2.306634620542106,11.866253235691506,126.39704653057784,True,6.059016141510098,0.1695809115006623,0.027988192726352,0.2727206361196437
421,0.363884983268423,1.0095712461029784,7.387485625315098,81.79226253849681,True,4.78862834330584,4.251951452886192,0.8879268024276964,0.4298336571170238
422,0.3039204752303083,2.475703673621839,10.31106554309275,117.36890808123437,True,6.058712165991646,0.1535428563528454,0.025342490639298196,0.3029641788903601
423,0.28567402837045425,1.4569476075867236,7.591610140737275,86.15646092753244,True,5.03653961266992,0.29415194209918466,0.058403579584525855,0.27507398178970455
424,0.2866989749301207,2.011903575806063,2.4551968685718557,89.8825173650495,True,5.333185761255518,0.1891867293111316,0.035473493289045685,0.2542938127650518
425,0.29369198190028684,2.299761861051289,3.748239746628804,113.6912799401183,True,6.05877290976488,0.16157983022913636,0.02666873847816929,0.2823284334804499
426,0.3915647157173008,2.4032600284398526,10.689530960879962,74.32644312885662,True,4.264679467664146,0.2242952779881757,0.05259370128255546,0.2595749001930452
427,0.43972557918121524,1.5390369615171051,6.796061035746806,51.782774757674886,True,3.035822787398668,2.656023182535272,0.8748940134319111,0.42748364102840863
428,0.40597170182410935,1.5280873526226821,8.568493398211686,54.0153413098908,True,3.128850396779859,2.5580652667254955,0.8175735309550746,0.434561324048754
429,0.3547713671937742,1.2087952278698384,6.286707596158034,63.73266820659114,True,3.7520003643146946,3.3896260747946783,0.9034183757105779,0.4426123785932421
430,0.38752292167852503,2.317584881581636,6.736440410947057,53.48464145433637,True,3.137140892310799,0.3864525619238762,0.12318623077180879,0.30947225971140035
431,0.4140878735683529,2.014708592532469,10.083258620582694,135.551070489564,True,6.059135501575237,0.20592637069350772,0.03398609762728884,0.25662439522355474
432,0.412342374108852,2.1359526728234766,9.775274258561646,105.25771036694547,True,6.051265893551732,0.2224696832595385,0.03676415599198899,0.25833746649470113
433,0.30875127501116123,2.2763067905378636,2.6906669558392315,67.51642694094683,True,4.023786837632304,0.20175936683860196,0.05014166380576019,0.25923934059542475
434,0.42790971506047704,2.2493380564071765,8.122343536225907,54.73493285253913,True,3.181688747674097,2.324028300409212,0.7304386081473686,0.9550074736779366
435,0.32307411552184545,1.6268269402710496,11.424864089332512,101.7968668117711,True,5.829026686439833,0.23989205403004643,0.04115473593354985,0.2617607902284278
436,0.44942964856519535,1.6392733297344924,11.726280026386526,71.3060774186587,True,4.056640141455178,3.0214901210076506,0.7448257709947613,0.4776403524605821
437,0.29695952862520736,1.0994128508191574,10.831797803939482,69.25093092610734,True,3.964704991282997,3.0669780161358955,0.7735702966246191,0.45963961539279463
438,0.39662951501092375,2.0891411857215854,9.11325218194274,100.82396258164343,True,5.840790650444862,0.2244256792339308,0.03842385263660109,0.2588756554550171
439,0.3905730126795043,1.0367707403140498,2.2654855365618487,115.74851461220754,True,6.0590527465339905,3.5085542373514187,0.5790598603648806,1.0898674834746203
440,0.3069167661409452,1.6126231489694627,8.938941139182669,85.27594993740297,True,4.95268507336052,0.2685842210360148,0.05423002211076864,0.2680545034422126
441,0.2824547905964414,2.3611965215993616,6.930050884653976,89.5966674042484,True,5.242233073532045,0.1622138877580537,0.03094366188658592,0.28581149569324804
442,0.41879373392311914,2.436379559053307,9.782098798916284,127.09515122579438,True,6.0590736754405565,0.1865395563890641,0.03078681105086592,0.26191528394149177
443,0.3058713724793394,1.0203383686972534,5.846807662361176,134.03650437081936,True,6.059201423552221,0.3264991198927763,0.053884843409177416,0.2806375590874195
444,0.3859344162760303,1.111414455436156,4.678269680885476,84.58395563963974,True,5.001186065735201,4.520920800879551,0.9039697266722173,0.422702555042485
445,0.40595557430106666,1.278402571202648,3.2586964810933203,72.85309108041483,True,4.334103244759529,4.136099218342586,0.954314880095126,0.42352579584876393
446,0.41045406005944846,1.578368447386171,10.59334899352201,99.96412775587223,True,5.752711182387679,0.34450752402029705,0.05988611510256773,0.2880322801799653
447,0.3016022051813943,1.4589416914998061,3.5211748779741097,133.37115505401295,True,6.059212998571198,0.21365629074731773,0.0352613929891059,0.24645062537567153
448,0.38036658709904436,2.1252333239106607,9.155451016886333,81.08172413560794,True,4.7027488651535645,0.24344342372701117,0.05176619690047211,0.2625809308055529
449,0.35364664912654237,1.8435326244146129,2.527228572071368,56.632016208620556,True,3.383933281613567,3.2466087918758886,0.9594186769331936,0.5048315360107294
450,0.3510081214919528,1.128532340222768,10.094324601038913,127.5937906788686,True,6.05911348250954,0.33716671091624556,0.055646211593416005,0.2860711138207921
451,0.3114776462197077,1.7719880589083372,8.639629647236307,116.62489225209137,True,6.058857819650718,0.19866040394225534,0.03278842479154062,0.2600535501118948
452,0.3190652320137761,1.0509349663872676,3.4738881603605156,57.99015668156909,True,3.4550224738299455,3.299411305487822,0.954960881001267,0.423907208464136
453,0.2890318529636621,1.8300722034422616,11.505851250449375,123.32543907714172,True,6.058998802725801,0.18092126640725836,0.029859927736883878,0.26712258889749263
454,0.30424536415675935,1.6663955830124975,6.702504028872888,85.38711262747792,True,5.010331505345626,0.2558294850293635,0.05106039086563708,0.2657203582822669
455,0.3921211224983059,1.1451311405639404,6.847356712309459,103.61291013664126,True,6.042286149069149,3.9703578356558085,0.6570953009677416,0.9650377540772292
456,0.4496823112133297,1.2841961122483854,4.727421562807391,138.89832837848573,True,6.059246441521774,0.3647133866930135,0.06019121192922071,0.2917337826224591
457,0.32012665677633984,1.2553798700646728,3.0776583973265286,106.11670100051595,True,6.058145574200491,0.35805845936876035,0.05910364070708456,0.2868673141976874
458,0.34150170100059396,1.2976143366772583,8.203915419385972,90.00071656077483,True,5.245835763110112,1.4403404496288197,0.2745683461456448,1.2335078827678152
459,0.418549951709013,2.3541760407542496,5.756153787093508,90.421994010074,True,5.319461497393458,0.22444284297043027,0.04219277516726223,0.25806113157408506
460,0.34162226732753675,2.0345725128223044,11.029228584372932,72.72765156718559,True,4.160988125588313,0.23804196883586945,0.05720803848778425,0.2610070806421283
461,0.31424077397503025,1.3175300205867269,11.598368808189178,55.956129740331605,True,3.1571021731972375,2.204334989597338,0.6982146502293842,0.43318188709699434
462,0.38128495801930057,1.0099302677107702,7.90884660437336,57.65423936661886,True,3.3598031335729455,2.8597601117910103,0.8511689518992234,0.42507086115266457
463,0.3454074821798084,2.150682930139215,8.795751349042993,111.38005271250704,True,6.058426511350563,0.18617222688333818,0.030729468540146757,0.26378684278474784
464,0.35155096461842456,1.3305348306898275,7.773747834566341,101.6481707900528,True,5.921975344264688,0.3660561285601702,0.06181318010968893,0.2955150655778831
465,0.2949104921969692,1.1845048581076405,2.6650486095645363,95.2462952045887,True,5.6450106352555744,0.5075391198188034,0.08990932924891201,0.34471724969484674
466,0.3162406826871275,1.489105022092224,8.260335332707731,95.98082627177017,True,5.587983927606483,0.283002882557117,0.050644899166404085,0.2713306776884514
467,0.36691007395303993,2.446125372209004,7.098483989616827,133.18520859308836,True,6.059112292335293,0.16842512032903456,0.02779699602895467,0.2751730279037816
468,0.3903312222063715,1.2287612149774594,7.665469465946175,129.92906982448272,True,6.05915666846336,0.3462371495876816,0.05714279536453866,0.28985323924077555
469,0.44181712390743855,2.0662593624444496,9.262263585793976,133.8997650181447,True,6.059140416644629,0.21467099829576855,0.03542928262663484,0.2557751542182105
470,0.35688203226035464,1.8537724972900627,5.1429583848868345,62.3862871629208,True,3.6916080502937385,0.9392996623820111,0.25444187183069766,1.216326646104223
471,0.35978664825624934,1.2690019922522904,4.944363870190541,108.1315079505487,True,6.058372663491058,0.4103624461549706,0.06773476458916025,0.3119210323670365
472,0.4325877057252917,1.6836652882460648,2.4188606610672356,55.770829650498996,True,3.3342113435805745,3.2236665995460148,0.9668453098369443,0.4336880733341264
473,0.2840329116043056,1.8167341329914326,3.1134181927133167,92.74203493649955,True,5.492193789994085,0.20393319762645318,0.03713146429719714,0.2542572670848182
474,0.4195142508068165,1.7032937267195272,10.38967526610395,81.7675279254861,True,4.709411175557577,0.8312590531208512,0.17651018824501627,1.159190910668849
475,0.3752355531796735,1.848233707408222,6.800756039434319,112.76800712963342,True,6.058685651394208,0.22438965703085545,0.03703602892472554,0.2570342993292032
476,0.3818634418615084,1.136916483978992,2.3177857423938404,70.1117691285938,True,4.182915006527303,4.039030846878987,0.9656019404114621,0.4101762318406874
477,0.329401766058732,1.798830210636435,4.0599449166630786,112.40696281209364,True,6.058765841777463,0.20740038527918891,0.03423145747754196,0.25252782966085574
478,0.41065316814395236,1.4833378797904,8.749249802108759,109.8858744296326,True,6.058332322886935,0.3401413942801137,0.056144393564403955,0.28701439421242103
479,0.31011890116923985,1.5679563873833149,5.7370028659571,108.41210832290393,True,6.058331488787626,0.23153735638024142,0.03821800718708707,0.2581239274011984
480,0.28582300459368876,2.172774796065893,4.382613835450121,117.078815016785,True,6.058952796923675,0.16397452035767315,0.027063178383057922,0.2798129012539392
481,0.3516359246491227,1.4972155275629948,10.668238937532175,87.90298657935307,True,5.057116943004833,0.37327007279470176,0.07381084459813035,0.2991292336333262
482,0.4154034327867556,2.4239206161150957,10.41677995299275,117.11253181508715,True,6.058801423181247,0.19136808500414065,0.031585138980121996,0.2607319466480247
483,0.2839289848829495,2.2766421102132552,2.696441470895403,130.8153741036735,True,6.059102890117532,0.15536068621637233,0.02564087275523369,0.28752036584218654
484,0.34863962309225965,1.8275474455318843,2.8887721698059527,82.98308516820589,True,4.930086722236512,0.2699236399496196,0.054750282329145306,0.26147951168638484
485,0.30718099482272554,1.2809088291987005,9.017930348404727,118.66204998584027,True,6.058972089587163,0.27167433099673205,0.04483835326847379,0.267418666569716
486,0.37954992467887194,2.0718057349984473,11.258993258404738,70.29816921879947,True,4.011800179310085,0.2809471909521514,0.0700302054925543,0.26928749018306775
487,0.31178848181847013,1.7823062781454697,11.045240356049595,98.3294576661643,True,5.643250594938071,0.2152285239907501,0.03813910447000307,0.2603473729418049
488,0.349125143359774,1.2617723488205725,10.055470488905911,78.03631804274617,True,4.5019829554819655,3.667739222422751,0.8146941600382173,0.4784132825868941
489,0.34353322250201573,1.396691382895086,2.465751054010975,86.55737772848859,True,5.143922489506039,1.099665915790672,0.2137796434596492,1.3645484860794816
490,0.316752747376744,1.3776870597926059,10.477140790117394,86.93808890994111,True,5.0070078736521175,0.4030249970115914,0.0804921835917994,0.31126016848202376
491,0.3884821195477419,1.2684437370194863,5.471351096164781,66.79179597098188,True,3.946586588684996,3.6401082400071076,0.9223434373499945,0.4401095097523071
492,0.337589840162407,1.6521176272254572,9.43343892863539,131.04637436373235,True,6.059120938606777,0.20962832673952186,0.03459715177557149,0.25739836249651704
493,0.34632268441966246,1.5127232585850248,3.319125963068835,124.42011891835091,True,6.0591762348803355,0.2387795413159674,0.039407921483023696,0.24853262804676524
494,0.39258556660568067,1.5250430736997642,4.431329268271195,85.99031403133193,True,5.086145136175491,1.0725067209832886,0.21086828870749771,1.220207645971652
495,0.4150769373036594,1.7197163496077428,8.035741389086237,109.38912351809086,True,6.058312883937849,0.2819299111456726,0.04653604337490419,0.2693312438018478
496,0.3682624138479854,1.264804997133939,2.603710529954261,54.69381830342364,True,3.268724120015283,3.1570515646659114,0.9658360414494542,0.42165554427308827
497,0.35837107842730365,1.0201370512845678,4.064557988546497,127.54966121633998,True,6.059195464341309,0.4820089162042674,0.07954998630443856,0.3371480604838917
498,0.34831112244444135,1.8939465666419748,9.012623471910581,102.70608031941603,True,5.947772390578606,0.21690820755185242,0.036468814424613735,0.25914824875993325
499,0.4413907645959647,1.4669987148418713,7.005771502996765,126.47659676394822,True,6.05914458259514,0.32936257067300734,0.054357932243290503,0.28320219843185823
500,0.4056433677826515,2.2716652078808925,3.9152351241921997,105.1407142434627,True,6.057648672493412,0.20685872263917418,0.03414835257423872,0.2522559427060549
501,0.44013014859644783,1.2955861802588298,2.172553674045846,138.01362624644122,True,6.059272722845737,0.34801660486683894,0.05743537562762037,0.2687040349494283
502,0.28304702133862353,1.8259843495486676,3.609763137466352,110.33210328057888,True,6.058602848799366,0.18742920626991433,0.030936044323660723,0.25670783178437295
503,0.38640811805481007,2.146419191927787,3.757928231140028,123.551515560439,True,6.059142210138272,0.19389019549944292,0.03199961129399177,0.2505908181492411
504,0.4357812309120263,1.8197259673079664,4.386928069467324,122.34318268987029,True,6.059145390658594,0.25115625108974765,0.04145077150268685,0.2549904542032819
505,0.31207463652510714,1.6014184997718968,7.39493111322353,138.05382675884516,True,6.059182289210224,0.19947387359888483,0.032920923002117665,0.25692487691033783
506,0.37125119347754554,1.8059544460193737,6.240948487223633,97.41299730601132,True,5.713408083557246,0.25447904562253737,0.044540673780139865,0.26277717841765114
507,0.2870949124997338,1.3048048633056684,11.844890843041771,86.20181899804192,True,4.920998943262948,0.406255810197328,0.0825555572925918,0.313724823311484
508,0.2911906893429511,1.0514340399042377,9.629498563007523,120.79477307454582,True,6.059032107337725,0.33129839534441824,0.054678435346662536,0.28436293745278407
509,0.3519998956386813,2.271233298384528,7.701993136185943,114.81062701697202,True,6.058753023116051,0.1794125814369364,0.029612129880921188,0.26670588508456294
510,0.4030557913549648,1.6564093333113525,8.516838224746168,96.5781876815478,True,5.6163882467942745,0.32494597011373694,0.057856749896022554,0.2819451214437776
511,0.32054661459103495,2.2164682404145006,5.487775311194865,136.28538554955898,True,6.059143375990704,0.16507675224511786,0.027244239325848085,0.2775407143502142
512,0.4002625268251774,1.2779977856271794,4.260061762761218,104.08926962946458,True,6.0568431209414655,1.123879252613081,0.18555528518268558,1.2147966394906105
513,0.3773715368258205,1.9803680090337115,8.133380493686403,85.07840906737601,True,4.961008964936614,0.2574296813705753,0.05189058983566349,0.26506075644602056
514,0.31816686611160805,2.254393842372643,4.004345393439268,54.45267253287501,True,3.237830490882757,0.25162744585191,0.07771482990244702,0.2696472407048103
515,0.41345463959134265,2.3768006429400437,9.107479680467177,87.88591842052595,True,5.098588373140594,0.2225733176923942,0.043653909945919986,0.2594769007477704
516,0.41783398931475324,1.4440524208605625,5.4924879350318445,129.87629891816889,True,6.059181644222899,0.2966589021208431,0.04896022590834379,0.2694718326518517
517,0.4437729989708349,2.024871591070222,11.365702346040955,58.30482864404508,True,3.303168953995195,2.361975245282833,0.7150634067403713,0.472686681664801
518,0.28125124357324655,1.1906083934774365,5.083050552655637,121.5261174519023,True,6.0591276865271055,0.26957563408372465,0.04449083234920844,0.2630345926368207
519,0.39857699519935474,1.462610137528933,2.498492996816399,64.80360186799686,True,3.8680088556473424,3.7297103653625525,0.9642455600682319,0.4345950732983548
520,0.38341169379465767,1.9620998624270611,2.2365998253229606,66.55184053435553,True,3.9731053823454143,0.45586925375221543,0.11473877732462899,0.3295799762438292
521,0.3489626409160455,1.860052393428858,2.388223910829394,93.3643012706579,True,5.537921503180431,0.23629310455583655,0.04266819318766676,0.24863781621022119
522,0.28826907610123614,1.2104001180526462,5.173193505505736,112.87163197764323,True,6.058779331363059,0.29523465046617037,0.048728404571181286,0.2713789069479482
523,0.4496113841968205,1.4288396268840415,3.6154995436092814,89.7195807366785,True,5.314395037752798,4.5228974442180006,0.8510653446136206,0.4510698535957891
524,0.30490168675290935,2.2963790498320193,7.529380309727795,117.2192690100328,True,6.058862685187027,0.1604496593948625,0.026481811477117128,0.28471927798773233
525,0.37513649557582157,2.2434019361399677,3.94096527887823,82.7178391720341,True,4.900664785389799,0.22146697400351528,0.04519121051979885,0.2570466089749406
526,0.4371984447714653,2.158967230605983,2.091432066950463,134.5103236419228,True,6.059230896049293,0.20546387149409326,0.033909232874432746,0.23269075768637304
527,0.4258309692477129,2.329627857586568,3.507404163825428,129.40100375855758,True,6.059177081508029,0.19356080953697138,0.03194506563072708,0.24810775747739688
528,0.41496487743849486,2.392290167935754,10.934929376332615,64.62825492188956,True,3.6888072906532434,0.2767105291067647,0.07501354972050128,0.2681597434631646
529,0.37857751118638516,1.3127203298437073,7.369458752792626,72.98418879732742,True,4.274021535734697,3.775317109308391,0.8833172874173224,0.45658591483999045
530,0.30437171797566853,2.282475392500377,4.998603225939032,97.96131762185779,True,5.760180934070243,0.17208317588850572,0.029874612943261974,0.2734669693771572
531,0.43279781722116806,1.771461124196983,5.1533049612969855,71.27024342524112,True,4.214779993168893,3.8856771038515667,0.921916947064682,0.49439408362426507
532,0.316032372841392,1.4229810962896554,8.958989428499219,85.51595077576626,True,4.966756173003695,0.36647819595608244,0.07378622650091782,0.29727121197545836
533,0.3349107811699282,1.5070536053687071,2.4924789032223114,131.38106792649,True,6.059217822200581,0.22490420904603395,0.03711769664757711,0.2391680063623567
534,0.303178260566632,1.2941695454210218,8.441176216560336,98.20200774390878,True,5.711144037788268,0.3245470733711143,0.056826980938271064,0.28211640393831905
535,0.44516388211093827,1.475924238063831,2.251165622159464,100.6787120572042,True,5.9589331498527045,1.2377759548772427,0.2077177111657711,1.3534408054520441
536,0.3000337809320877,1.6480530683169954,8.759528292486802,93.51525788693765,True,5.433030868421187,0.23632003376887023,0.04349690614541708,0.2623255716597179
537,0.4470445422889565,1.9884300468210068,2.746718851759475,80.86846192650823,True,4.808871187874308,0.4425775794289573,0.09203356923864545,0.32336089517833955
538,0.4169545341092973,2.2474005828087558,6.596987948734543,134.24644128236375,True,6.059161102497193,0.19258321976299925,0.031783809095887704,0.2566927214768562
539,0.37289667992118175,1.9650430571184694,5.3579291123920365,57.60308939212273,True,3.4056409790032225,2.2552758771820502,0.6622177414138745,1.1198877801013398
540,0.2913519016325565,1.3103010899079155,2.383036324939491,94.84587038156035,True,5.624671991830845,0.3439060139638466,0.06114241229769993,0.27933158176519024
541,0.33152025000265356,2.409797244272104,4.490531284356418,100.78583130658342,True,5.927270806504422,0.17266818789044636,0.029131145433909496,0.27059139065864324
542,0.34295713634374103,1.4548731159629988,6.387911283568186,99.17341824591252,True,5.811671891690611,0.32108234567212496,0.05524784462302505,0.2819600314346338
543,0.33971227225739237,2.3986361487001906,5.678240350284885,120.57953944012816,True,6.05903214643015,0.16725149913405488,0.02760366591429884,0.27619234150663186
544,0.34592486029922687,1.408132065729212,9.928716391192324,127.8963602789526,True,6.059109019037928,0.25164150069491276,0.04153110629042101,0.2619447678109559
545,0.33118829862822763,1.7965243052305018,7.055809317225849,107.77360532333668,True,6.058100764569468,0.21321003130243568,0.03519420352817257,0.2581351334872686
546,0.39300525089229604,2.385122516109103,3.3759088632368632,50.10871270328675,True,2.988156428082522,0.8993625254388596,0.3009757176654818,1.3668098306300975
547,0.34032760680827967,1.1890528007709946,11.854424069733428,111.0846261918438,True,6.058223425291671,0.37216555536429496,0.061431467484442795,0.29823735551116304
548,0.44415871155285336,1.9472058635970007,9.072010719833969,134.92328444530415,True,6.059152649380188,0.2251577656905818,0.03715994277081202,0.2560699148766594
549,0.2960592601782745,1.74811581777167,7.973707214109256,97.85016839968085,True,5.6998110155845385,0.21222522737137384,0.037233730520380995,0.26054926218840935
550,0.2843249124237983,1.748547211426997,2.1255263570914265,100.34663115110558,True,5.937888819981172,0.20343354276793923,0.034260247865096315,0.24443634866753428
551,0.331822522399829,1.2163092737690102,11.006409688316829,57.45008047931779,True,3.264307207888637,2.383024661479835,0.7300246299493307,0.43169307724041595
552,0.3938867152376333,1.2399218863796477,8.860001173315428,86.06950915453504,True,5.002181242808351,4.267667004239773,0.8531612104970024,0.4572306886177504
553,0.43054583480132236,1.4151382179965282,5.55038821180727,79.24605082777528,True,4.675628765202528,4.293988622997509,0.9183767229243471,0.44425318456881735
554,0.3675403083687366,1.6225527758592069,4.785262534774776,132.47083771486405,True,6.059192990690583,0.22507863695010827,0.03714663607776181,0.2513274440556348
555,0.41928481098460557,2.402160662323874,7.322919191599663,101.47144796528181,True,5.918631244313633,0.20663678265365776,0.03491293410992373,0.25787027783084593
556,0.2849386380923652,1.9185600192994707,8.381473637952611,58.771977994501924,True,3.4135373837029084,0.2655897285815622,0.07780483959236972,0.2713165377756317
557,0.3296367061368201,2.378759702145567,2.453304920712134,115.58050432732759,True,6.058949714278278,0.16718264000818325,0.027592676601062942,0.2630903391081887
558,0.3627820081978157,2.026037611465063,4.926257427665535,72.46056797451384,True,4.287354164882658,0.2776264900297773,0.06475473668674063,0.27038265799701655
559,0.37663340000290624,2.4832598792733305,6.2681582791789685,103.9308272308253,True,6.0527235268471,0.18209553888169852,0.030084892870788894,0.26458567776187714
560,0.3184797661787319,2.403204526943358,5.653155608096313,71.18354528084177,True,4.198479541103794,0.19033732428275926,0.04533482238494343,0.266814434642098
561,0.3284171966902256,2.2613522803430346,4.7536905181271765,114.45678714468055,True,6.058831227478712,0.17281356270200238,0.028522590614215877,0.26868902397683714
562,0.32178700692406087,1.2014909624551229,6.0823304718363875,71.02526627566202,True,4.184730074692762,3.8094456809482766,0.9103205255665053,0.4529715384855404
563,0.41834779622371043,1.5733093603805832,7.645168986873159,93.89651089486469,True,5.483520840222877,0.4687119850884458,0.08547646644293506,0.33620720132343385
564,0.324037667205996,1.0294047455318076,4.534706406591749,121.30569055078388,True,6.059142646761626,0.44138081626812664,0.07284542417961185,0.3225613801568379
565,0.3296656429353312,1.1342599660656638,9.692708118544193,73.30582465456429,True,4.235719097947921,3.475755441007075,0.8205821398050154,0.4594093358526301
566,0.31242222922014945,1.468655077155907,2.861242402198603,66.67215453511422,True,3.974302719278474,3.794768309524164,0.9548261865198573,0.48581633628049703
567,0.44381850833368797,1.4980979786298412,2.061855259914186,110.04744023018361,True,6.058704241976125,0.47700411435257184,0.07873038446864189,0.3287037213328996
568,0.34462086152488763,1.8753681587489106,9.345654731068615,136.26336064119425,True,6.059139122761263,0.19033988788064843,0.03141368501766749,0.26039598471286185
569,0.42819272382477225,1.083837798017652,9.910698270546092,96.95082210416585,True,5.601848679176567,4.520572093325669,0.8069786158504663,0.4400359638419413
570,0.4209792810892823,2.0258589218289087,5.418304881870401,50.46333000374569,True,2.9820165364945392,2.7128889812120196,0.909749811247228,0.45848808872068725
571,0.408417629438657,2.1181798127909963,8.690559856208862,109.5006105342689,True,6.058249151789948,0.21712556591640542,0.035839656058426435,0.2575413132077746
572,0.34551801743089405,2.193030766342427,4.2801396491143455,81.37813169809584,True,4.8174620820245035,0.21096234877717873,0.04379117991698304,0.2585723078578108
573,0.4385581056296418,2.302519278635932,4.293504374279168,93.24322143715894,True,5.506718842092881,0.23933392824643646,0.0434621659665986,0.25700371029925284
574,0.4248630790413134,1.9974676185812072,9.689975713311114,59.05717272104626,True,3.397425586800432,2.664972545711036,0.7844093940025946,0.49357405141982325
575,0.4375943457306423,2.4049326227142043,3.252641799046878,129.13312796376977,True,6.0591794272440485,0.19369238550873336,0.03196676841055889,0.24656126064393247
576,0.37244292840407484,2.3955065172496672,8.01739142892907,82.20059820692865,True,4.7949986446181985,0.20500125793581778,0.04275314199846682,0.26097346430039803
577,0.3860291557301965,2.275076409939624,10.67502495291338,100.44145655195527,True,5.773737307771911,0.20168313160914442,0.03493112361341117,0.2597866046483355
578,0.3957373019048238,2.352864470353175,9.673239397630372,109.34206371416533,True,6.058098406218509,0.1932781598168509,0.03190409710387916,0.2606255241807016
579,0.37076516434381174,1.174926942959934,6.012518556285853,71.19863394880022,True,4.19630799767846,3.8322621189162733,0.9132461490044131,0.43887822785048947
580,0.373922229642324,2.050699766490151,8.227983632085348,129.06138752058183,True,6.059111677242615,0.19246769703360397,0.03176500241058312,0.2591480396180077
581,0.36854766798430477,2.2382604776926924,4.778955201962576,94.27108470163645,True,5.556936286708941,0.20292528197157983,0.036517475008114766,0.25736171819651465
582,0.4252162405431524,2.191376501281905,5.817097808513986,126.03304691248061,True,6.059134604301265,0.20418237094894018,0.03369827282001541,0.25384596824467653
583,0.4141447251994089,2.112896064586418,4.9528580367707935,106.17396071682,True,6.057931901596108,0.22479217380940425,0.037107081667619495,0.25491449391804455
584,0.30168619990257595,2.3647228212952323,2.3121612720045315,58.27688870247467,True,3.481789896611773,0.204594015498158,0.058761160659709585,0.260797145051578
585,0.4324755228775105,2.2509481463781507,10.351360595540008,57.2320373014075,True,3.270714711563116,1.7475607097027102,0.5343054542557546,1.1225397418653853
586,0.4181484816503337,1.0119502012907176,11.825687260997958,56.667401141085,True,3.191884310241707,2.2131523978943797,0.6933686132649299,0.4101916087711186
587,0.38734744105684077,1.776982182620157,6.7097185559350905,59.5915866422084,True,3.4992312993850585,3.096442233456647,0.8848921287371898,0.48397257531665305
588,0.4131750502034306,2.171088795011606,2.1828687789840995,61.03420135131971,True,3.6476515938268883,0.5638378034839328,0.15457556429954686,0.3784879001273689
589,0.407798443644375,1.087374504369504,8.7400545403025,79.33324416994628,True,4.6134525885992925,3.951900761412265,0.8566037442712977,0.43777792463057885
590,0.3305893901652066,1.440211187690797,8.912611756152135,130.735114932923,True,6.059133932602169,0.23295919420248382,0.038447606009995666,0.25836545729317795
591,0.28325845681292366,1.4389860890354753,10.028683413588718,87.33116413438873,True,5.042389328159557,0.2807822263410284,0.055684360740052626,0.2699568986914431
592,0.38689884060960256,2.2678589175923816,7.762688860349282,73.97028957416553,True,4.321610081085051,0.24546443310664473,0.05679930130230874,0.26347191761666666
593,0.42914903414794847,1.3275618603312587,5.258174763765576,122.71325263349297,True,6.059145118457342,0.4096767605722706,0.0676129639681867,0.3126763597058786
594,0.43071587113432974,2.007548410456125,11.77433106787203,94.33877632996058,True,5.392679524016382,0.26958517144650446,0.04999094981370629,0.2657100284465965
595,0.2970129483502202,2.237321848245961,10.204246997028314,62.46461222342898,True,3.5821049076682794,0.2012877408289482,0.05619258676596762,0.2635116603791512
596,0.3466359837211972,1.9474283114887723,2.3550640683397916,58.99798038548857,True,3.5254909882573076,0.5126472891920582,0.1454116010789935,0.36223545514638866
597,0.3855914139684782,1.5331961033756194,10.087039335875481,104.01097661229073,True,5.992146445400362,0.3098851424597885,0.051715215120895414,0.27709308675393274
598,0.41256946762623226,1.502491798959167,10.102024053239374,139.28039399173372,True,6.059175806230882,0.25869248255022326,0.042694335141125944,0.2622161520853412
599,0.31278810251905875,1.5938578815421096,2.024380370536232,98.9800134971045,True,5.864165700331432,0.24557010521574768,0.04187639261316721,0.24542223483019576
600,0.3312893021665544,1.2506557968721221,6.896234633631897,54.18983563273422,True,3.176380909651735,2.781995963931954,0.8758382709953316,0.4338032595978927
601,0.30866150932064096,1.3455645496876905,10.112220612975621,113.57161646184079,True,6.058595552122122,0.2667649087454067,0.044030816457449114,0.2667115780333038
602,0.40951196824273817,2.4198010417230775,5.431590520474664,64.67114343140369,True,3.8212299609519707,0.2781377532872779,0.07278749411301756,0.27109081346472896
603,0.44843456243437896,2.1890969218199845,2.832564422900418,115.51517208241142,True,6.059003000084301,0.22473890488406856,0.03709173025346607,0.24432792633278178
604,0.35129488033046524,1.2613542727295466,5.299663128474335,118.0430842131811,True,6.0590554400900505,0.3335401436386201,0.055048207915665316,0.2834811029657902
605,0.3771444732870348,1.8931015144401873,10.406173393880307,107.86563794561948,True,6.05759790040415,0.2262939401743985,0.03735704216341277,0.25901908851911637
606,0.3072934763615327,1.5259557242719581,3.339656895714456,135.37886688224216,True,6.059221510912614,0.20683788498327366,0.03413604942660705,0.245194716298883
607,0.33740631157391543,2.056181987925445,7.405859010737553,52.57767422465721,True,3.069765226153881,0.7003113844484771,0.22813190353514415,1.0949371638636767
608,0.295760175014902,1.5480081525110636,5.77651363169085,103.68693627869162,True,6.053234979293764,0.23324274137742906,0.038531915938383364,0.2592556398234187
609,0.425555060648655,1.5740017413486744,5.507814359789001,90.24097456356156,True,5.315460227628076,1.0404059224206896,0.19573204912962938,1.2181249018911227
610,0.28892519827165125,1.0696297080069492,2.823987973602481,53.8007253008601,True,3.2136296455400473,3.0956591381618193,0.9632905715996396,0.42082630999911386
611,0.3958140830912328,2.02182132266162,4.6597546297613786,84.22680755946513,True,4.979170873122543,0.2715903562561237,0.05454529743539484,0.2663705786199069
612,0.35551544684772446,1.1435611064865212,6.421713330191158,136.9075902786949,True,6.059210795271412,0.3133380227263955,0.05171267897973173,0.2763635689341859
613,0.33375046848771606,2.480657317633458,7.891876196826576,97.27081215518582,True,5.663364906486693,0.16955467944549987,0.029938858301589516,0.2754180317396995
614,0.42895347330354455,1.136424104974935,10.598634217296372,98.57626700987038,True,5.674557898729305,4.519177324085211,0.7963928476431941,0.4506660049902509
615,0.31970579608669086,1.899490711332784,5.41454795960764,106.31334762723,True,6.057888373288134,0.1989428281198431,0.0328402928315861,0.2581660402118069
616,0.35605615227105086,1.3054494875801586,8.790862795737457,92.49829446773344,True,5.375518947430772,0.961700658067903,0.1789037797973994,1.206743091879789
617,0.3977597341781711,1.461746056417592,8.587768749894192,99.91111512407831,True,5.805039430479497,0.40089712123806465,0.06906018917514062,0.3090219704345243
618,0.3736935177718678,1.0888601847552282,10.918158838068758,56.432732911777016,True,3.2070382463722784,2.3432106661660805,0.7306463116916868,0.4183055820624104
619,0.41904784437088727,1.3771052311078456,2.3981330822837066,64.85251353588157,True,3.871950850171892,3.7409554931424065,0.9661681250360732,0.4226190804696759
620,0.446812061961437,1.5803238698775557,10.749471249312693,131.43477625139286,True,6.059123088972357,0.28447604694075457,0.04695003596452807,0.2695258777401479
621,0.3809956628959782,2.2192124929049424,8.706137470969889,67.8738782760743,True,3.9418197216299684,0.2604328477262916,0.06606919294081794,0.2652242796997428
622,0.3176455802345756,1.4772935051855298,4.185204519683144,100.29190378662933,True,5.911788929546187,0.27536257345780896,0.04657855291172361,0.2648342820790308
623,0.33830566975243476,1.8505575229823066,7.490581668592139,92.95150363487559,True,5.430724203388959,0.23102266662433477,0.04253993721135179,0.26059273853765585
624,0.3040930584847708,2.2875911941729177,6.860902746222277,66.71756299827236,True,3.9140798813316278,0.19772618662731775,0.05051664570526046,0.26558113654561133
625,0.3257271203874129,1.0122377387826633,4.3102475186509865,117.14768822793445,True,6.059054128940382,0.5380428326394125,0.08879980623865237,0.35992693352880156
626,0.44836143815808216,2.1489600061863,5.465298242937308,56.30283217738042,True,3.3271417319885175,3.0354087490854575,0.9123172361134428,0.4852980928248569
627,0.2920247446978244,2.255018261941246,6.402686999696447,136.47111055848055,True,6.05909533660742,0.15398186250745716,0.02541334208378275,0.29703928511853483
628,0.28678984688294606,1.3644274353262291,10.42383633926662,112.6923511664117,True,6.058496315462963,0.24697695248309362,0.04076538791527197,0.26306630833813305
629,0.4012826042544375,1.205329976011064,9.39225692970339,82.16531909518648,True,4.761334415690015,4.001396735441447,0.840393970701922,0.45193343572917666
630,0.349346127431799,1.5403275128187266,4.9931595336450165,60.771822832137175,True,3.5989284331866114,3.334758943133132,0.9265977373660707,0.4677645710717968
631,0.3027874625460653,1.9058867551514236,5.375432831700935,123.12938795146597,True,6.059100049674974,0.18120704202273813,0.029906593477105323,0.2626050113897116
632,0.35413452755541647,1.3910265355620204,2.0968992667126725,53.03123543030286,True,3.1744819060985674,3.0818580621815186,0.9708223745931243,0.42381513752919675
633,0.30739630787814654,1.977237638349553,3.3402095371041964,54.15864783073405,True,3.228660489423155,0.3619540649199773,0.11210657364120852,0.30440288173410046
634,0.3172485754036508,2.217717038620704,9.59493801393042,114.95706194030556,True,6.0586525354927,0.16936051548531,0.027953495351179983,0.27468701756328784
635,0.3391168888398582,1.7024222580337665,4.65330141472919,80.76875782604856,True,4.777994561656891,0.31038139277964827,0.06496059984463767,0.2789317684054353
636,0.3505051586856678,1.1624685413952298,5.360150340584751,128.42721827115048,True,6.059178169354104,0.3335809064051492,0.055053820350146304,0.2825897135861539
637,0.2992678284267517,2.437529529646807,3.7822834541188204,133.09253238843615,True,6.059080792101137,0.15038859473058877,0.024820364654427687,0.3024490952024834
638,0.33077528206043894,2.111537498672069,9.218573894572529,91.50382527938353,True,5.303432653338825,0.19845150872771566,0.03741944542329178,0.2620327202270225
639,0.3474028715827446,2.48855320864545,10.607681401360017,104.44860523451834,True,5.9915394485916345,0.16821184679758963,0.028074895983056465,0.2741074610674872
640,0.29167749809585297,1.0587412670436986,9.79126634142581,66.08675414728206,True,3.809261015625388,3.06134732327891,0.8036591114973284,0.4503865247729113
641,0.34854366470347686,2.206452951061541,6.239793734837467,66.15050216649014,True,3.893874485513548,0.24402141627298193,0.06266802311703144,0.26486625384944684
642,0.3400393253464429,1.7470033335253106,4.549920983804183,71.9799087426428,True,4.265150417055311,0.353508944097697,0.08288311302787815,0.2938407721420684
643,0.352186164256005,1.9736299188789896,8.177273975493886,53.887103780891714,True,3.1301647126795196,2.2633520273631786,0.7230776125597806,0.9654396449592055
644,0.4443307783796517,2.46560577531273,5.4543885523139854,73.76332180116762,True,4.35522837069301,0.27396537627265166,0.06290493929462025,0.2686247422626473
645,0.33754278852069813,2.486622850186782,4.684616297867201,97.19624173047778,True,5.721829196187922,0.17258366467890027,0.03016232375371872,0.2716511434052169
646,0.3521646689975576,1.571916057470848,6.628328203866413,99.58253031898309,True,5.829743914097503,0.28676524084713145,0.04919002362242275,0.2712797135209808
647,0.39598665733633165,1.913198221837621,6.686161694836507,69.84980913622685,True,4.103674626009296,0.45609743381877016,0.11114366400493883,0.3331286330977883
648,0.37420953178359984,1.9306566922084551,7.0935230460264505,62.51390067664255,True,3.6636973500978716,0.8271225443589356,0.2257617006319695,1.203676101420383
649,0.29826745756809436,1.004944858120457,5.575287476903833,122.49722008213386,True,6.059137811626669,0.39306742214069135,0.06487184057547725,0.3058456564937475
650,0.32875504772995084,2.449249452333926,6.03271627200823,75.34609427572536,True,4.435346478157777,0.1871321509355409,0.04219110093362228,0.2671452408520496
651,0.4485523155868911,1.363641882138309,5.391929005982282,55.88453514819006,True,3.303942404782445,3.0349456779689024,0.9185831065262606,0.42826248401756484
652,0.4297983855545622,2.122486582804404,4.435566772209361,135.64313332764982,True,6.059205828116125,0.2043259048846478,0.033721565281134375,0.24911943498637656
653,0.30401310878699417,2.496420328684679,3.8686443105688246,69.28275831004346,True,4.112708497111427,0.17921053262081676,0.04357482003567377,0.27159889986947716
654,0.3795182140255916,2.0171043353736096,10.215884661917158,78.35440326492159,True,4.514744940466972,0.26293967109756794,0.05824020505361514,0.2649356235393938
655,0.39875541445659596,1.3060303028034554,6.17385831884184,57.74306790691421,True,3.4004500416292864,3.0641421954845964,0.9010990186512042,0.43502239263803855
656,0.3125914468787351,2.1906831286870614,7.792198130520161,96.37958289395074,True,5.616933271163786,0.18098732358379255,0.032221732900575006,0.26834895215021426
657,0.36140547299440834,1.616319014246517,9.814587860052715,135.16265457962837,True,6.059144094430109,0.220288391653058,0.03635635466328634,0.2569176728421625
658,0.4381945402575643,2.330027386023044,7.112395121836222,110.59571331867872,True,6.0584807718883535,0.2124495219146008,0.03506646796675116,0.2563280186855157
659,0.35790552586176305,1.597593041989321,4.970885320614034,64.34607276665233,True,3.8101442279642215,3.5295406623297385,0.9263535580687425,0.4845390864321648
660,0.3402040870656782,1.862680011241378,2.4821256547898614,95.63616831312703,True,5.667454547625903,0.22606247237568045,0.03988783156106263,0.24785667173538384
661,0.41155526072004167,1.527338787084068,4.041352947702004,55.99405625775072,True,3.3298207339879276,3.145486147940998,0.9446412882935704,0.43780090388359216
662,0.2967735107246902,2.1753652427372576,9.230034505686412,111.1360926715464,True,6.058321764155715,0.16569347988844174,0.02734973253959097,0.277723251951985
663,0.36425081716688473,1.8724415651803614,6.112735649171439,114.75828729501204,True,6.058853062567904,0.21388810135139588,0.03530174756552759,0.2557821529565927
664,0.32442147379598635,1.0108259005627929,7.979470288215046,62.13984011626702,True,3.6229676870054006,3.1036816389955106,0.8566683192145412,0.43566487678409116
665,0.4060685408255047,2.130702585457878,4.628029579552924,110.91893085418141,True,6.058634447841236,0.21330587101412027,0.03520692209613731,0.25305860821294823
666,0.33342321312158474,1.163645637278987,3.2205241794111314,60.93184485055801,True,3.6318687777171226,3.4790990940603406,0.9579363426911013,0.4291566959410651
667,0.3747261402378446,1.9821495449740807,3.0219285907476423,86.33987259408913,True,5.123863086322496,0.2518693395668733,0.04915614163056125,0.2569501626168966
668,0.36964111519022746,1.6693960894656779,4.557090004356217,100.91745575550357,True,5.9410339099192235,0.2738593621813971,0.046096246265175854,0.26469699080964126
669,0.28471986772166324,1.8513866235175316,5.841271760043811,118.51963796776184,True,6.0590098532628485,0.1812895282267941,0.029920652485680897,0.26454945839497324
670,0.3277869509450112,1.4141097619982466,2.234232538973129,75.66877928922212,True,4.509886514293168,3.6753193660353562,0.8149471953201437,0.9552062750548997
671,0.42337074848054407,2.119945620758555,4.133806073353206,54.469786841412215,True,3.238030573140967,3.037388399408064,0.9380357383289697,0.48873454660360505
672,0.3047983144042351,1.7428666421774275,10.270256767660419,109.47284116076946,True,6.058073491940877,0.20457228437444613,0.03376853791004532,0.26035635853248795
673,0.39748056222869316,1.455259791564097,10.005625745755975,111.91253602866246,True,6.0584650369586015,0.3216765148681721,0.053095381900504675,0.2808616748456547
674,0.39782532905133955,1.8114758879536748,3.6380334905815035,129.79081699820068,True,6.059193402273456,0.22127129798388154,0.03651827616211406,0.2466682972283687
675,0.3694464560619154,1.3761004446794967,2.308060679874587,126.86844663740884,True,6.059209209220683,0.2787525364902419,0.04600477172269386,0.24889851350044045
676,0.32260968753566444,1.3813986960102882,8.470537578313952,110.01965233919816,True,6.058361324598845,0.27939842337701287,0.046117821042229314,0.26959562764030176
677,0.29545551672172155,1.8770178971767497,6.540140028286491,83.01887345420118,True,4.874923465185388,0.216023480489149,0.04431320451118792,0.26166151347227773
678,0.39914877801779064,1.1941453758640284,7.345697182223632,123.11481211068148,True,6.059116960342071,0.39567662848786994,0.06530268867190372,0.3056989493939004
679,0.31336222982522843,1.6240068456414984,2.22993929549539,99.87995812592702,True,5.912544991729149,0.23844373716293843,0.04032844358841903,0.24626928763318556
680,0.3590914554313701,1.4801444144676923,2.6732235923022363,81.52653463884954,True,4.848345571280339,1.163553172578099,0.23998973577100668,1.2155884456521897
681,0.35682572527164913,1.7561943885762732,8.871076455454059,93.10385015056495,True,5.407053400148402,0.26218916578758356,0.048490212022020626,0.26591459711861987
682,0.338106556148711,1.213830321253478,4.369986463631621,51.11155584182198,True,3.036154706341773,2.845027528416293,0.937049591864913,0.424174366682021
683,0.3677578214057705,1.460999429605255,9.988639774054112,132.37429831317934,True,6.059131871479928,0.24857528499244713,0.041024900970134066,0.26083025202205334
684,0.37263457053581067,2.41635278106928,9.266466520393434,124.58411172713171,True,6.059041419287244,0.17401660676345054,0.02872015467818357,0.2705721736315607
685,0.42143208570687707,2.467866693539376,10.944125110812562,92.4455834599725,True,5.308719651001406,0.21176398948199968,0.03988984226018674,0.25875827939220386
686,0.3642043519655841,1.738162928988958,7.658968635482974,119.4266002053337,True,6.059025146272184,0.22371236353860025,0.0369221711641582,0.2571690197301111
687,0.4349127528030715,2.205975297988976,2.488873513306088,129.9774194486517,True,6.059201931533746,0.2043599405417839,0.03372720415179412,0.2382857621071035
688,0.43190882240434403,1.9959394109770465,9.23558961145281,91.72411172581761,True,5.318321119407644,0.28748818445597,0.05405619141854122,0.2712919566601557
689,0.42765607683486495,2.2264761785840657,11.241629234663531,97.90137080449948,True,5.613295362145087,0.2319237987677331,0.04131687071586855,0.2594242192620966
690,0.38228451308591826,1.826560667751575,9.294497389992916,88.55079059849692,True,5.133326488304418,0.2817708868890528,0.0548905057044451,0.27000439713254565
691,0.3709438413272444,1.270791396121042,11.397773672670002,58.51960949881957,True,3.3151208987698717,2.3797661846256846,0.7178520051889313,0.43182947013304895
692,0.41584350479451715,1.2625067498139426,11.959191087711039,68.99902193274268,True,3.9137217159594346,2.8634662576042884,0.7316478956405106,0.4521174389889677
693,0.3565095690536584,1.8564633434673619,6.066229547199073,89.17903736054615,True,5.2425550473733775,0.25222860244159384,0.04811176995994831,0.26322358630364384
694,0.448924869272725,2.1088644638529708,7.638701288739567,94.72391503870982,True,5.530285606858273,0.27621619170224093,0.049946098870499014,0.26826008773545995
695,0.3618450594851874,1.1251725078567185,6.321811049799327,70.23418651168703,True,4.133987554372055,3.749115584274701,0.9069005494004648,0.4383300986199936
696,0.3659165861577525,1.6774810861804705,7.5815657521711675,64.96073742684393,True,3.7976715246258816,3.2827783316062664,0.8644187129716705,0.5152141188434589
697,0.2955605285855664,2.208710939326419,11.640820685143654,63.13661872664305,True,3.577358248756481,0.20234567694362782,0.05656287765251491,0.2632290342684751
698,0.29277211435700673,1.4192586644396261,4.360767008918561,52.22391508763105,True,3.102058260155247,2.904091378664355,0.9361820878628552,0.4467654375019019
699,0.4028567248845322,1.0709850328379222,4.84660257390871,50.73033220775684,True,3.0069520618099084,2.788271555355287,0.9272750273501215,0.41419383002506516
700,0.388545150579105,2.4628806528122498,4.119693479671133,60.548186392217104,True,3.5971903423874294,0.2610407415459356,0.07256795351359827,0.26736633978072044
701,0.32996988294725155,1.932816426217333,11.318356100443472,96.99210365570832,True,5.557832583294589,0.208882446434363,0.03758343622335976,0.26015664018332885
702,0.38784937630947036,1.7701256852898684,3.034775178787506,74.84570420286408,True,4.45302668301215,0.48489988725925137,0.10889220338811258,0.3395423007309444
703,0.2859760520389298,2.0889700401507865,8.83485853847181,123.27985965665862,True,6.059012752897143,0.16278624499066,0.02686679358990011,0.28148598100725764
704,0.3421959845758906,2.065302455237176,3.3078269791215953,68.04845093469604,True,4.049621303084706,0.2609578658188766,0.06444006643784146,0.2650104439841168
705,0.35834553623372833,2.305990640973671,10.394729728441908,106.4769862759615,True,6.056272451144709,0.18353502454693502,0.03030494846912719,0.2652140133659393
706,0.2863766356152278,1.7134456940282377,7.612673937642182,51.385100295230274,True,2.9948348840046113,2.520397535773755,0.8415814672238452,0.4850685996464046
707,0.41805593611107894,1.5079477344271397,11.798890229802197,120.44969531176292,True,6.058955675290145,0.29975051173869943,0.049472306417614666,0.27413320396998
708,0.3502556620902856,1.1456301920875205,10.181580776578329,91.9560574605407,True,5.306534877625532,4.346465183775638,0.8190778509912502,0.4802638469028211
709,0.33842476466908217,1.585547147440463,8.508141443700852,124.92294519715534,True,6.05909853128229,0.22337443506398608,0.03686595190864362,0.2575981941704355
710,0.289198110003456,2.4134252513386225,8.052808808214563,122.12395896807799,True,6.058943088484712,0.15125908915997646,0.02496459975791009,0.3095483995305002
711,0.38138719868107596,2.4508091335528235,4.2088372349239815,81.45211060167955,True,4.822584146359335,0.20613153474626486,0.04274296279555384,0.25803357310056985
712,0.31444476186964165,1.8779676479241951,4.843098822080503,56.82059067733179,True,3.367090048157575,0.8671343535488688,0.2575322730151968,1.3683726603876964
713,0.31342072119001035,2.187759372328045,8.836209818943711,69.62272048216492,True,4.040201014117784,0.20709883785732958,0.05125953811051937,0.26236419330389094
714,0.4320088262033464,1.0274262391891171,7.546261051384266,120.04439461836118,True,6.059067355133236,4.184900914972309,0.6906840062483981,0.9639836667887662
715,0.32433477368195585,1.8201060376273204,7.128411388325953,66.3753087402674,True,3.8901602507286244,0.3142075288342809,0.08076981630137987,0.2812462176526589
716,0.4211497375795303,1.056157107339153,4.7679477926322225,126.1149379825454,True,6.059180109597358,1.1458062221928595,0.18910251906491027,1.21077347005264
717,0.31247588954959754,1.348722833251716,8.416892707967492,67.21440191660075,True,3.9111126589276908,3.314596501855817,0.8474817247439196,0.4795796531084564
718,0.31544327780410264,2.340812838868046,5.949407573738226,124.2852442634421,True,6.059053932560312,0.16156079468166115,0.026664359895108587,0.28502924960920417
719,0.37840666152930585,1.3986990202484635,11.057354803032556,103.68495545027332,True,5.947351881546818,0.3582059957746554,0.060229494220121936,0.2930389802067186
720,0.3303062411043466,1.9351798252107935,8.027251633003686,138.77019163083196,True,6.059161831815615,0.18089100740163153,0.029854130393382795,0.26408778329619587
721,0.4394983861924371,1.463333632523369,3.359878853229562,68.27263848944284,True,4.063463700568455,3.8789907131901757,0.9546020338873772,0.4320471058052813
722,0.408000793809699,1.3666548559390286,2.079267265867449,67.3708425564203,True,4.023507133089295,3.894175036013319,0.9678558797591411,0.41955125668765136
723,0.2819024988795856,1.495292282536222,2.1100665089924076,114.03102025538264,True,6.058941531839596,0.21899806353548887,0.03614460750028023,0.2398400786598538
724,0.31383216742413395,1.1730969901400845,10.72688464248219,81.88609623956137,True,4.706504065495965,3.758963191321375,0.7986741621831066,0.4892581242079008
725,0.28634236409585445,1.9083015675036403,11.779253861357798,108.05013189450156,True,6.05713553495263,0.18127516195671314,0.02992753933120151,0.26676671556117126
726,0.4170727743698072,1.7937634188220835,9.880160466342584,113.62740795273295,True,6.058610421177919,0.25775592935810715,0.04254373716737411,0.2632707720441636
727,0.3710415565291514,1.6325741414609842,2.7214780156051126,117.04328671172512,True,6.059075017121918,0.2460469784226769,0.04060800992352626,0.24697527180746226
728,0.4117046620683794,1.6107448647139562,11.562718763463062,121.81302566698523,True,6.059004479887385,0.2701681154426927,0.044589522311710546,0.266211789061475
729,0.34066924987861774,1.971359205406755,11.384827645035838,127.27810120647017,True,6.059055305543375,0.1871024934144205,0.03087981277266806,0.26291189514873015
730,0.44566505184689625,2.25399438775292,10.4341947715859,70.4896635064598,True,4.0486279569643155,0.34224358967239826,0.08453322787629379,0.28787932378492354
731,0.3949149007790603,1.765307657512108,9.546579999482194,77.55853341433487,True,4.487835202736717,0.4437121354410083,0.09886997079804294,0.32697604219763976
732,0.3381939593002432,1.79972703827801,2.732028527859931,79.69065632725577,True,4.739572345225664,0.2783360369200045,0.0587259813009041,0.26381506816619105
733,0.43439713347879527,1.109588569587146,11.081665833571547,89.44376938216728,True,5.1344818702781865,4.1208224499189,0.8025780505279364,0.4452822212372407
734,0.31499266535125614,2.370935585342922,7.698776864336205,109.1294965961111,True,6.058160404324545,0.16298212721635535,0.026902907209259846,0.2815705450305668
735,0.3680611367970104,1.7355831383109035,10.065925620286574,115.06241098031877,True,6.058703927233064,0.23159835574625307,0.038225725918913024,0.2591287223800651
736,0.35452089390228353,1.2696862920105787,11.768377971679293,119.0390742134258,True,6.058894499854377,0.3087383384325384,0.05095621626023671,0.27656784047547855
737,0.44320359606031867,2.068093529137262,4.689232110665261,63.96004900956428,True,3.791492513247607,3.085709035408279,0.8138507526064482,0.9691471463683983
738,0.3094824245123691,2.2293149641700785,9.242410607121656,96.64986285103745,True,5.595575464950664,0.17517324899397743,0.03130567179215443,0.2709027288524535
739,0.3303916528327266,1.8617411431838657,11.678760265041696,117.50386909715235,True,6.058773701556786,0.19755017031275532,0.03260563606493428,0.26054193051107966
740,0.42562223271365685,1.207022654719187,9.839496192394394,65.90335195654225,True,3.7972105195834853,3.046664095454863,0.802342688071203,0.4416285388288568
741,0.4020381422097074,2.117092793720671,7.738397725572182,81.84724405023906,True,4.782389262944547,0.2647485443605478,0.05535905377086357,0.26660612149138707
742,0.4491012231493279,1.016362511378598,4.03265433281514,96.72571344807301,True,5.713382186427221,4.523301509740038,0.791702946196326,0.4145586761143276
743,0.3417841045237795,1.5025520542968422,6.712471376502729,137.4431212412652,True,6.0591973948480105,0.22261554943911524,0.036740105154586956,0.25473705078561704
744,0.37939441803839724,1.222967499294083,4.811419345295036,111.20562050463224,True,6.058680138910232,0.4677241234848584,0.0771990124517429,0.33207990116202835
745,0.390022843538021,1.6987913371362091,6.229502451785673,74.67771872212475,True,4.395801400354589,1.454177370236789,0.3308105252706565,1.2345055983222744
746,0.3169693600116795,1.9733190299112329,8.994696464076991,55.105300058494706,True,3.181952411845284,0.38527047885698074,0.12107989969389704,0.3139001267229178
747,0.40340637125937984,1.834292194510425,3.766045674345684,98.74301536756528,True,5.830302833122461,0.27518557861895077,0.047199191276239956,0.2628771109527537
748,0.4033086888018083,1.409838284100479,11.387184946199568,124.36372007680306,True,6.059061636109319,0.30334767245004574,0.05006512405192055,0.2754862108427054
749,0.3277143153192289,2.4765924346571326,11.355103783802065,111.33058640778091,True,6.0581362677291555,0.16085119921043814,0.026551267931569974,0.28529898799241016
750,0.3697745162029977,1.1263044280097867,7.313775726264031,110.22144462497027,True,6.058474170727523,1.0319921938914152,0.17033863062050322,1.2120934760369066
751,0.3802928191238675,2.0854191866241636,11.902050073888786,129.37501623567215,True,6.059067794603091,0.1921823100875858,0.03171813166684909,0.2605057408206344
752,0.35887324202713716,1.1186868727499226,11.823535320467482,63.324981416715474,True,3.5846245362802547,2.57580317184857,0.7185698657638122,0.43802128993987965
753,0.31980022379321243,2.1529763573164615,3.9686069697368325,87.58809749664402,True,5.182097168987895,0.1941328137200756,0.037462210257626506,0.25971038070586117
754,0.36245440744681623,2.322181330124222,6.823369186789982,76.31443974805423,True,4.4782086606845715,0.21513961332054435,0.04804144460916132,0.2610745657765383
755,0.33674657373857597,2.0134432505088595,3.4426287870928727,137.1393171227246,True,6.0592059244188645,0.179008454905498,0.029543220207137393,0.2539679845750782
756,0.41010829683451333,2.2928940330496848,11.13366533175531,138.79131438644413,True,6.059127784743482,0.1857216588051435,0.030651550091546083,0.2622648584640115
757,0.375063794558217,2.067716508495102,10.531050470091323,104.94209941553953,True,6.024042597751609,0.20997804571110848,0.034856666815317655,0.2588298366565125
758,0.2993584192575266,1.149077422634457,9.31007317718916,84.34822556379233,True,4.89021733608905,4.096152301993391,0.837621729358411,0.49276934012243556
759,0.419687488195407,1.167996261276029,4.094078449989551,111.03640064181621,True,6.05870111597515,3.23046459242972,0.5331942491620625,1.1106807132182013
760,0.3469477238572491,1.6795567897122408,2.1761763789042914,88.49986771672381,True,5.259188640463818,0.2898117292831974,0.055105787051144516,0.2602377025654965
761,0.36187629122690923,1.6487684467571304,4.742695095876493,139.97108633504502,True,6.059234741347479,0.21301554442272708,0.03515551938747891,0.2496950625993093
762,0.4493269135077198,2.164563494003473,6.165567210431669,55.84561048819521,True,3.2880164640618093,2.94168273960382,0.8946678861728843,0.4851472606722922
763,0.2960948819055001,2.3029128713837084,6.181926968903738,70.00270093381313,True,4.119639163863589,0.18839551900451396,0.045731072919461206,0.2684444723421233
764,0.33851252549650634,2.174386252218415,7.608922146448348,139.35785452952197,True,6.059151650420239,0.17060845740079905,0.028157152559297027,0.2726898562033635
765,0.2885341887560465,2.1156685741946912,2.653777620787571,67.9602735800535,True,4.050464681891238,0.20664502643728858,0.05101760974763076,0.2589637383535748
766,0.32629321664357513,2.3691654762105774,8.312951494617256,132.61181256701252,True,6.059069072774109,0.1583537965319334,0.026135004343073455,0.2876713867707985
767,0.30016781170368845,2.0879136563032983,8.849918714450537,91.26661938339382,True,5.2983330611919435,0.18661515858279723,0.035221485026993606,0.2663054709176764
768,0.3876256600930144,1.5724573304844311,10.975654540647408,111.47419367358775,True,6.058341841557273,0.2821168243879928,0.04656667315350363,0.26973774974493914
769,0.3951463133749573,1.4592917809911874,9.316955960953972,63.66797151490352,True,3.679686157395783,2.9946963294873004,0.8138455839415204,0.4576614261971592
770,0.301826134058627,1.1956645695588857,6.601703429020418,109.9048586454036,True,6.058474573495555,0.33446687680794596,0.055206450526533904,0.2862674509622223
771,0.3573703189967411,1.7842627934671114,10.673973700747675,124.18458736196953,True,6.059052818387914,0.21068835348857232,0.03477248999202957,0.25789660552190297
772,0.3819535208558796,1.5235606846540235,6.18562588422863,81.18877737509142,True,4.777247423676014,1.5826591156930512,0.33129100825914953,1.2248476034077815
773,0.34053272769726345,2.3942765640966726,9.427672500014156,111.87286369261551,True,6.0583932764695145,0.1687753722676566,0.02785810768065708,0.2748128957665572
774,0.4210928972272674,1.3867072928936708,2.743711564543635,95.53235267338874,True,5.660929547072069,3.3060406062092382,0.5840102016318468,1.1042143511078621
775,0.4080989776791668,1.334353435308692,8.205203103638425,70.35076225218555,True,4.1006852987608395,3.5285836099622645,0.8604863218907691,0.452330171504955
776,0.44000051961786935,2.028492985779933,7.9383426283817045,75.08091078328738,True,4.383522060321768,0.41908760824107455,0.09560522394412493,0.3168214180672706
777,0.42048913116994613,1.606046720925598,5.078491033300197,58.17851660694679,True,3.4444767689640767,3.1878803103449007,0.9255049530508672,0.44657600631740824
778,0.3035695511621535,2.2827576634614504,7.1427435054082835,92.09153991943892,True,5.384151388272354,0.17409285041732228,0.03233431563542728,0.2733876876584085
779,0.40621144308890034,2.4229950037694485,2.993646946524024,138.23272238104954,True,6.059216019367344,0.17865558956921562,0.02948493484935522,0.2505961962471872
780,0.42023621470552974,2.0535007171487227,6.553343744698443,130.6645619444734,True,6.059153461874201,0.20892868645534116,0.03448149774881521,0.2541033295456865
781,0.3201038143421034,1.3171052443478808,4.257291307141684,82.12420051678984,True,4.863539583792317,2.9169413086668152,0.5997568763267569,1.1318517786934033
782,0.38262144375432094,1.933042039655603,9.832866021891679,115.38945026090822,True,6.058732348767401,0.21596745046452392,0.03564564962313622,0.2577735576127047
783,0.29393164308975434,1.749967781779468,8.55639315561243,125.07075402921583,True,6.059078282008318,0.1882878494675797,0.03107532873880787,0.262627858732857
784,0.43692334004951794,1.6074573867412,5.611115464725216,79.41305575702415,True,4.68415918672669,4.273863966961583,0.9124079256469882,0.47829582747209587
785,0.441559216301222,1.8721202320589925,7.370019921224488,56.20713513848065,True,3.285805592406925,2.835358286948821,0.86291115137821,0.45777490564377654
786,0.42289970431875834,2.424520379173382,2.5813245977786905,109.41297272960352,True,6.058586333906781,0.19966081063497373,0.032955016175568085,0.2444943146661478
787,0.3558320330687688,2.387362155947608,10.209995876915826,71.43806621799305,True,4.109336401896085,0.20710114123992995,0.050397709261371645,0.26039095590339434
788,0.3829049220156575,1.6891571595016621,10.584069306229479,55.745071280939335,True,3.1762377406665774,2.3489100608286346,0.739525895922288,0.4524735959130233
789,0.40086403016347466,2.1347073150984035,2.0554198687258376,106.28095537627908,True,6.0582277779611955,0.21527205824773743,0.03553383367836724,0.23915473700293566
790,0.37843151039071476,1.741026724743752,5.669287143588365,128.76282840636966,True,6.059160232104641,0.22052160599640191,0.03639474738231242,0.2534287737522436
791,0.44807893158442424,2.4904820146951714,10.039519044999928,86.71151479646144,True,5.0052979989298265,0.23540174622342955,0.047030515720294847,0.260262940049909
792,0.3921084857137767,1.9422968993460872,3.6700670446207546,65.0447606958054,True,3.868985710679077,1.0243511421328413,0.26475960852102737,1.367746087878782
793,0.30033958526952315,1.5565115612188425,2.901609942229141,91.26319182923172,True,5.411147179190088,0.2629121233571243,0.048587132201507705,0.2586748032745785
794,0.31707130452392723,1.223976491282216,10.359978181892426,82.60217446200977,True,4.759099033454661,3.8410473050798424,0.8070954771226101,0.5098149093090467
795,0.39475535372492554,2.051307001984604,2.4225424341347357,73.93218004004979,True,4.405512228160168,0.31364390908741224,0.07119351685885487,0.27337103737715873
796,0.4201600961229084,2.151939591289965,5.1613649454701935,66.2511166488166,True,3.919087923540545,0.3857286370323338,0.09842306285485489,0.3043979904145564
797,0.3037028195986636,1.1257837610741421,9.034024852661776,128.07379149003833,True,6.059126598687353,0.29486753848912556,0.04866502352880456,0.2734937099234305
798,0.3941929583335596,1.7082250583723968,4.191760612595575,62.9425375903714,True,3.73854451756968,3.5153079610368234,0.9402878431743334,0.473678002022063
799,0.35985282412909514,1.944929425520023,10.299228481406386,136.31306924212012,True,6.059128007806038,0.19071478050169452,0.03147561501522904,0.2604738063280143
800,0.3919652718414353,2.116057945678131,6.945416598577503,84.30577733223015,True,4.942418696411854,0.24867427927345118,0.0503142883167681,0.2630658744491532
801,0.32582109971491047,2.2446874719226884,9.464981918776076,109.21718429978692,True,6.058049573265346,0.17394214530942362,0.028712565522250613,0.27144751048276516
802,0.35963569357731545,1.5496784849101128,4.903241488045749,105.90344281368007,True,6.057875795975617,0.2803503830923767,0.04627866145400666,0.2666192424201328
803,0.36161779485143897,1.6175573400442416,8.894267819127215,122.23634442790333,True,6.059064479904103,0.23468933697990788,0.03873359290997713,0.2587400235162143
804,0.35519484183687333,1.617240254988496,6.698597056897336,134.67512297506363,True,6.059178501020291,0.2178413630145403,0.035952293364167845,0.2545555134537434
805,0.3472966891295065,1.9256410973851095,3.436200368012029,124.66870015863142,True,6.059155804713572,0.1942607411874499,0.03206069417068456,0.24910815025447963
806,0.3133081845683265,1.5948941245677202,11.121614120191683,108.89623230410834,True,6.0578246486408736,0.22817550984654558,0.037666245406713574,0.26024116907516204
807,0.3691949120159261,1.3446373662692472,5.3078032496907195,78.74995445764375,True,4.650618101877296,4.278568162983511,0.9199998944777683,0.460593113180114
808,0.35849594413655317,1.1431750511432708,6.134178733063728,80.81903541585763,True,4.7570780110083355,4.324294927478986,0.9090233369039045,0.4377283552746358
809,0.44813390079627907,1.793286351482167,9.48822397838202,96.33550637271668,True,5.57723865139312,0.33934470165311964,0.060844572532028164,0.2860388847910764
810,0.3599936487121599,1.9408277755664987,9.600404200505334,102.99650337923774,True,5.9483903011465715,0.21750051486522945,0.03656460048078982,0.25903435208232484
811,0.36363023905267333,2.3503328361604567,7.033272315041049,118.67891419249293,True,6.058977799065454,0.17715894088886006,0.029239080710311453,0.26730864216518757
812,0.4322452490102425,1.5606455698668198,4.515143204879573,84.85011441471451,True,5.018748903965562,3.7300497443229492,0.7432230254388005,0.957132296070311
813,0.3064969717665622,1.2411332683634917,11.174813448537986,67.64881994778816,True,3.859812911678339,2.9161152101238352,0.7555068799580337,0.47061192670333707
814,0.4244063780206774,2.268768438633623,6.972173417264975,116.8230661193459,True,6.058933247166699,0.20525413847726998,0.03387628318454435,0.2561371724792161
815,0.3641432580635696,1.9152279127317902,2.9396411145346963,129.67353127101887,True,6.059190380590882,0.1981243523559572,0.03269815600952226,0.243789174375189
816,0.3801012108711593,1.6508289404440326,10.684056105510683,64.72564649178203,True,3.70291694706058,2.8268532859423225,0.7634125545770917,0.49165437918344645
817,0.30703411891358223,1.4363948651933476,8.185201593904129,83.72323568734362,True,4.881802509034682,0.3502314708425186,0.07174224483566269,0.29167470533283657
818,0.29023045886554416,1.937717555216393,4.1364794055482275,103.37810850013165,True,6.0542641784220725,0.1860923239087334,0.030737397382159623,0.26058748948431365
819,0.3083489051646355,1.454099981059364,2.978380864987683,83.25026340827975,True,4.9452174688124435,0.3953065043999588,0.0799371325716215,0.30649855971135276
820,0.4292885055837713,1.6652247925231103,8.293621824744584,54.90075965609992,True,3.1878273578503036,2.6453174223797356,0.8298182823061011,0.4414833007768224
821,0.44454378819162754,1.064020951815327,5.821857616848975,54.526052528915194,True,3.216425696320481,2.9191978379285968,0.9075906343081682,0.418283906815375
822,0.3853923353819984,2.4321749695626553,6.833236275640709,110.85257933812147,True,6.058485557826016,0.18392902235889574,0.030358910754735798,0.26316392684779677
823,0.4132307827383031,1.4728813256744973,6.692565089588475,73.22151664007328,True,4.301905152035671,3.8619970672311497,0.8977411009174957,0.4602250553725633
824,0.3334857149911552,1.736127265329655,6.872603886935555,124.33880844044128,True,6.059109957483007,0.2050384820063857,0.033839703099159464,0.25663280432084656
825,0.38497988671261785,1.8622606195211744,4.488720304590596,91.40002659835756,True,5.397978897543489,0.2724647861289211,0.05047533369441558,0.2653603231182
826,0.3105389113779221,2.0597144771700258,11.744690572614873,57.73885242962179,True,3.2566082565038483,0.26110946623752845,0.0801783468171404,0.2686800729780203
827,0.2936340323935414,1.2459463266249535,11.680333058215776,59.40783920569898,True,3.3582439076822697,2.3797157658759116,0.7086190971513738,0.4459019017014474
828,0.43541858540432643,1.178787520801453,9.888540527992374,94.68212123559164,True,5.472190895032218,4.503027982367585,0.8228930731300947,0.44564450345994855
829,0.30679731586215875,2.0874236605084384,10.969572211794908,100.1159949600858,True,5.744085413259139,0.181003039070213,0.031511202575853346,0.2668014064478168
830,0.4295139404189138,1.9889244732881828,2.7064615954495994,53.33893929808601,True,3.187119470777664,3.065910422540851,0.9619690917305846,0.45515762128786896
831,0.3289086338791771,2.0463648443476643,10.837967488981164,127.49680525617227,True,6.059053537825596,0.1784229478666767,0.029447329810310126,0.26782319171141733
832,0.3849319497686077,1.3470827229040014,5.930279271766698,61.46262631067733,True,3.624518084634711,3.297222547193703,0.9096995711434024,0.4433594245539565
833,0.2958927728738441,2.2470679944677836,3.9881665621937126,73.60918926425198,True,4.365978755395131,0.18964894219039,0.04343789853673403,0.26548958397452527
834,0.3970004032616973,1.2745876548384731,2.348538308864452,138.44656532264185,True,6.059271102719354,0.30234177746892177,0.04989738408192912,0.2541603507204231
835,0.3548560881889365,1.52213367020547,5.134211992433558,63.85534203792605,True,3.7787447246480528,3.494133075440537,0.9246809006834872,0.4708826332721503
836,0.3199072454034748,2.266996084310676,5.136022373994546,67.43346688161927,True,3.9876052087962264,0.20969372855186152,0.05258638144250083,0.26318996809994966
837,0.3605142227702879,1.1504554674560792,5.904835661648668,50.17477553114443,True,2.9570790403757057,2.65971011852248,0.8994382910321381,0.4176467860764377
838,0.38216670857889556,1.1467532922621426,2.4375225432936567,101.55396571323544,True,6.004385560485022,4.510316511036738,0.7511703679922253,0.79791466625541
839,0.3739623490446194,2.4531395431386303,2.71661028599068,126.19998670263965,True,6.059144638226865,0.172426390710822,0.02845721648943513,0.25630033909296035
840,0.2921279645474958,1.6462403391584792,10.757074260891793,98.93316053894492,True,5.686895600847783,0.22173243066442927,0.038990065270650326,0.2609372375657828
841,0.3060682505073409,2.4555022615856688,5.7515297749340695,93.66586651297058,True,5.499689004946349,0.16429500984624237,0.029873509156331853,0.28250054473053465
842,0.30761352068160225,1.8036692185902434,3.555536469606447,72.9483662445753,True,4.334839382894806,0.26820548868480637,0.06187207067997493,0.2669828881227425
843,0.37172731106454887,1.8496276163822019,7.597463756837691,95.34090486069846,True,5.566257403201167,0.25143666563636935,0.04517158432015156,0.26307535396635506
844,0.411834139006326,1.3345634522971828,8.347725373863328,127.71705792754578,True,6.059135244609023,0.33540404893311204,0.05535510190691487,0.2861320555481104
845,0.3300406267684168,2.1348502931699382,3.1003880521300218,81.65494254126332,True,4.8487411071011515,0.20789143927962395,0.04287534324634484,0.25553403449695855
846,0.36022277238803124,2.2572360644259204,3.027255109667353,138.47249616503663,True,6.059207726310608,0.17301429941464794,0.028553947517490814,0.25593017800131523
847,0.35187266187474614,2.2882986147642703,3.1243085649925293,61.6685614894091,True,3.6751875819793445,0.248859561458022,0.06771343119416881,0.2636382448918462
848,0.3349972006823867,1.8212287421720714,8.77129777322611,77.67828813368482,True,4.514582719097717,0.26765326828510566,0.059286380367530124,0.26744148216660557
849,0.3207936435695907,1.4004173724661704,4.4965402145077515,79.8508416480847,True,4.7272682278419405,1.0522290152025913,0.22258711892109992,1.2196246104251474
850,0.3003091496696981,1.8873741829358868,9.982382880760776,69.57917611819985,True,4.007619429935252,0.2389107407806551,0.05961412877582416,0.26268952546253965
851,0.29157037077511566,1.4351406191732123,4.632420505518779,127.43367302112128,True,6.059166798064035,0.21768126360011447,0.03592594012590408,0.25240875196790524
852,0.41264199208216756,1.4934243914666487,6.466705769257633,121.9489710251347,True,6.059112421716331,0.30180828341944227,0.04981064261784249,0.27348952280272476
853,0.39377155029818744,1.2497092135193748,8.923502437548628,56.51455637926986,True,3.2679085249632713,2.652880528929643,0.8117976707929605,0.4294337758929374
854,0.35440729731886955,2.182909909965983,2.6097134852272976,65.531737234168,True,3.9087446011018883,0.25843557833760583,0.06611728437431086,0.2622040597324271
855,0.35192183474592886,1.379993298194284,11.376704979670148,62.04188241357335,True,3.523448647422023,2.5738607580093618,0.7304947554415361,0.45497712074753416
856,0.3110118937750139,2.1606035031860777,6.384568201627491,88.39046875300718,True,5.188025937116807,0.18887023632698244,0.03640502931485828,0.2651170263507492
857,0.4203414353704502,1.0241337901472414,2.00218735939622,72.06990806339935,True,4.301239392336889,4.163890088489445,0.9680675053585378,0.39362934887874923
858,0.32377630837298893,1.8923140737326265,10.994620258170475,125.70971265843795,True,6.059048243165438,0.18762686131300663,0.030966391714185203,0.2630413981689679
859,0.28558205322418617,2.0625082459203936,4.06996457322915,74.94816922657034,True,4.44397040904812,0.20006515592368468,0.04501946176696928,0.26263077235017196
860,0.4460675571353066,2.3888591060888555,8.034797840343035,94.3986037290586,True,5.50150552294782,0.2323157773473429,0.042227673202964146,0.25922665368882436
861,0.4027502876458472,1.019247496894302,11.096604628949402,55.23095538664691,True,3.130506245934341,2.249075117104636,0.7184381503871972,0.40988275243415506
862,0.33097211143121885,1.838633769448741,5.696540601701665,63.60983409970846,True,3.754537391224883,0.3653347210394333,0.09730485622364417,0.3002145288155873
863,0.28705491564055574,1.1589736819255578,10.56004567077947,54.95979722344234,True,3.1307048103629684,2.3145048698363273,0.7392919518234579,0.42699920385292556
864,0.3436703069530043,1.0143232725963114,11.834897785084285,106.5743668719594,True,6.054557123903028,3.54153156977894,0.5849365192702842,0.9962820827380421
865,0.3907166526117591,1.3879078313469995,3.204966421079183,131.66203103144596,True,6.059220398407922,0.28202675134597843,0.04654505576659364,0.2563617264987772
866,0.31512613747905777,1.561905234408549,4.086901426993927,58.626443471474914,True,3.4847818449381576,3.279442817477063,0.9410755001035829,0.47747034720435577
867,0.4094286191797405,2.362774927027268,10.472803939103828,116.35487935023903,True,6.058750032500958,0.19321899593878522,0.03189090074723341,0.26024726633884665
868,0.37625805171622956,1.3394428732473518,11.702236642177013,102.58554490597545,True,5.866279280684246,0.4261944750371472,0.07265158282532973,0.31925951616807735
869,0.3196247292318338,1.9998182117351515,11.855339448700924,88.35960667073768,True,5.043202244042327,0.20428910909729378,0.040507816108034556,0.26049833332768557
870,0.28514741737261556,2.311221069955906,10.63080838204352,126.42966579910701,True,6.058965099632494,0.15281397787683054,0.025221135187938195,0.3051842557970481
871,0.44713550161314514,1.811687702986959,4.986618031116413,122.95642398999217,True,6.0591427074934465,0.2593776193970381,0.04280764324567918,0.2583317574421815
872,0.35971226514673277,2.224376219089734,9.067058657226974,76.18988849311144,True,4.419260559566181,0.22356646572935457,0.05058911162081402,0.2610530814977037
873,0.2932722431867509,1.5035424816186662,6.769354318341509,105.44826393173409,True,6.057240976215466,0.2366323288590947,0.03906602523958711,0.2605207897231656
874,0.39562405015785257,2.1056812753424023,7.833039787690692,88.97656088719873,True,5.193739766879659,0.24229454104339865,0.04665126708667702,0.2617077468694391
875,0.31940480765551876,2.167322118135291,9.494996788481501,74.1359807098395,True,4.287271424145297,0.20585947478961006,0.04801643153037595,0.26177341971584545
876,0.36672395505766914,1.8080746679758835,2.472517205914782,79.97855285868297,True,4.759441350909994,0.31966547612079027,0.06716449527415039,0.27437089932124836
877,0.391717083319041,1.16179144447021,2.4002046333096,83.98817297626121,True,4.995506350946206,4.522302031223682,0.9052740029781178,0.41084182608634423
878,0.4133660251910425,1.9412715540127983,9.96040545138595,90.78100828064487,True,5.243817470143805,0.2799061718186195,0.05337832092979839,0.2690627164688051
879,0.4416181985036778,1.8863708720022379,10.90228324291288,129.48055805649227,True,6.059102619122407,0.23592378187109886,0.038937083047005695,0.25825232636501516
880,0.40830572714151003,1.6803488206536956,7.954451720504041,116.89785768433781,True,6.058923886844251,0.26501822479198534,0.04374014754788713,0.26424900887349434
881,0.43372199302441955,1.471425756028098,6.774457067260892,85.903091226768,True,5.0403229633054,4.463049174678195,0.8854688890315408,0.4721528025639503
882,0.2841788025301073,2.3938867118055986,2.1597563878662362,132.88925789334598,True,6.059086660388602,0.1508161933586556,0.024890912081621048,0.29702131448760616
883,0.4499597545908305,2.3596267159555566,6.431474370270004,69.76421044418625,True,4.103377876369048,0.3191173275286227,0.07776942244739102,0.28056454650219553
884,0.39609059477978115,2.0780558672913387,9.059227776782572,99.53133878067825,True,5.7692237287981225,0.2272460930893961,0.039389370870652175,0.25917750417961116
885,0.3163044523829946,1.1758419264313882,7.355570556524279,53.454863848811925,True,3.1234262568856677,2.6863736238180356,0.8600726903335274,0.4293277029775253
886,0.31286694793082387,1.4526467858961574,10.712599599624028,137.66010584147674,True,6.059147124301084,0.21559005019815183,0.035580923482365495,0.2577093435797111
887,0.3210452721478875,1.0593610262232989,9.22068158980289,65.3651060615808,True,3.7823135375540406,3.1097357544664277,0.8221782048448163,0.44448563056643975
888,0.417670756840698,2.270110580421784,4.083537661475967,128.2640401648202,True,6.059164443712962,0.19474998273526375,0.03214139252109883,0.25071507199820386
889,0.39411264627150966,2.258555618365842,3.6818865432782197,63.88185563000984,True,3.799858000398223,0.3088160651376749,0.0812704225013964,0.2792500929946886
890,0.43030455910491194,2.093872050276677,8.760477468247903,137.2016999317601,True,6.059161617779841,0.2055050344408824,0.033916414085713435,0.2557984879979136
891,0.37639226536188164,2.1971408570861115,9.995696333190676,112.9782691475433,True,6.058512645772112,0.19351825335149442,0.031941544842122215,0.2606851188637407
892,0.34359383786830633,2.312269919437317,6.57619025910718,126.3136797428725,True,6.05908464769127,0.17008172458449772,0.028070531189773856,0.27315184795832925
893,0.35120390058714324,1.37016570050248,10.653388401409282,62.62758422979691,True,3.5804725777042243,2.7253542303363623,0.7611716529564491,0.4575324811595167
894,0.3361152910966934,1.6425574930808935,3.001273594139227,67.77168295688998,True,4.037475549603104,1.7070771758687182,0.4228080529271636,1.2299092802470537
895,0.43616491217586123,1.3601559825678777,2.5429915061224877,135.60248849795747,True,6.0592528667761645,0.32533750968446795,0.05369267743690722,0.26464415394437735
896,0.3831122132356817,1.959399465269834,4.773047767448015,131.15821039185738,True,6.059174372041014,0.2009829535514449,0.03317002304453312,0.2516456941011933
897,0.29106875460869325,2.041530554057613,8.390980586298456,110.10523679858476,True,6.058287598896427,0.17479409375174695,0.02885206271547546,0.2721042270799656
898,0.3148664908004972,2.081434899667487,2.934778013515447,126.99510460486836,True,6.05914793611552,0.17296194003625368,0.02854558790441721,0.25799186150511666
899,0.2896160961445251,1.5295878643724004,5.425243600261966,98.89527576607635,True,5.812486370944458,0.24111863924291319,0.04148287391231067,0.26067844634102233
900,0.36472061897785224,1.2249024812537366,2.5724939543323075,83.06509782557856,True,4.939667288032011,4.521568139834547,0.9153588442666071,0.428846270717528
901,0.3416304781771772,2.054496997628168,11.979284016311285,53.58890858661125,True,3.0039750539071726,0.5565142992460783,0.18525929452118395,0.4038378292686824
902,0.3075230886795146,1.6118306661725652,11.756719761974695,75.54526195647591,True,4.303024477459275,0.30961388558227465,0.07195262011734742,0.278720269520627
903,0.41220772292753827,2.194832306549765,6.396987216172372,116.20874602439213,True,6.058921223811541,0.20597445015160892,0.03399523488473988,0.2556805442179453
904,0.2966289322196512,1.419130196149283,9.733397079687752,68.81160728080832,True,3.970569860423029,3.0971665491536258,0.780030740681553,0.6762028339887824
905,0.28343214603232153,1.1932918666604244,6.052745423664189,100.36240191331561,True,5.885556676809377,0.35815375516475695,0.060852995703189104,0.2942565360984668
906,0.31836318229649,2.138079510369453,6.475574185616831,75.97974021925025,True,4.465300335757855,0.20895894465696,0.0467961679942622,0.2623375553907259
907,0.39019036797288276,2.3086076738970918,5.484468056584938,97.7465686047324,True,5.744340608548676,0.20386830417196952,0.03549028827931522,0.2574345464729495
908,0.40651409703854147,1.9859382374431402,7.562054895895448,98.10221846175178,True,5.725046890999336,0.24999027840896984,0.04366606652637089,0.26209354599002843
909,0.4217101191817182,2.0670875158483266,5.5659772699684105,63.92595297005314,True,3.7756291203819674,1.4339711411559368,0.3797966101635711,1.2359597491312937
910,0.3586014913788392,2.3822273425388185,3.805920833223367,114.43205929363388,True,6.058869256861066,0.17595918281877848,0.029041587688911134,0.26214064689786687
911,0.32292059656517064,2.1956830917018806,7.023249783888135,60.062479969748374,True,3.5196923528695234,0.2377891210873461,0.06755963227680457,0.2649388682250944
912,0.36302399925508116,1.8528556161409773,7.213513352369468,76.3605413343612,True,4.474116602220995,0.3019090297733394,0.06747902583125992,0.27607631594889304
913,0.40033371377326143,1.2045976378186245,9.848411723895975,119.11626786997093,True,6.058973512211505,0.43985225599625943,0.07259517723749132,0.3245648532483667
914,0.44539652494752485,1.895187210337453,5.47560266572205,59.4024219163975,True,3.5103946312321095,3.216251766766088,0.916208034889006,0.4659081452121412
915,0.3137269226499254,2.4250687407433436,9.8155499266292,58.11442471250168,True,3.3365940354368533,0.19966295257198705,0.059840349305739136,0.2640014578247323
916,0.36888955974790194,2.4644351420792083,4.17894389502781,134.23421351708936,True,6.059155535231534,0.16797210227231182,0.027722031774167558,0.2691635435443285
917,0.39463270013646634,2.439568133796197,5.548200336622676,119.81251289522902,True,6.059049402510863,0.18196824660589994,0.03003247448857118,0.26141881996475425
918,0.3753448183474928,1.9589906121041794,7.426046632041777,55.000475837109775,True,3.2129807087537934,2.743886925914408,0.8540004359312413,0.5097522745352712
919,0.4147826271030699,1.230571363148991,9.573609188580539,135.94759994112317,True,6.059167067590948,0.34273219277948624,0.056564242074241475,0.28848185189360587
920,0.3445372821395844,2.430871747387573,9.042871437381265,74.23308295279794,True,4.304440154224382,0.19481398784158638,0.045258844556218474,0.26307838722877896
921,0.3728043199153448,2.2201790834870025,9.483259934926645,130.05714713416023,True,6.05908932258053,0.18161617415659806,0.029974170124834672,0.2646543509643826
922,0.296862713474851,1.0282139423286978,3.2898054458961288,129.5779877023374,True,6.059212117888199,0.3301048939472801,0.05447983789389612,0.2737887808142929
923,0.35334715810052053,2.235593091946714,10.641240247458642,106.95093865932674,True,6.056763999938538,0.18583556031968032,0.030682318201859293,0.2642233933215139
924,0.3940445500229406,2.1632144618246367,7.839876110624193,114.64564880436595,True,6.058763946371332,0.20186794500070981,0.03331833799559248,0.2577264081793582
925,0.3393399156519903,1.073316952915905,2.502129722471091,72.10920623811441,True,4.29861243072874,4.138090009625121,0.9626571542118754,0.412490684207349
926,0.3100848294612624,1.9681351747181475,6.293343616032902,120.88984580716331,True,6.059054986975788,0.18067846763059406,0.029819578798834238,0.2646511798866995
927,0.3993026820154606,1.4201993536988362,4.575662010672134,59.775873247553065,True,3.546421486956482,3.3211750520492016,0.9364862761700146,0.4402248830362345
928,0.3206306589873784,2.330684229198451,5.035739104024962,126.23754351386907,True,6.059085832320869,0.163259745594895,0.02694461674796247,0.28078283051027686
929,0.35031792741020623,2.045648648637508,6.005326583860663,99.07361566796632,True,5.810542175425654,0.20634176885656116,0.03551162053848193,0.2582518484022853
930,0.3317107456029674,1.9626137952088203,2.6557448150640397,77.97058881787078,True,4.639231544029625,0.23935665423522437,0.05159403059829167,0.255689698418216
931,0.4173753232244527,1.2634004840687072,5.835190569493157,57.86379856853342,True,3.4136387483472688,3.106063686326383,0.909898180594007,0.4304169577359107
932,0.3604346823416597,2.3794323103767643,10.800318607535978,51.6241893911875,True,2.9253077012661257,0.2852862577225281,0.09752350414250475,0.2743279161014467
933,0.3029012503017548,1.835065635110602,6.234163543857979,127.35612667839094,True,6.059120960981306,0.18388445695553493,0.03034837200638323,0.2620375391213745
934,0.29859332351567025,2.2414564478361614,11.801021024975974,133.2751453022925,True,6.059022001461771,0.156607523767542,0.025846997045027995,0.2938407692232179
935,0.4249920485337976,1.8241082797118353,6.8107175199954915,61.587015958096316,True,3.615092110773478,3.200289693930675,0.88525813336633,0.47667987021003144
936,0.3673723383565268,2.131962235395428,10.138749144735975,107.42556223621621,True,6.057409998370135,0.198751161942721,0.03281124473928608,0.2600809666511843
937,0.40007868639818744,1.4640997968774323,10.694575707782226,101.05198109885131,True,5.811487419456583,0.3907998037902114,0.067246089612417,0.30528673135834916
938,0.42429168730503547,2.0021865158915473,2.202676987064035,79.4595282813984,True,4.73196205227099,0.3612870624931958,0.07635037189696077,0.2870846805737495
939,0.3246877593321712,1.1962913899408976,9.300360760490861,104.17257146290605,True,6.020495004058981,0.40025106694811907,0.06648142165690234,0.3089112536251579
940,0.35930600500391263,1.1947548104086059,7.534558048822912,138.68380893286457,True,6.059207236249258,0.2924446132560494,0.04826450092455942,0.270582494576455
941,0.34774003477773785,1.646657477673127,10.617437235437293,52.18983560215099,True,2.964954610623445,2.14559159155787,0.7236507378123787,0.4411846605754084
942,0.3364687257836063,1.5665270151055373,5.520300639553862,54.096743276746324,True,3.195732206877961,2.9127527388685492,0.911450819502218,0.45699714259248614
943,0.39282214187906844,1.5483866380545668,6.646037874498324,70.2728913410285,True,4.129716380893424,3.6995710980507504,0.8958414469253175,0.47679379466872174
944,0.3914601210455172,1.1724413057442373,2.0812098945842483,115.97171751467634,True,6.05906446642113,0.6104145565948045,0.10074402739526457,0.6260496469919383
945,0.3837777771459843,1.7628729131615561,7.620335099866754,50.21482149995891,True,2.9256349163817403,2.4623945870752433,0.8416616076351021,0.4433765506115819
946,0.35297039104905326,1.0173041063309027,11.540198869977385,82.79924529270414,True,4.734302187066659,3.6898399318030393,0.7793841174488355,0.4566319217736403
947,0.4090853346408278,1.3414763915191368,5.08889220750307,79.01038532171145,True,4.669533040523248,4.321868690854087,0.9255462277165506,0.4403011424857186
948,0.3923680202598996,1.1738848587393016,3.312188352527911,87.1856109470163,True,5.171287136143235,4.522748095945354,0.8745884683785778,0.42562111373276235
949,0.33187984249435687,2.2361662296469165,5.542923592931306,114.56269291776916,True,6.058814765581022,0.17511082003824555,0.028901827636820476,0.26812789793040714
950,0.4377586756404964,1.3568450276304607,6.08843806093899,129.19198069145835,True,6.0591732485545915,0.3615413247498168,0.05966842503406914,0.29430073009786106
951,0.3418782877199228,1.653881914293501,6.836669502232162,53.931668656258736,True,3.1620425642075483,2.765745996432528,0.874670704227431,0.46437788936468793
952,0.38430046689065117,2.171651373781452,10.722161219415796,122.0838099643628,True,6.059001157421564,0.19231261443940526,0.03173998641737259,0.2605583160978955
953,0.4200320538953914,2.0387038037043146,5.992845575512947,97.23243836169738,True,5.707794899792013,0.2544793914956577,0.04458453675427803,0.26201104519603335
954,0.3082686358262042,1.598290130561204,11.28657084776188,72.59715749897155,True,4.145934321244063,0.35812706344287387,0.08638030313403791,0.2962508162693682
955,0.3870346760556291,2.221279185928157,5.277308276003335,110.83860121189963,True,6.058582830192448,0.19766405594682446,0.03262546068723893,0.25622658093415707
956,0.4296235506101112,2.133591262795316,4.82864629474668,117.3502471082516,True,6.059025125269949,0.21810424656442604,0.03599659054965691,0.2524509437332436
957,0.44201547342315006,1.3955317283161621,2.7126204378267125,139.74705852171314,True,6.059274576990849,0.3054062156111684,0.05040309887439346,0.25832479858639923
958,0.34957983190237624,1.4308973632950979,8.198548453716462,71.35520660147337,True,4.159519391839811,3.5678060436610424,0.8577447795195767,0.4888709529304456
959,0.4370217246602428,1.156720043556185,11.161024862963519,118.38726592066124,True,6.058893009983385,1.5609717274044974,0.2576331558970337,1.222243920259002
960,0.38568198241755824,2.26026795601399,4.481736859754294,123.72763419876848,True,6.059125782974887,0.18661302223637577,0.030798671115349122,0.25598146545476563
961,0.3176584763437641,1.2433687418779784,6.631338404422423,85.42825478009445,True,5.015458801578982,2.8206268692391196,0.5623866092472182,1.139777640702178
962,0.43714491725593135,1.91928752062061,4.937879914509216,84.14250359312916,True,4.970573472593067,0.376757969485489,0.0757976864365593,0.3004416942344812
963,0.41018882683659097,1.7759567795395539,4.4519806771953085,120.86510494807693,True,6.059125581891123,0.24309191353997664,0.04011996619883638,0.2540399260617727
964,0.3594066351914005,1.5546718477324215,10.766468779441585,61.336335088344164,True,3.5008146631255608,2.6300830587617723,0.7512774344968063,0.4702272491612378
965,0.33920505294149944,1.9442288353508672,10.821620450040923,117.43953304653513,True,6.058808711801419,0.19447107995591323,0.032097247034242916,0.2609941909983746
966,0.446859313510801,1.814256906839049,5.582180970509912,97.55341755909373,True,5.734616894928266,0.3528633104702094,0.06153215061014523,0.2924517693066315
967,0.36571229042653947,1.5426497182374002,11.393146858692473,54.670833979291395,True,3.087731757713562,2.1649635216392724,0.7011501294537349,0.4358061679345573
968,0.32521052068576245,1.3554100906495326,3.9200047999124723,103.48644601729143,True,6.055781084283348,0.3202204899450518,0.05287847851305663,0.2772620650058326
969,0.2880748359748308,1.8212853034070307,7.04490010037885,113.07116362435005,True,6.058668148349743,0.1878839697643,0.031010770876347755,0.2632504191293972
970,0.2868240144051925,1.0398140505667213,9.44143556854284,103.0791368410295,True,5.9603493073537805,0.9481064702631891,0.159068944011961,1.2150724350622037
971,0.4119221724266864,1.511470510462725,3.40006553898731,71.11177738017312,True,4.229946587933828,4.024549069615223,0.9514420539246257,0.44552133339504696
972,0.2980260409485443,1.409308920681927,9.43928770963858,61.40015081242823,True,3.5425551479725232,2.8414361495633225,0.8020866382812797,0.47619602390755356
973,0.4356761519477712,2.204107624029442,11.020376904107584,85.65709635920061,True,4.915340336841084,0.26308552064158486,0.053523358020547696,0.26446357696675005
974,0.38256855957401614,1.1699499500826867,4.239332520824541,132.2963458681876,True,6.059213879306592,0.3587604794138817,0.05920908001599339,0.28862874321515397
975,0.34390781524403224,1.7673922814940914,2.7964756326601394,120.08613447420751,True,6.059135709477061,0.21005930315003432,0.03466819579919323,0.24375886096739885
976,0.3953131787341417,1.8364986292822567,11.26093547326152,121.01534450529476,True,6.058979332795721,0.22654196438565108,0.03738945983186257,0.2581673241780025
977,0.3333335036206025,1.7171350861586352,11.707443470232937,59.24864614598654,True,3.347609169600421,2.3456503049493413,0.7006941928138296,0.5176345882166427
978,0.39110643829227215,1.5614602195478016,4.553020436604797,130.94127898946218,True,6.059193909465764,0.24832950543216112,0.040983917851550686,0.25407425768396896
979,0.303075910353095,1.5343413624747329,2.971697694273448,54.57062739604507,True,3.2575057495361057,3.1221102653414263,0.9584358418357478,0.4589300698881389
980,0.43672148383018994,1.8303498684531896,6.7932699956638105,64.0434675461072,True,3.760295572685585,3.3391113102232577,0.8879917138637271,0.478941806128828
981,0.37220737496669276,1.4300799568928229,8.767316924532352,123.58271084684328,True,6.059091048508882,0.2751539538041279,0.04541175427159857,0.267155671443867
982,0.36915319763212623,1.514567547120312,11.692342859139139,127.86862507772385,True,6.059083877960149,0.24703691371943878,0.040771330896743785,0.2611605389567848
983,0.3706516358650697,2.3049729813198727,2.872514546690967,60.33814026517953,True,3.5994099156674646,0.2763905323597334,0.07678773433297059,0.26901681799251564
984,0.41274087150466787,1.9062631738006097,7.037511514352629,115.69580518042997,True,6.058882476695365,0.2348728968741812,0.03876505242964963,0.2575731090604285
985,0.33107879149164526,1.076360756728287,3.409045574267139,59.287626465936285,True,3.5325526250906707,3.376818750291546,0.9559146341676573,0.424712919835887
986,0.37875488577055616,2.0913387104325443,4.228951196696933,83.83589908495581,True,4.9623281288126195,0.24268434621750995,0.048905340380137094,0.2597565842262859
987,0.44695056158860946,1.6897785043179425,8.947872886850831,91.62684381271944,True,5.321064844184142,0.551250729359171,0.10359782214676094,0.3725852731971351
988,0.3326197286163716,2.243713812333051,7.079655305241337,91.68829969435649,True,5.364367656212806,0.18888045898665115,0.03521020017483272,0.2643798341903949
989,0.31060092837552145,1.630039812828682,6.059469987537401,52.81718147136093,True,3.11060125979979,2.7839007571716556,0.8949719120704136,0.46883712813606504
990,0.4186931793765983,1.8174027039198213,6.416526008443756,118.11767682360379,True,6.0590206802117965,0.24698897059743358,0.040763843471285185,0.25877279508688833
991,0.3935306864067344,1.021682230842474,4.607510162206106,61.73788244613566,True,3.662075827046282,3.4353182958927926,0.9380795095833979,0.4227922231258625
992,0.36105327231399575,1.2136424933334224,11.25023075055025,51.52347578600613,True,2.9062942570750616,2.018830960063079,0.6946409349805003,0.40776802654917566
993,0.4475756395919227,1.4213522651310107,4.4246181909826365,112.3608961121521,True,6.0587803308712065,0.46320408986436623,0.07645170555271823,0.33027895145024555
994,0.3723903442008718,2.4406454519626593,3.4875325792111838,132.32066830155242,True,6.059160207520131,0.170433596106726,0.028128253795830956,0.2628560479881892
995,0.38301257611571893,2.4921692360320717,2.5870937648857333,78.6544598445705,True,4.67910403076575,0.20714891250159176,0.044271063677909124,0.25252309350372926
996,0.35306837333502117,2.3274461238476998,5.573899344598835,137.86399611833366,True,6.059161343202113,0.168289990750034,0.02777446930652238,0.2726088889867446
997,0.33686581241479135,2.4932528012027957,7.900101891594378,55.69596111261649,True,3.242499261985902,0.21283148971927193,0.06563809966418346,0.2624338009204372
998,0.3404281421678348,1.521757319922063,10.538811428123145,137.34436430412904,True,6.059149008711174,0.21974709094542608,0.036266989082047334,0.25733458547553045
999,0.4352019051431255,2.435910106048713,5.198301687680978,137.92188408252645,True,6.059196267855563,0.18704592850522647,0.030869758997165597,0.25572530865005083
1000,0.337229131502494,2.1689821633030775,11.035740660721267,118.02915602778816,True,6.058812566955147,0.1777778931627738,0.029342035456316477,0.26816989495444643
1001,0.41187423655334265,2.039361895587138,7.012523496918071,119.78813900709596,True,6.059046084016927,0.21557204709182487,0.035578545550343205,0.25559231077278755
1002,0.40646626581692846,2.4612908324672187,4.358681069789121,116.0522434748046,True,6.058959168992454,0.18676822984335265,0.03082513425724412,0.25649805755691135
1003,0.4332609696987385,2.1032177475619447,10.07217425943652,82.2403281271175,True,4.745601219931045,0.2878945457358303,0.06066555793325034,0.2699864577814761
1004,0.40356869824567576,2.3991604211911652,10.764561311084586,77.77754284343342,True,4.464079735332861,0.22771021105089786,0.05100944081455095,0.25971307355223283
1005,0.34526115574238797,2.01535496098013,10.743425607608613,75.42939335358815,True,4.327871142437836,0.23928268889538262,0.05528877386136725,0.261361069363073
1006,0.33790230033489593,1.8737898307816496,11.066740188269835,90.56016853200356,True,5.19692256421207,0.2294849181877507,0.04415784829430954,0.2606353664431098
1007,0.4461341973650488,1.8760711102574747,3.627445614253648,133.95402229681423,True,6.059218936423791,0.23435423411015976,0.0386773009143779,0.24687899007199343
1008,0.443060568124157,1.9453403953799493,6.8443799009234505,80.22232735637394,True,4.707731102211341,0.41414728551462654,0.0879717376636255,0.3145035288946687
1009,0.31048836734005697,2.101864874668742,10.703105787215135,87.80803001453125,True,5.047204991489398,0.19105243256180496,0.037853115315101674,0.2635559835527972
1010,0.40856739688451843,2.443934874577416,7.194323590357444,112.23839074011536,True,6.058597843137514,0.19075560291045385,0.031485107255719236,0.25996102455411396
1011,0.3203341524092821,1.7903051513157802,9.588792551968176,76.80807152201413,True,4.442134939106365,0.2593886756061767,0.05839279516762237,0.26542740012446986
1012,0.353578828445302,1.2522118603504933,11.565251984785496,136.14489331564442,True,6.059141170163352,0.27637985280412625,0.045613700859964475,0.2678700177700426
1013,0.3465084908669698,2.072913551643987,9.765859027664812,52.301765425889926,True,2.99570476577782,1.1837463580077177,0.395147870220904,1.275049967116928
1014,0.44445009179767325,1.6862849348135098,7.673024423183969,104.72899648688639,True,6.055649202846648,0.34449450349467803,0.05688812081993415,0.2890707865219917
1015,0.370017820310363,2.4649722564243586,3.8541922463677443,61.133623837017176,True,3.634939759637372,0.23766574614047592,0.06538368222206409,0.2631426333538549
1016,0.2838999039445369,1.5904081434700983,9.17359342413063,53.6137153329623,True,3.089453723485223,2.4379929204689414,0.7891339824694423,0.47215530891670854
1017,0.38056264237769893,1.5931142426119973,3.798035710806994,116.97587965453668,True,6.0590490030779005,0.26026421051553184,0.04295463040211785,0.25624184032533837
1018,0.3602893290196112,1.4828688857937815,3.9348546419291557,52.99670308353341,True,3.1534749706896887,2.9805716501401656,0.9451705429227784,0.43896278473399786
1019,0.38874481723274057,2.3780695118438855,5.954218793801196,95.29471879502597,True,5.595288874974402,0.20018198561553513,0.03577688124573388,0.25884875342417946
1020,0.2990085949610746,2.22529434819828,6.3563536437806984,121.76106565864879,True,6.0590266331671625,0.16279305840674843,0.02686785654904005,0.2836085203347114
1021,0.4232640879340517,1.4365575823485477,9.947303620088732,114.72723396904277,True,6.058704004729496,0.34233129577550614,0.05650239647097436,0.2867273832116295
1022,0.3005637740911758,2.1781163993921937,3.4244952440035092,116.92558341732398,True,6.058985389711474,0.16787341051226526,0.027706521754834488,0.2695224394392177
1023,0.3033889467081221,1.386110158530104,11.653903641245385,88.73045567197283,True,5.073662186773771,0.33039107389490807,0.06511885532233205,0.28446177062054234
1024,0.28946975840255895,2.22203365285465,7.206566230207292,139.4192663259704,True,6.059105353026803,0.15395810667105428,0.025409379388682374,0.29801278248482266
1025,0.35392492158805783,1.2380059307580948,7.712201385771111,128.33123732418144,True,6.0591455212418985,0.3033589976679887,0.0500663000425531,0.2750239957215599
1026,0.37444286970913954,2.0484283874410307,7.47643999486584,84.16724568291397,True,4.922927189469044,0.24515320972500793,0.04979826032150775,0.2628443901963058
1027,0.28162219724514637,2.3758610645557363,9.298391888308904,130.6027516698563,True,6.0589786594696,0.14909542805889878,0.02460735322542802,0.3183889159132214
1028,0.4331894811260443,2.1546247632891857,11.11116071312183,87.15794559790652,True,4.999532610980648,0.26508943828737747,0.05302284411649847,0.2648688220466333
1029,0.43558489196191574,1.863351112408909,10.288410077476918,65.63824025079062,True,3.7683691749600454,2.9402477574413046,0.7802440846238158,0.4972259308743885
1030,0.4054641611873953,1.2446513411185212,4.865564804898347,102.94766388225993,True,6.041932488462743,3.0779928462414956,0.5094384705752701,1.120132875970866
1031,0.3582002970529311,1.1513855757964873,11.477406147083919,125.03843269779667,True,6.059072313199489,0.33272953536179817,0.05491427039696454,0.2834431509542137
1032,0.338752133263782,1.9923185366706138,7.37634430311546,122.42179326937415,True,6.05906826208383,0.18784401598788295,0.03100212901765193,0.26124457417812463
1033,0.4381486685187779,2.3841172555621934,3.502453498433876,128.6590834186842,True,6.059174943204708,0.19533115432188106,0.03223725278652709,0.24764931709850302
1034,0.4084772411065897,1.6001080218998696,2.5764536299442886,128.44419311200437,True,6.05921096478106,0.2572545486577649,0.04245677368770414,0.24527250142734403
1035,0.3790768087758697,1.9033532700723153,7.104832582155014,67.08276509260237,True,3.932510594408443,0.4498158725922073,0.11438389339161383,0.33176337837371506
1036,0.35067967463618416,1.0628085933253006,11.404843795105046,134.79393163510497,True,6.059139900456258,0.3336930092735163,0.055072669513438526,0.284508640682847
1037,0.32603301754117786,1.6829382413551657,10.133750066229858,97.36079763204509,True,5.616385624925008,0.2410519391283339,0.04291940675486515,0.26221558624445374
1038,0.289737767723592,2.441894511645228,4.527095643257818,84.69471539087422,True,5.001808781453238,0.1652456390942882,0.033037176412465195,0.2831897626613298
1039,0.3973078458481992,1.7011966844522912,2.02774537626342,104.66566822061424,True,6.057748456476798,0.28290241679999045,0.0467009184736811,0.2519219694834729
1040,0.2848854784986036,1.994289827418402,8.665699967509688,61.95216380747169,True,3.5938849732452645,0.22889496830131426,0.06369012085955077,0.26379210141940757
1041,0.3910407057777597,1.473813340203889,11.52990296924753,66.4968130458974,True,3.7807339730345673,2.7927088940967257,0.7386684474536532,0.4672840149073352
1042,0.3918993986483876,1.5749053396365538,11.220189928180906,107.11819223717693,True,6.056785848953527,0.29375630596850044,0.04850036195670593,0.2723830894527013
1043,0.34086036806694686,1.2157787049322644,3.3010547336019638,123.4599998689604,True,6.059179296226063,0.31598297468295944,0.05214946764816289,0.2696879534361858
1044,0.4167980003698719,1.4065106100996683,8.371730064001245,82.26955323984484,True,4.793411532909865,4.134020545048481,0.8624380603805369,0.46765931833331553
1045,0.44662331123004884,1.7926544604087065,11.446502881448389,107.62320579850916,True,6.05713570854293,0.2940597087321354,0.0485476507183744,0.2721940054798311
1046,0.4057219021705965,2.230894874164607,8.274479326561963,69.07397379603559,True,4.0230562024757415,0.2817061940236028,0.07002293277688841,0.2694867557937264
1047,0.4013740830648471,1.3206300663439414,5.439596141203963,131.95743447485415,True,6.05919433300185,0.31250161416865085,0.05157477991200707,0.27460256650299764
1048,0.28224804952057675,2.356123086236835,4.858601021056643,92.14163866471276,True,5.426621194842769,0.16291840486472675,0.030022070643065613,0.28526147329202756
1049,0.40366501422669765,2.1633365424980124,6.724124975188551,93.06039369868924,True,5.453395734573752,0.23232820523284023,0.0426024841292761,0.25937899705711054
1050,0.33608257069912556,1.7223953263834577,2.5194709273615765,118.46235076273229,True,6.059111583031049,0.212728958736883,0.03510893566189552,0.2418129989642348
1051,0.3347615745894477,1.3676866891296378,4.88904969556696,127.35222692007301,True,6.059172170939583,0.25334583028284285,0.04181195436200273,0.25717476177057597
1052,0.34082185145737937,1.5098481359910667,6.86650364595493,130.71394882401552,True,6.059157816939975,0.2282074638419607,0.037663231547451444,0.25612077342363415
1053,0.4017668049150122,1.7806648863001737,6.622162248567259,132.16165141146655,True,6.059166942475771,0.22405636788231792,0.036978081312076985,0.25451669694402446
1054,0.33595728621882226,1.8136966233830891,7.920120527038594,64.59419628596363,True,3.768152084421648,0.3980920979473498,0.10564650497869983,0.3129789416605404
1055,0.297409552986736,1.0704894290159035,7.068327685538973,112.54312340311765,True,6.058681281919667,0.37582716090368506,0.06203118193809427,0.2987353313570127
1056,0.43893143503668486,1.7328454373061715,4.706983976699746,103.31705940561369,True,6.0532572754939515,0.3378045428885233,0.05580541640879755,0.2852228711275697
1057,0.3322276839509416,1.3545581645099314,6.570118995678209,121.63852592463813,True,6.059103012513793,0.2657714882242031,0.04386317375283246,0.2637667765153253
1058,0.36196275293411573,2.1139202522303564,8.62966418618021,61.197265878609585,True,3.5508828809794983,0.30052872657617474,0.08463493070581786,0.27651801880096416
1059,0.3650523339339762,1.3968488838801032,7.732315000307907,80.52551119174967,True,4.706657884451291,3.757847646392063,0.798411046361862,0.8084079730349645
1060,0.2930234439089862,1.714128907908747,11.442618577284582,112.5721043087552,True,6.058386880864168,0.1993566695847364,0.03290589945888371,0.2613383739916437
1061,0.4053989695021476,1.6853024932309484,5.785727551318173,129.64906459289858,True,6.05916883344094,0.24031451429792428,0.03966130023834509,0.2555547307036039
1062,0.37611835941381216,1.0646498500427226,8.963298708940536,84.50825752252885,True,4.90902994927977,4.1889077854134085,0.8533066265012267,0.4407421958690314
1063,0.3983891258457645,1.824601932698548,11.665769092353276,67.0068207177903,True,3.805953907676983,1.9079130616711657,0.5012969436709986,1.1223681002865264
1064,0.31408240912272445,2.4861511238981224,2.7702190629247316,110.19744455884637,True,6.058534921329741,0.1604765891503753,0.026487689059181575,0.2792620538191053
1065,0.4324934705041793,1.5408342391175576,4.803584324618062,85.15323733710846,True,5.0320141134765315,4.222248695530402,0.8390772760796815,0.795275564985062
1066,0.3963067012792817,1.3243661332083214,4.667885419284786,125.60830237598336,True,6.0591726835544,0.3310771270661069,0.05464064887351786,0.28016313146749017
1067,0.41397758824822095,1.842432297748043,6.915008720243923,78.23846693925765,True,4.590483438992031,0.42630705629953614,0.09286757309228934,0.3195463099736333
1068,0.4393064115468853,1.3886031412247624,6.043941987092731,82.3531070101076,True,4.848133005577183,4.401413512996144,0.9078574180891608,0.44200014969490686
1069,0.386725596385814,2.4873574474866724,4.353554483594028,78.54349954306697,True,4.650889108985349,0.2098672839970386,0.045124121233418066,0.25845314384074314
1070,0.4093693754081795,1.7399834766757598,6.816922416526209,80.45916092644674,True,4.722187852293668,0.5253154392539331,0.11124407916105583,0.3608503932000664
1071,0.37699378841246745,2.472882794517162,10.48545103227498,139.49526248110925,True,6.059109301871239,0.16666651007257724,0.027506767376040814,0.2771252702639875
1072,0.3314254863127172,2.3412964384650286,8.614578275527808,126.18206252444847,True,6.059042909837384,0.16360159285237566,0.027001226973777364,0.28082310818478007
1073,0.382843631655818,1.9048075804395317,2.5959521039883633,73.20186667662033,True,4.361028804323621,0.3769358493322151,0.0864327814020656,0.2981709265035879
1074,0.31472718896046104,1.4278080342222514,2.1373347969760683,98.70403722201044,True,5.848134859771316,0.29502649281306104,0.05044796330579108,0.2590061737744178
1075,0.2817448982137862,1.582214604486202,3.225013446287267,137.95923659709882,True,6.059226828248555,0.19045680717402239,0.03143252638869681,0.2475510898312434
1076,0.4366539616856522,1.3531557812158361,4.442232429075065,59.74950839957849,True,3.5468135776860423,3.3327427023565335,0.9396441705658605,0.4309001142437632
1077,0.3732501014795351,2.2122794154324197,8.722398224070172,65.48908822244276,True,3.8012034482508867,0.26019819802630856,0.06845153161850309,0.26503532793944107
1078,0.3606430198609608,1.3001351960947882,6.92998469447568,119.67711451870389,True,6.0590632160036115,0.31938747661585704,0.0527123525914483,0.28036704939942814
1079,0.3357655456421611,2.2811591050359747,11.915731829039263,134.4471370387173,True,6.059055544102592,0.1633032985609044,0.026951939518008044,0.2795017049132662
1080,0.30211493968958153,2.481586876251227,4.591907298817484,50.08734880972989,True,2.970707978583796,0.21064766825144435,0.07090823795877266,0.2686461830635971
1081,0.4227828681057402,2.030086776688365,11.784705994710883,73.99663489370354,True,4.211704889075696,0.36127545670105154,0.08577891049254815,0.29467860246466415
1082,0.4472085951542757,1.1035597282290288,11.879491157704102,99.27771258883898,True,5.67396073841838,4.448412855328258,0.784004870743652,0.4457551457993123
1083,0.2894292522993515,1.4488944578380543,8.53579874489686,123.07683599876461,True,6.059077648732662,0.21926804006513648,0.0361883528776033,0.2585126506943687
1084,0.41599845035879596,1.09448128921097,4.12744364880282,66.74847814649314,True,3.9642743529198485,3.751527943601872,0.9463340852881991,0.42102469729509684
1085,0.4047691687329589,2.2104065423094403,8.25715726572475,58.04445669796346,True,3.3740390166830565,0.5883088508204539,0.17436338107281504,0.4230692918314314
1086,0.4309829318325127,1.4897877734588674,5.996169832966999,63.550527108512945,True,3.7465128260596803,3.407405079530917,0.90948709846393,0.4460842191768619
1087,0.4173158351851064,1.015125760521837,4.184085484080066,50.4469243449322,True,2.999274397329306,2.8230674358809766,0.9412501364979369,0.41089470070473544
1088,0.37250924398563945,1.9074610356221815,4.835537592904301,111.25888006338016,True,6.058653437678265,0.21805033395379186,0.03598990042865876,0.2540330178365431
1089,0.43283406293834026,2.278514585007765,10.497569208453992,51.31662393357297,True,2.9166943959580314,2.106695072888325,0.7222885866300538,0.47615928339845137
1090,0.3664243637862359,1.7285936133849162,3.9767026636249727,71.91595361054988,True,4.269544806081018,0.5747196242933434,0.1346091094944789,0.3890100718349565
1091,0.4254567002199894,1.6516614018622908,10.937623332743085,68.87350531476547,True,3.93910461744866,3.01960949739026,0.7665725566197445,0.48191298155671136
1092,0.4482875370328565,2.156926025457264,11.14357997091832,61.019652760598206,True,3.470283100060316,2.2034387478479105,0.6349449553005094,0.9577597139889007
1093,0.32041647643565563,1.1971257751892408,6.072047312957071,50.66736363804912,True,2.983298145302503,2.669952892737599,0.8949668329133321,0.42432544542964257
1094,0.32575349443149376,2.4743535687827274,8.24551857449612,59.7188205789553,True,3.4717200034206606,0.1989761639819618,0.05731342498413237,0.26344131488392364
1095,0.33979563022210113,1.270509921425585,4.018874617371127,75.94377787493757,True,4.505733091471943,4.238448521260471,0.9406790049953547,0.44893524548982144
1096,0.3788684283394125,2.1963135420958553,11.033483756909261,92.83305903700571,True,5.328319034591237,0.2128769101060545,0.03995198274053524,0.25935427654207555
1097,0.3022087880619569,2.289563500955908,11.623994919256612,113.46078668953606,True,6.058365358578604,0.1611843515542257,0.02660525439027703,0.285212076412805
1098,0.4082208909130044,1.9355099536003693,4.1632033048301835,64.8302406097414,True,3.8501209564436243,2.5544125928951678,0.663462946175772,1.1286911397518478
1099,0.42890467092163814,2.429682613099266,2.9592149433792407,122.1449763832362,True,6.059142862444874,0.1930878201917425,0.03186718395245615,0.2461323796127468
1100,0.4330171693323348,1.3901900492769586,8.404902886059705,72.8027090054327,True,4.239697963265136,3.6365046216543297,0.8577272846232975,0.45344188178953404
1101,0.4428201912918627,2.1988033417159625,5.615403889503154,135.8430977312542,True,6.05919154463835,0.20414742529047497,0.03369218876586278,0.25227623996413584
1102,0.3220856230179042,1.8286274280338974,11.588143597562457,137.79264730951303,True,6.059116974859592,0.18533165101382326,0.030587237675522506,0.2635110374654941
1103,0.3102818884102603,2.4083870104319254,11.593714899921757,62.5651145036513,True,3.54484787117456,0.19189223033387992,0.0541327124061597,0.26519417511895416
1104,0.36597454907901905,1.7522395204604362,10.449988823976263,116.8470202715717,True,6.058807881962968,0.22594176663607968,0.03729145585036734,0.2586122479362425
1105,0.44733907878133133,1.6733647664155036,6.561932030311419,95.21472035877272,True,5.58245043647791,0.45128808041290097,0.08084049926605859,0.328739156573461
1106,0.4338846623922768,2.20946555053706,2.5340662689116513,51.478785286795905,True,3.078221378428065,2.963172598004247,0.9626249167034994,0.4705801744716731
1107,0.3654898668487342,2.3739776259189904,6.448459365189819,125.82941203894181,True,6.059090857061858,0.17365725438538282,0.028660612372726782,0.26895107626896
1108,0.32905933421929995,1.8419709971824603,3.387120831907091,86.78446877484436,True,5.144994848158955,0.23781649683239478,0.04622288337518806,0.25683532971821954
1109,0.3611045573091686,1.0583227824238624,2.073518062556035,126.98141965548145,True,6.059221292376227,0.49991778811523724,0.08250528640441616,0.33645654028969973
1110,0.42602652605086944,2.052013984102533,10.82561043111706,75.11396055585928,True,4.307693942474136,0.34388727810681885,0.07983094497872016,0.2883646100281876
1111,0.2975006809956097,1.570406456093786,6.508093255492062,133.49797883615196,True,6.059165573494554,0.1998734812869934,0.032986964766456885,0.25655376541491126
1112,0.32525784884045505,2.431734805929987,7.120788788760394,87.2161851167072,True,5.103545891485065,0.17631525120613126,0.034547597877056774,0.27158455163466755
1113,0.33536446059097974,1.9212546608211298,8.647360100710847,67.71495769647285,True,3.9340889270271964,0.27847666309738844,0.07078555372357076,0.2699853754956245
1114,0.4188773368849448,2.3720619524929782,7.994775292982454,91.00289738445386,True,5.306482118601701,0.22184059691090713,0.04180558644176942,0.25896780143506737
1115,0.30979922250554504,1.1766889343318785,9.74336414570762,53.82637907500856,True,3.087144415939721,2.3770641993316137,0.7699880145088838,0.42436769116230577
1116,0.33634013205901453,1.6636365191338935,4.649172342492275,76.65536626327172,True,4.5378046653628274,0.35355665616336407,0.07791359087403443,0.2936489516150722
1117,0.344175688897908,1.9080733936221987,7.350471913014663,131.93246225483563,True,6.059137937310365,0.1902185997449134,0.03139367377223812,0.2592803151639975
1118,0.31912992850678934,1.66071962578605,11.327521730127119,130.88054435151744,True,6.05909278634811,0.2014429895292693,0.033246394572987135,0.2592041525274582
1119,0.3877344128189361,2.139821623461339,4.025857515258661,66.60634385699427,True,3.956199151609294,0.3203125834234366,0.08096472678660288,0.2830199073442361
1120,0.4043159683318662,1.943023060551108,7.571047933658272,87.42913299227203,True,5.110742416579606,0.28774820311716215,0.05630262291906688,0.2721578641052895
1121,0.34444152171753606,2.0355398493210175,2.561120845982424,63.49495553454081,True,3.7892362096673664,0.303169623916127,0.08000810905972536,0.2752062040150185
1122,0.4478504871302098,2.307599785049545,10.922375389521479,94.6017305966981,True,5.434539538888003,0.2419799427396899,0.04452630089599146,0.2608145505100876
1123,0.3194403291831007,1.3366695918656049,9.453643059335874,134.89890808053997,True,6.059152611375541,0.2384386175533625,0.03935180921268006,0.2593150507217259
1124,0.4145142919353362,1.2261295676926343,11.145719024684258,98.34032483137466,True,5.64400512254842,4.4679420087422015,0.7916261434441798,0.48205200006881954
1125,0.2828033976157818,1.2546587336795625,8.69690963080878,122.47428219858081,True,6.059075950535203,0.25143912040771194,0.041497931773821405,0.2627575981012744
1126,0.41335389515323784,1.736951894437232,3.567941721524351,119.51655278348976,True,6.0591222205543955,0.25341083369706924,0.04182302724269568,0.25288393417450683
1127,0.36153571389527,2.0422589494898933,8.462055063547156,51.821792141856854,True,3.0011640224848493,2.271434529075925,0.7568511790952578,0.8079931573997969
1128,0.44474041869826664,2.124908488801103,2.664428684958733,115.86648561488947,True,6.059025189207434,0.22858787026069047,0.03772683940444081,0.2433611753045657
1129,0.3468583467277093,1.728026093313436,4.376184064588024,124.10396303706008,True,6.059150934807678,0.21178316983183879,0.03495261499680086,0.25107759452097067
1130,0.4269577941468644,1.0964396501425868,10.371133103559307,102.8367247125386,True,5.922034191025568,4.522409496321543,0.7636581199032827,0.4536208390539165
1131,0.3329776656878891,1.670831584991125,2.641379041491254,132.22933747091133,True,6.059212530802906,0.20501203207246982,0.0338347650012705,0.24029978418070863
1132,0.3443250788362379,1.3093369308308476,9.506146953336808,73.52072957021562,True,4.2532628376596335,3.507328436126996,0.824620666532076,0.477656870377289
1133,0.2935444122825291,1.647638889679361,2.192484205745275,109.7559475232998,True,6.058643708129848,0.20972397949149363,0.034615664758446435,0.2416879611720515
1134,0.4433133715409491,1.0683507347234842,2.8192928435598708,71.89852524520026,True,4.283079312108079,4.1165292919746035,0.9611144207246768,0.40377664635670296
1135,0.3995908632663385,2.265977776085518,11.655051707516641,95.02279378212621,True,5.434318463763052,0.2145490689651647,0.03948040042110412,0.2588199074969455
1136,0.422514780883416,2.229043842192531,5.055099936775275,95.43864871465152,True,5.620979686302105,0.232969867730162,0.04144648810916212,0.25732195816674386
1137,0.3025483147863623,2.2342871814281455,11.524647552473215,133.6242525523467,True,6.059032947579652,0.15766279843543723,0.026021115877644697,0.2911032885032472
1138,0.3270048613779515,1.9294931886163296,10.813748117005051,73.05142530955678,True,4.186694127618298,0.24383934337682983,0.05824149936540592,0.26210351228866413
1139,0.4334445712357752,1.7704569195708868,9.554877582792663,97.30833185211604,True,5.630994531500716,0.319179708004772,0.05668265281012579,0.27942416811346815
1140,0.35004083762280525,1.3200680309736057,3.1436288071388736,57.88339130526887,True,3.452258744564065,3.3089739801675173,0.9584953576778785,0.43402715898711897
1141,0.32359136627157026,2.0607545622433716,8.286224868112496,137.29832777021812,True,6.059134200365815,0.17266507152417626,0.028496657412498266,0.27128183343378387
1142,0.3027329302219875,1.7623180920560981,5.2034827855130406,92.89056448987711,True,5.471459288053289,0.22104334421787064,0.04039934002625403,0.2589907094520769
1143,0.38844616627385953,1.3019768539678707,7.495756656564263,108.49142107595273,True,6.058237010727651,0.4285165881168779,0.07073288604557401,0.31933514674916585
1144,0.44882518319841214,2.434690698116974,6.82755385466405,59.35661012018994,True,3.4827148628534723,0.4512029967671687,0.12955496345098064,0.33193803683720047
1145,0.3054423781952698,1.9399070488832082,4.795750707258765,84.69584319871652,True,5.003006718724715,0.21153849526701327,0.042282272873088445,0.2597732604831071
1146,0.42223287866360454,1.70967320356462,5.127471208608394,90.59392683944685,True,5.342056163790772,0.3929184623914105,0.07355191528210964,0.30534392301646696
1147,0.3842402805375131,1.7043373364453114,11.66382273991493,135.0726467998677,True,6.05912183471684,0.22113776821713282,0.03649666969066108,0.257244540453597
1148,0.2971929653917096,2.479597958684078,6.22394330103369,119.12098807668174,True,6.058917253539851,0.151527708930235,0.02500904082189053,0.30681134869444193
1149,0.43653305811933735,2.0618636384103075,4.793342680590092,125.44711807332803,True,6.059154256647863,0.21993929603242804,0.03629867910874185,0.25126698905214573
1150,0.2802020377531151,1.854307739005714,6.14006704962039,97.625673555849,True,5.724517069805908,0.19346265875371604,0.03379545495184897,0.2628355120665873
1151,0.3056955065993322,1.4077586281227275,3.2057142070227562,136.39019907491507,True,6.059234164042663,0.21921592618763958,0.03617881736417013,0.2440000620236633
1152,0.40154095764480857,1.3037700580074267,3.160679306615897,96.78633596894579,True,5.727936252529856,3.2772530590692908,0.5721525021549999,1.1055731919232565
1153,0.43906261048910766,2.34439973623194,8.128384358969274,115.37209516051578,True,6.058805293896748,0.20741082552955278,0.03423295773153251,0.2567196213986125
1154,0.40638343766715623,1.671588011438293,11.837767016549412,60.6869516110865,True,3.4284136535319103,2.4208204094882007,0.7061051127813298,0.4598537028202756
1155,0.4262666946407643,2.29154604199692,9.201807044018349,126.50451797041774,True,6.059086874793701,0.19767373213440728,0.03262434360476762,0.25794008761503306
1156,0.4236407119508872,1.5507828617756079,9.49575269090678,86.66010856490834,True,5.01929026173976,2.562689054630451,0.5105680128054968,1.1543574680881226
1157,0.42167841283062346,2.0738012340206455,5.968635331366251,137.23487604657845,True,6.059195651031137,0.20355154132907669,0.03359382219229657,0.2530076959548748
1158,0.33955729309376376,1.752796544445469,10.571757438507975,116.50761354327477,True,6.058773165073605,0.21292023347960057,0.03514246658168361,0.2585772455315394
1159,0.3458460690788582,1.4404826860255446,7.889120751253595,80.59005824620041,True,4.706665497887538,1.4508130661879215,0.3082464787096258,1.2295560201736957
1160,0.39651794333683993,1.2647493054199515,7.402631161240842,105.57324685447628,True,6.057196506449938,1.0102828060164615,0.16679049539513421,1.2163237271354221
1161,0.4147018001159991,1.474003897431556,9.94040801894305,111.46032158863297,True,6.058426093281753,0.33346691296629194,0.055041838892130185,0.284032952391545
1162,0.36896864979328736,2.1801522215632985,11.370777932266703,56.26388093263731,True,3.182009178252299,0.3538983709300212,0.11121852612769581,0.2959489859445492
1163,0.4088492694778919,1.7559066633637388,9.52291633873053,79.25584570746739,True,4.587611548801716,0.542113270957477,0.11816895680696352,0.36879670217187943
1164,0.3973950227750769,1.546669475612735,8.822128513560173,80.18799461612937,True,4.660687192426894,2.553045052416024,0.5477829656889315,1.1433948274769716
1165,0.4092266790086498,1.0930626750640533,10.807726153537622,102.55626127513887,True,5.893487959929097,4.521679080357685,0.7672331073044364,0.46054398977983535
1166,0.409575763393349,2.4156936124973982,8.160945506238331,87.96468449912331,True,5.126675688651212,0.21632494040938324,0.04219594792942649,0.2592228811471857
1167,0.42340563373795986,2.290544724694274,7.434212411820556,119.33120838302067,True,6.059014873323892,0.20140038339379635,0.0332397902306701,0.2567623655597431
1168,0.4063070321576951,1.9275390655248446,8.15169941183059,123.79359726596496,True,6.059091725508279,0.21953391958576152,0.03623214988833091,0.2563046935678197
1169,0.34501553397731316,2.111400711031559,2.839612241628693,131.50064140646708,True,6.059180883549249,0.17839665998793752,0.029442372395959766,0.2512446973538185
1170,0.3525097502151828,1.3119650791362034,8.336199641092282,80.61182817139772,True,4.6976028390681694,4.041687023654614,0.8603722285846402,0.4862562734953948
1171,0.30924026269890814,2.077489097003709,8.663572455041548,120.53961130456356,True,6.058986946035774,0.17382095013143933,0.028688120915191198,0.27183475589709083
1172,0.3924671911099423,1.2387035547680967,6.537641880930162,89.49899467205213,True,5.253716439816065,4.521213717488011,0.8605743704063138,0.4548541988306649
1173,0.42350320366199223,2.4326091048489684,7.918000243844662,135.87491365493804,True,6.05914639969812,0.18434243425874697,0.0304238290508926,0.26140216275215744
1174,0.2909309819782,1.794641129921394,7.912375448100225,57.615092338368996,True,3.3565121843575,0.5848641617637939,0.17424759084428826,0.9592186716188866
1175,0.3093269119913491,1.4181667253780212,10.443288424968763,75.90318840470874,True,4.365651766132598,1.3381534287845434,0.3065185911449767,1.2383054513259104
1176,0.3444186194291031,2.3535272959466367,5.634567762933656,80.08574475815693,True,4.719970112916496,0.1969865507942601,0.041734702992121495,0.2623626982718563
1177,0.4314557746321086,1.115990194940519,4.691032111253042,63.26393325572349,True,3.7509467192900514,3.514444891232985,0.9369487636705675,0.4239172064084187
1178,0.32244798895718596,1.2843241139355634,9.322165354064852,125.68127933242525,True,6.0591023629927045,0.2670081579740669,0.04406727960314349,0.26572484091366366
1179,0.3432956948735129,1.800557223094612,10.302466944301202,104.12831210736755,True,5.990350499982067,0.22353003888723333,0.0373150183595939,0.2595932319032146
1180,0.3879970223107013,1.8748426999788173,3.2736633364277123,90.65243995180971,True,5.371473472230957,0.27527677075837315,0.05124790659052464,0.26260359397563304
1181,0.4182890363915438,2.280747544724826,3.955978615836112,54.803332183959135,True,3.259912731596244,1.5547180967995136,0.4769201585461561,1.2303345176777984
1182,0.39044855996774974,1.9686924777147172,10.158417699287924,138.15877407404406,True,6.059146931647819,0.1987250549407616,0.03279753027654624,0.25775905776509944
1183,0.3268058227539632,1.4273224930738846,9.595453493421799,121.20143250398289,True,6.0590328914278615,0.24663873089570904,0.04070595676162216,0.2615705710527352
1184,0.3976670470243357,2.39646284879345,2.894343975196421,114.50127470162857,True,6.058922469636228,0.18812341429307056,0.031048988534815386,0.24920242401494752
1185,0.3462821982088953,1.0658307715107773,3.881104307423282,75.27713337730233,True,4.4687301535499655,4.228770160125917,0.9463024203344603,0.4205317629681362
1186,0.4290839150793171,2.0754726760395177,8.532784110063774,72.2922292140042,True,4.205944205988563,0.3763490267695329,0.08948027085896068,0.30046707192856026
1187,0.42502114475516173,1.4604168967037254,8.41401663586856,107.39615897250917,True,6.057875403939966,0.39436423314971886,0.06509942956126653,0.3062606495939102
1188,0.35816905078920946,2.1208880969115658,10.70537937675508,97.81047987557609,True,5.623392624721484,0.20404173580752163,0.03628445485213251,0.2600924535074691
1189,0.403214714748098,1.425257920069975,5.424673921650502,100.53805489482329,True,5.9070288982106876,0.4701368504807004,0.07958939402228263,0.3350254996753108
1190,0.3179523587434245,1.0783721827466746,9.650390178328983,99.02717042091831,True,5.7273129799959275,2.7384049161477053,0.47813083128375716,1.1481303210719704
1191,0.309202735397305,1.003545633555912,9.331705916165912,107.97936597090592,True,6.057914130275891,1.5542233682867734,0.2565608119994911,1.2299603520612434
1192,0.38580678063785945,1.129967940313704,11.431779565713317,66.4071199752107,True,3.778871041302254,2.812607081445866,0.7442982442916602,0.4437796708798851
1193,0.3219896259216382,1.3559150641373678,8.45496970941435,83.38662506798154,True,4.855997402900158,0.9218200768760316,0.1898312540952948,1.2097287971218984
1194,0.3063133981582892,1.0471885600868611,11.983621672831063,69.72550288841485,True,3.955526018894088,2.898211669570375,0.7326994325727318,0.4558510252925134
1195,0.4077287676958782,2.3200017635544086,6.200418489830425,68.96366105429365,True,4.060398030740228,0.27734598141747197,0.06830512164515817,0.27044605052575177
1196,0.33006780949321607,1.5138489870291756,9.858405507405797,123.94626816893066,True,6.059070979384137,0.23002182003435476,0.03796321594795625,0.2589227387934536
1197,0.38487836929835967,2.363736586431716,5.117544590867527,92.88424283273362,True,5.471522870376012,0.20188634959034324,0.03689765251341612,0.25800439603245584
1198,0.4155516904650968,1.2580334633369468,8.513420842574558,105.11683454951142,True,6.055780512789816,1.6390167885769409,0.27065326841277276,1.2217881953142107
1199,0.4208290598270414,1.8703905900515188,8.435786753796648,130.830889920569,True,6.059137202566879,0.22530968631290438,0.03718511048362706,0.25619420252731206
1200,0.43925286757935933,1.8090934548374222,2.809769675499489,85.30418163562328,True,5.067107886605948,0.48431582724397165,0.09558032670355797,0.3371980209255576
1201,0.325405744095376,1.4809527385048042,3.7429569961618636,116.57323837976371,True,6.059031530412067,0.24339236842260667,0.04017017690054071,0.25323918145747815
1202,0.4220829190457196,1.4563157379176572,4.862412473778032,133.80435650299438,True,6.059210117474728,0.2865199671729438,0.047286686155118114,0.2643477669141956
1203,0.3008668447482997,2.1032945417513744,3.6978598590920915,135.76928376636323,True,6.059164181662912,0.16518765816603637,0.027262449607480567,0.2712891724311066
1204,0.36531990824949023,1.21262454485642,10.012297140740557,120.13014268448096,True,6.059003131735222,0.34077553648649833,0.05624283880983975,0.2865887180526072
1205,0.3107092630716471,1.6642940138930369,4.456675481604792,121.65331854770963,True,6.059122160034941,0.2047160980445446,0.03378642856795679,0.25286336098652473
1206,0.37083004113602724,1.9776983731756403,2.379105376071718,136.2013705680685,True,6.05922789581199,0.19233103280406688,0.03174183841756505,0.23871321275475132
1207,0.4284281206152049,1.1328182702458376,11.417031934043411,99.12652833454906,True,5.680423492441284,4.487635449218503,0.7900177610331383,0.45241121554599584
1208,0.4144120053739139,1.0714448903434781,6.393338936106097,138.56780534623297,True,6.0592258059282145,0.4251071177511645,0.07015865250231292,0.31764115705950724
1209,0.2826287358542683,1.1672419347118,4.59938514613684,82.39297962434776,True,4.874309029687,4.319299146229786,0.8861356799339303,0.6390396833725158
1210,0.31435029103219947,2.347431263723334,5.648625341540148,122.8806916197806,True,6.059046048634507,0.1615886720254991,0.026668995536337843,0.28496626191429897
1211,0.2923764385241205,1.8457739037490088,10.16931050208794,61.22048380421118,True,3.5109045409057056,0.28803306300759135,0.08203955979198672,0.27598648962693595
1212,0.4263583886257637,1.4449184316604955,7.278991559933597,78.137088291179,True,4.57746468395667,4.058743337350814,0.8866793339937942,0.4583826598670049
1213,0.3895815251810159,1.8901560054926692,7.1545662711585605,128.48226922532058,True,6.059135328927448,0.21120176449955275,0.03485674985525342,0.25527751960401446
1214,0.40516564102142605,1.3107773233787703,11.194883697799392,122.30245804187496,True,6.05903219733207,0.3336574372217618,0.055067777551781084,0.2837598184007275
1215,0.4205470411993625,1.1193353362649578,8.093642802912179,89.74511639060636,True,5.234283882938909,4.509641042847112,0.8615583609338113,0.43160583732192803
1216,0.37055371190109804,1.1881635469241456,10.263533124136039,88.59929611836026,True,5.110201149251724,4.187038021784835,0.8193489648441596,0.4703004577222889
1217,0.2990873851550563,1.9205234993177145,9.287832901222458,107.04899585409116,True,6.057425527325087,0.18805726164249054,0.031045740602862217,0.26457605361336745
1218,0.4300508503047006,1.6670616466789663,5.3324034304629215,111.17505111811494,True,6.058647008647178,0.30833308303442425,0.05089140902157811,0.2750496903451558
1219,0.40229613844506507,1.1532396767041806,2.368062497322306,92.55364394811215,True,5.493597840269172,4.5232286688119885,0.8233636316906594,0.4217292857163528
1220,0.39686227259229734,1.2860523719990873,3.0869866779472677,121.71468647103501,True,6.059170659328496,0.38092897035142975,0.06286816988146131,0.2933168657963954
1221,0.29947691274516647,1.1223659065759635,10.124454728467587,109.54872327254856,True,6.058158668294528,0.35350729051725216,0.058352266732025086,0.291434558088683
1222,0.2991765240457243,1.866250213861703,5.813874881851577,93.99737641075635,True,5.523668027442561,0.20474952836929536,0.037067674478636924,0.260157352673136
1223,0.4463074209649628,1.0912984636384895,10.381540033168069,65.14335913495184,True,3.736998265567845,2.919314224275337,0.7811922877175167,0.43471366736012174
1224,0.36838122529903783,2.100620219447885,9.250556061168174,105.04434219589174,True,6.0516085141099625,0.20388710781350916,0.033691390865440964,0.25930367065783555
1225,0.28930759954142377,2.0767836305476433,3.8341005676764874,58.87047277052659,True,3.5013363063568477,0.2385745822292135,0.0681381510813656,0.2671516823523299
1226,0.3056096358100576,2.039820877522639,2.9206028267702315,59.57952393706817,True,3.553898191335394,0.26483341559290424,0.07451913401418847,0.2691165834749154
1227,0.42308198841068984,1.3590874657656902,9.04939711279492,130.52904761704968,True,6.059141664613069,0.3273040835329799,0.054018225955091814,0.28336152202837983
1228,0.38902207160097,1.5535441197930062,9.023380102266241,98.60832939834268,True,5.719562862552128,0.3277814761507131,0.05730883356432831,0.2822752122696528
1229,0.3603463497049602,1.921999057097456,2.6853979976352,111.67664339325285,True,6.058767499495483,0.21016786837267154,0.03468822138993984,0.24456823824349216
1230,0.31609187794919147,1.4131292894323138,3.158621189622525,54.325410059477264,True,3.241150698959728,3.1027119178707827,0.9572871507846339,0.44289790457623823
1231,0.4304946775187025,1.166243985008357,3.118919439724589,107.30817678873903,True,6.0583824958110455,4.520256967500538,0.7461161408389095,0.7649426179660179
1232,0.4331090834435105,1.0357849809809072,4.541211417395937,63.516659550137376,True,3.7680495301333465,3.5413233590527846,0.939829301799932,0.4206195356911566
1233,0.40420305718218413,2.2133118177783437,8.001844859276334,127.843081912423,True,6.0591081964639155,0.19357366243090374,0.03194755006089394,0.25842159173184776
1234,0.325019077256516,1.814706729928868,9.0768416580721,83.60654626735982,True,4.851742414167401,0.24519943326880178,0.050538427710589834,0.26358224538780517
1235,0.36866704087287216,1.4049599867632412,9.207023921557418,117.45572807748958,True,6.058911766585304,0.2958543876034311,0.048829624691856074,0.273731612566809
1236,0.3930898220977934,1.1291494961350304,2.5920240951340547,87.26976102582847,True,5.184635904896364,4.522898206368693,0.8723656374977602,0.4140120781560981
1237,0.2947342744984948,1.288231650989097,8.728860944244568,130.96661805888922,True,6.0591389867332515,0.23849108786910936,0.03936055739789036,0.2596909611566711
1238,0.3136397776596336,1.745514519793643,4.013861064045194,80.3193492198381,True,4.760511673828578,0.26202981110788975,0.05504236289313744,0.2647716980873378
1239,0.32718701278475887,1.985317760603528,4.328195486032543,112.06784119274695,True,6.0587120463720305,0.19056493366810123,0.03145304351973815,0.25677145359905795
1240,0.44624650637068347,1.4648806961838794,5.657568207883667,118.97403364605952,True,6.059075871482924,0.38433912689551863,0.0634319713183347,0.3034575754215978
1241,0.34015996907377666,1.970493070808936,9.90314775204401,57.14067872504217,True,3.2779757861718495,0.5181842779702295,0.15808056915984292,0.3748048251568683
1242,0.2973373517560798,1.0332840751163397,3.296866724089983,103.54681397877017,True,6.056406870216776,1.953404533089755,0.3225352217823894,1.239469186387928
1243,0.3861380514671527,1.7320953958510035,10.772089164658777,56.37146113741946,True,3.207560647748491,2.353118734753094,0.7336162876311748,0.45808888310287044
1244,0.44486046633608056,1.2203437900041731,2.1459405924964603,125.51386978825471,True,6.059214754414387,0.6126407486761688,0.10110893465689343,0.8006840873836025
1245,0.3988375935564088,1.5773320492062308,7.318446298661117,126.80777197513356,True,6.059136633639662,0.25754013778687396,0.042504428165068824,0.2613001969812778
1246,0.39123888790364125,2.181000395970908,7.626834471314677,77.84646591283034,True,4.5514455071116195,0.25384974841436936,0.055773434619337946,0.26463369272436355
1247,0.34469185126142876,1.9096726753974362,9.19996560994483,99.32652746921161,True,5.753445464997753,0.21735374257104972,0.03777801386897035,0.25953678224210996
1248,0.2843601795663399,1.2997334800972329,8.78702250147045,105.51994051546222,True,6.056327113736508,0.28015898851004617,0.046258893096215115,0.27063859180381966
1249,0.39269568687986517,1.076896638148646,11.228234060851396,108.15731464772591,True,6.057578114264271,4.330868381281187,0.7149504801403946,0.8002589643578064
1250,0.36761645731931236,1.9227528042245794,2.7611656923984857,64.39250137356372,True,3.840566855683254,0.4334070399698618,0.11284975792792357,0.32153781899069767
1251,0.3377112720459095,1.744420309468524,9.561129879570037,123.36571490739917,True,6.059058906956341,0.20678969231328734,0.03412901169781899,0.25821885565191094
1252,0.3775203400537648,2.293447870495005,5.498825272273735,113.3810699520522,True,6.058756448388985,0.18760084927058066,0.03096358978424747,0.2594839997021299
1253,0.34415762891603136,1.394705328477261,11.239015167720202,69.33689315299785,True,3.9568447736380223,2.9936124491785683,0.7565655517050183,0.4842597722541404
1254,0.31829194369384256,2.1471349675493925,4.641995753117965,54.6153149929775,True,3.239107546819155,0.2806210963691075,0.086635313064761,0.27646307314400653
1255,0.3527668447687767,1.5588700494293521,11.970604432743817,84.75667175428686,True,4.832844809081008,0.3612067724474641,0.07473998994727694,0.2947832402396515
1256,0.29516102432715186,2.016543100987213,5.052825579227893,64.20550522995197,True,3.7993671035816763,0.23628167109029263,0.062189744936083986,0.2657475403275318
1257,0.4191796797545668,2.360480851122146,11.43996271784288,121.33167611781664,True,6.058964021038161,0.19389201583822996,0.03200085281328472,0.2598615420556234
1258,0.4046910539561939,1.13085640363725,9.121925061185252,74.111082294667,True,4.2983817599608685,3.6125450588497214,0.8404430459156353,0.44388452313021487
1259,0.3734238628787475,1.5871074281711888,4.445577425063167,118.90566543788002,True,6.059091051810015,0.25236766355316886,0.04165107627451477,0.2564925314408799
1260,0.40263453684895045,2.351386941875293,6.728418836449069,58.57709222451784,True,3.4384419366364734,0.3148630755569954,0.09157143885494788,0.28060695638711275
1261,0.42711410830249763,1.0217508313384343,5.458851738318803,136.0926214327858,True,6.059223550936444,0.6706818759400149,0.11068775896812093,0.9182556022898765
1262,0.4287364749914973,2.3927648165310433,7.523872382708585,53.98602401503474,True,3.150725145126209,0.7384410513667781,0.2343717770840967,1.0102325616071925
1263,0.39096252205432475,1.986909785713633,5.745915899662604,60.87763915102936,True,3.5927046834321343,1.4702405376321284,0.4092294433250211,1.2304591257578097
1264,0.4317633120583638,2.12833777464198,7.02698679673837,93.96250313060641,True,5.499628565120544,0.2576688667449651,0.046852048950930814,0.26361082778873257
1265,0.44369566740524435,1.7641291058178075,2.413489743702921,83.87847886294136,True,4.988437241956857,1.1752799920458936,0.23560083750494504,1.359817605050019
1266,0.3913566366877342,2.1613652841621165,6.496882124261487,65.19391303210708,True,3.833261487891563,0.3058540939347246,0.07978951994296528,0.27700287285330694
1267,0.30505151907801215,1.8711226171223259,6.523528385125825,129.76953593334215,True,6.059126041824114,0.18101749205872442,0.02987518180166932,0.26382500156372446
1268,0.37677651617568697,1.3783706997346117,9.74507842994109,70.95995048353271,True,4.096658182128914,3.3331580260948637,0.8136285425606874,0.47065905301837674
1269,0.323478522025985,1.107137866195383,9.798250003836461,98.02772101765822,True,5.666147023515835,2.6983528214135415,0.4762235801885737,1.1520308921895586
1270,0.4315401707177804,1.1390639865193375,8.09791649488216,136.4426789205018,True,6.059191100792329,0.397938743088446,0.06567522569743833,0.3068463536062538
1271,0.31808568860447434,1.0851897976447804,8.571080367321244,89.67126589300707,True,5.218110385467681,4.450688958661087,0.8529311627933657,0.4658352451501342
1272,0.3633053243726658,1.8907821472491784,9.822938846751562,99.37585110918833,True,5.7398150930741165,0.23066731306845054,0.04018723762491629,0.2600940109241576
1273,0.44053578827820117,1.7782267321964986,3.620025884132929,126.60999734634393,True,6.059186175951902,0.25345886687620667,0.041830513127678916,0.2516907033356337
1274,0.36205140266143804,1.6100174033243848,5.5108603792642175,64.09121787052513,True,3.786497580684763,3.46855332535284,0.9160320986460462,0.48518734245833883
1275,0.32823212322874007,1.4017790829437753,8.479885998762125,129.8473518537021,True,6.059135834107632,0.2390187395728345,0.03944766153407028,0.2591262495272719
1276,0.39272483514917245,2.1419120951458663,10.874176469297545,93.7270363067179,True,5.385265191392826,0.22582415234479689,0.04193371065657596,0.25952458264647627
1277,0.3621516509409915,1.2558724890857667,4.784141234269658,94.74745325559307,True,5.587754862691641,1.8145260150081277,0.32473257320634574,1.225491261641078
1278,0.37615596366781423,2.222547964359749,7.339416481541606,93.78831237646259,True,5.481263966791587,0.20860857878641512,0.03805848068078401,0.25910443003238015
1279,0.3249138752595102,1.2514249738094259,3.859731126452157,50.78722333299617,True,3.0234023989539702,2.861446128344082,0.9464324462182336,0.42544833059606724
1280,0.3672420764777031,1.8382698746200954,8.552841748959494,125.17005658391241,True,6.0590945034530845,0.2090307579816746,0.03449867927667207,0.2569930393447759
1281,0.3114030334251193,1.2932186038559448,10.647802591167105,72.58037818303436,True,4.165339899547407,3.2688098250464876,0.7847642458666259,0.4917435256941953
1282,0.36390208091836274,1.9502675650074075,2.5535017655182397,112.81211665712371,True,6.058846549184944,0.2080462174312992,0.03433759474553556,0.2432721600544454
1283,0.3668513421471694,2.380391685808485,6.855627472004434,76.39249837032781,True,4.481994270117115,0.21159353924248733,0.04720968535217659,0.26107616063452355
1284,0.3971252916747542,1.5444700857979652,5.388863045271886,83.89207529250757,True,4.948959432788213,1.6279631283703222,0.32895059062004434,1.2288793019776838
1285,0.34140217415260954,1.4863277816096603,8.268405152037086,139.50817585677294,True,6.059191809960399,0.22248920944665654,0.036719288054376784,0.25613518145257963
1286,0.4454668498491782,1.1396237916905103,11.13552048241012,77.11324992440528,True,4.415895853626386,3.455753867670027,0.7825714152275853,0.44801468649665255
1287,0.34817898541209413,1.2817923975344567,8.231707832869084,68.1310416313164,True,3.969608373519991,3.3987634605433,0.856196163635532,0.45971510491615764
1288,0.4297297155918022,2.0648370011483816,9.344686183610348,65.47983235213651,True,3.7851968280333104,1.2970640265705815,0.3426675244374286,1.2463663993812721
1289,0.4199673960701025,1.4915578520540973,3.8227238482617443,101.37642038156662,True,5.9778004278708075,0.46042667183749475,0.07702275734914273,0.3291830640496376
1290,0.30465074799738406,2.3575453562200153,7.149371733465813,112.12632016579991,True,6.058507622094193,0.15949467150207375,0.02632573588261701,0.2867475171231688
1291,0.4228298480106106,1.1801998819018527,2.9431681392254525,54.37641731842691,True,3.2466476155142696,3.1241357147551665,0.9622651068832744,0.41538442849030854
1292,0.4091894472489026,1.8075011405310568,5.16641783412122,90.38184427443828,True,5.32882067491297,0.3302633990777317,0.06197682737430933,0.2845898464042138
1293,0.2800988371317368,1.4139648572329997,3.794128041410885,87.03281774379776,True,5.1550094853581845,0.3110492599311416,0.060339221647334955,0.27754045475919886
1294,0.3302186702909388,1.8804967878920253,5.107478948491606,86.74122585219942,True,5.117591406162185,0.23239303023270644,0.04541062616934947,0.2600472416698092
1295,0.4374490791985805,2.108211315664599,10.199983961546573,101.89967489805166,True,5.872155910778501,0.24733971944792177,0.04212076845472087,0.26157925689488115
1296,0.31705538525754146,2.049350372176887,4.46488673006146,89.93612861945346,True,5.311404042745628,0.19960798062283433,0.03758101982383755,0.2592276397666158
1297,0.42799393197999724,1.4938206328181585,5.461957916267281,78.18432751182482,True,4.615016999340223,4.241572916602494,0.919080670170637,0.4550165477209944
1298,0.28313459524794293,1.9549938046743922,11.985598225589936,111.9211600625224,True,6.058221868817997,0.17316510153605308,0.02858348625812855,0.27052886950748034
1299,0.44953734058005457,2.483991621361242,10.556233451922019,90.16057065703572,True,5.189535691424862,0.23084158052777,0.04448212600391407,0.25946297631586823
1300,0.29196312910437133,1.1813708815862727,8.524148848497036,100.73933703335273,True,5.853331007917536,0.36262422068843003,0.06195177074351761,0.29499640135100824
1301,0.2882305394255227,1.1987352107919915,10.984739556125152,68.49815519552212,True,3.915648308223527,2.994687421085035,0.7647998965575337,0.472003965368339
1302,0.3587887982860014,1.0951951144820642,11.212744057772333,52.553970487294926,True,2.9684901748433434,2.0820002381443183,0.7013667270278878,0.4057363435081913
1303,0.38863317102256534,1.3938167606203766,4.822976283756644,126.65980708162627,True,6.059174021971863,0.2920072222570661,0.04819257892217411,0.26703605575798095
1304,0.4086581153394886,2.4264716004125177,8.678535765803726,99.85447969386746,True,5.795746248504808,0.2013670433751447,0.034743937146505255,0.2592974389603855
1305,0.33711129852194877,1.1570793538202977,6.104506175711432,132.93036809042923,True,6.0591906990982825,0.30172709540528575,0.04979659997335754,0.2724965255477785
1306,0.2872691563342404,2.000918288226158,8.859311826074338,110.56979979388362,True,6.058311311282826,0.17565881724328217,0.028994683207536762,0.2714380551655271
1307,0.3677035971724497,1.3650730808093634,5.975998757781955,69.08380527422628,True,4.07256980837825,3.712202536557692,0.9115135433457282,0.45699509125467186
1308,0.3099704947262135,1.9266962299551245,11.3614375935812,75.62178850929328,True,4.319492522604209,0.22431076768534527,0.05192988910422028,0.26024218096675833
1309,0.3072693480841311,1.998169233158278,3.332811940546725,52.71958272365767,True,3.143409049666558,0.4010731173655607,0.12759176773640235,0.32341712952401114
1310,0.4136932098537315,1.2225300448799437,3.108470285017847,119.9632415809539,True,6.059150441287586,0.5230927976359151,0.08633104635783832,0.3536466248163972
1311,0.3479608352923652,1.0535102023117602,4.69745305058192,106.55593445469887,True,6.058116020683527,3.15046242288785,0.5200399616203436,1.11427520232093
1312,0.303026250181001,1.478633597152826,3.702603476586411,85.81720373671396,True,5.085636519800051,0.32502326150525507,0.0639100455252421,0.2816767948035559
1313,0.2903480596725298,2.377146974666212,4.761241368376132,119.84558825151962,True,6.058983578545823,0.1532603768225494,0.025294733817273755,0.29804131475474227
1314,0.39367882253478986,1.1009328205492315,10.227866825012228,125.99626999799783,True,6.059102879668153,0.46169041333581284,0.0761978171529411,0.3335948950447847
1315,0.441019682088271,1.7848111984329305,11.284225677942855,119.98014516859796,True,6.0589501770615275,0.26467993031242554,0.04368412391217089,0.26463640827572643
1316,0.3778886802027186,1.0479626959258592,8.988360595396102,121.82585644783798,True,6.059072525210657,0.9728859400297774,0.16056680886089128,1.3593486854286043
1317,0.43734205869020176,1.1856322011870553,3.280218300299633,50.230614118585464,True,2.9970927545590746,2.8678368808376353,0.9568729150858546,0.4114262077750577
1318,0.3145248553890466,1.3233552174514884,10.888090622939156,104.19095889766601,True,5.979228900930146,0.29699864763548894,0.04967173067906582,0.2734786745163853
1319,0.3221959261847386,2.044210236998695,8.804111069462095,86.95708727397013,True,5.051930530216945,0.2057518982047756,0.04072738074566121,0.26151756834092277
1320,0.2981086046430935,1.6290230025082137,7.195069193380222,133.32297307933374,True,6.059151801556825,0.19486339839364478,0.03216017765779973,0.2584935727908726
1321,0.44097302350275325,1.3186657853276498,4.216075190433559,131.33503285698305,True,6.05920968832407,0.37802096343807773,0.062387833213053134,0.29639425552673204
1322,0.29246889384003877,1.0077936622226547,9.973339494060795,100.15482390092022,True,5.782380029946587,2.7503228194567937,0.4756385442003193,1.1480048609891704
1323,0.305256673549311,1.8679988751423555,9.951187990801476,100.64374279018386,True,5.806275141624055,0.20030979133561877,0.0344988458951311,0.2616168385069906
1324,0.31799573116584473,1.5000689424502818,3.893688544196406,75.33083484775678,True,4.4710240880557945,1.0132150486727087,0.22661811448958238,1.3716726479404509
1325,0.368607908342324,2.420789980572694,8.086370192135506,93.63490493333228,True,5.453842909396952,0.18977534964430948,0.034796629238683645,0.2632922108241602
1326,0.4071589581718415,2.193525827847184,9.365006522537398,96.47174527907946,True,5.586486465558536,0.22534741384817025,0.040337950380345204,0.259147892738679
1327,0.29783436557154014,1.9965386747816303,11.992872922626114,103.44870891819713,True,5.898479068290155,0.1812233257631083,0.03072373804585546,0.2661963332782378
1328,0.31193050839784375,2.0952713449460654,9.353274860065788,69.37717734748473,True,4.01264205037582,0.21704611542708482,0.054090574913542695,0.26162010013152237
1329,0.3426415973426621,1.720811543123783,3.592965570200426,118.43023354177843,True,6.059089566659923,0.2160433860365654,0.03565608061404833,0.2490046961701191
1330,0.35241264884331913,2.0067743625884535,2.625680875248681,122.85314810599765,True,6.0591547489024915,0.19141602799366414,0.03159120965318401,0.24451329068682215
1331,0.3214676518402739,1.7003902076283355,3.166988625723261,135.95354462737765,True,6.059219655092695,0.19563794137741744,0.03228764634947444,0.24528664133411127
1332,0.43355778968879943,2.0452421451638547,6.296170796572016,80.026584392221,True,4.706895511618685,0.33419580756174955,0.07100132279053308,0.2857866720320974
1333,0.29765902572816144,1.4063793802282691,4.213210949837923,123.9000978473498,True,6.059156451076385,0.22898281463540004,0.0377912035254878,0.2521905873166661
1334,0.32924091961185725,1.591250609720233,5.365852857199183,90.98252913594465,True,5.359883815825642,0.28595768177119096,0.05335147021785616,0.27108356764839714
1335,0.3631011268833351,2.223968245412043,7.155656271120982,82.68879066192851,True,4.843129648643999,0.21605449116463085,0.044610511557361,0.2603611130876131
1336,0.3095546596051899,1.887197937601413,8.216382952484187,136.0513068116203,True,6.0591379906397655,0.17866365723167732,0.029486646039037112,0.2664516370220449
1337,0.28215337481457026,1.64109716427179,10.655433919707457,52.84610788914406,True,3.0024084100527237,2.169266056027138,0.7225086529747112,0.47093774285539247
1338,0.3237190907124954,2.0127617920574337,10.960478211499542,115.52322617901063,True,6.058653624266521,0.1847383228786486,0.030491646219668746,0.2648826854494155
1339,0.31114437081946916,1.357437497941778,4.573181330102203,60.26814145215137,True,3.5754157368787265,3.3440402678411356,0.935287114544174,0.455690839369987
1340,0.2998352085461141,2.3896920504773096,2.739289069934925,57.29449163472028,True,3.4195342759863605,0.20262863678814705,0.059256208721492946,0.2637455990984985
1341,0.29250481765741115,1.5655361256634768,4.567860745163358,76.51471725915617,True,4.530614971558993,0.3253627232386588,0.07181425154887988,0.2858082701289639
1342,0.3390046008726783,1.3080132273206213,5.784273311443864,128.70513381372623,True,6.059169002598132,0.26735774958495284,0.0441244912413421,0.262265840616986
1343,0.28050743136768114,1.8553019980609664,4.981748938629091,104.82431947961135,True,6.057164947577025,0.18785628280515412,0.031013895845828008,0.26199855253422877
1344,0.32596327164176264,2.227958815566776,3.4289180021835937,72.32769327849118,True,4.298877117408119,0.20946835096869426,0.04872629415724891,0.2591723170254818
1345,0.4336613750827028,2.071227470478193,4.621082932570831,58.9464974412292,True,3.4964164698476514,3.2509777453025466,0.9298027775976586,0.49968838648292735
1346,0.42532977114855125,1.5056656721959492,5.444570005141825,124.96141575713901,True,6.059155853117921,0.30193122646289644,0.049830576037671756,0.27165382747039235
1347,0.43168627987297387,1.3990523635534413,10.107190610825533,58.712554496830634,True,3.3657292582149987,2.597736152584207,0.7718197018502629,0.4345038488969326
1348,0.30346183853111114,2.480152216520334,11.342831325131563,102.27147600574006,True,5.845747861052958,0.15775199677849497,0.026985768207607928,0.29337127200551194
1349,0.42608846469382844,2.338505728892697,3.9465608147003524,55.21816239811962,True,3.2845903943185477,0.9501811458966647,0.28928451704060903,1.2122420336136788
1350,0.34071704557832005,2.4150990966264057,2.9130789599839773,79.82840574623478,True,4.7432268642338835,0.19072107642082145,0.0402091407136661,0.25831842380598946
1351,0.40014301616125386,1.6624529871662859,9.608226722119719,103.81264625401067,True,5.994039903315786,0.29534741282824367,0.049273514623228196,0.2735607864193219
1352,0.41487574702553587,1.235636415311106,4.508661756324701,95.55013838331449,True,5.638483019479776,4.523116302372485,0.8021867383028498,0.4569086238525233
1353,0.3807818480504215,1.2871084505842427,6.941363457201863,71.48891547367361,True,4.1953695120671854,3.7459044123811207,0.8928663855726502,0.45031444768328743
1354,0.3256423414336417,1.9577800431854917,5.519261232774639,75.85909668605962,True,4.476462099960988,0.2404564271046498,0.05371572946116206,0.26324072777468954
1355,0.2929722924560254,1.0528829275755562,2.0160727798883293,83.34472593741461,True,4.961666759788735,4.522011508725943,0.9113896050766794,0.4198910388837067
1356,0.42391073987563643,1.7795155079048477,7.115246755604255,67.55821747081626,True,3.9606015425995906,3.491234926013104,0.8814910786813429,0.4934561387881544
1357,0.4166011337514629,1.5957992495867983,9.863213455085614,96.51006886715989,True,5.576969817722904,0.38194708091239415,0.06848648879156827,0.3019410093339765
1358,0.40115406725361735,2.4284298011051755,10.021341636082662,138.2858668392764,True,6.059124423885697,0.1768573339956381,0.029188595847025052,0.2677282014712965
1359,0.3509044511348363,1.6995968585202685,11.580280261952376,92.69800043900281,True,5.3045658143510845,0.2629068835591775,0.04956237565153847,0.2649877827420868
1360,0.4379190210433313,2.266141092917059,9.050906490861486,117.78175582610534,True,6.058912726945053,0.21065889544466498,0.03476843205016434,0.25685293433380085
1361,0.30116835491056815,1.338047095278486,6.335866756305048,71.80915817614805,True,4.225767327151997,3.8056276792450836,0.9005767200651648,0.49327432754432365
1362,0.42479432111682663,2.101415799977724,5.874970749886632,119.00414920129074,True,6.059051871044463,0.21695916637953253,0.03580744495955816,0.25424402822996006
1363,0.31427646199954007,2.0018690857123187,5.740341720690534,114.23613202072616,True,6.058802045574718,0.18341423563168321,0.030272359824933863,0.2630074604080952
1364,0.4426748490897322,2.2580155393218124,5.804040386457423,115.02214099932671,True,6.058879341295187,0.21615395572959129,0.03567556697430201,0.25439981305935566
1365,0.3451367482043944,1.5316669788375208,9.169468912758118,90.73670253965682,True,5.2633951580085085,0.31079750189663097,0.05904886343631974,0.27716324750166477
1366,0.2953803078101773,1.692392673115714,7.861019256206761,120.95863729573651,True,6.059043227690834,0.1963008103140205,0.03239798808777154,0.26009833849431274
1367,0.35135593764498146,1.8106775308817733,8.81683714390107,119.92716814941632,True,6.0590048441907225,0.2092139525951639,0.03452942487671963,0.25776122754342623
1368,0.2835747191272126,2.226094201948473,2.6465855267202567,134.36922688590303,True,6.059130263259932,0.1563409563890182,0.025802540892214402,0.2834883102670944
1369,0.36906218430189225,1.4706617877633374,4.397134519293292,78.08005115418237,True,4.6253677950402015,3.5862472838483352,0.7753431603198953,0.9593801392562735
1370,0.4455777962706123,2.4902497641852666,4.833248164526426,134.5835229634489,True,6.059182478644252,0.18930161179005997,0.031242104435253184,0.25412937667328794
1371,0.37146987383493163,2.245065563089227,11.470597375118203,110.74355695622813,True,6.058135781641967,0.1895683607788343,0.03129153383344185,0.26225911749140085
1372,0.39692497108900965,1.7614405861282787,2.3034369446610787,136.77515428871703,True,6.059248317852001,0.21950545485597228,0.036226515788972784,0.2348571825357353
1373,0.42838984285662873,1.9500074355565293,7.785697851753257,67.80872709337599,True,3.960625707684989,2.3070235823425462,0.5824896752717934,1.1411397845536655
1374,0.42858303245261475,1.4242703053292973,8.469882359450883,62.318529459328886,True,3.6217977352828776,3.0445706308608167,0.8406241467327614,0.4455246684445
1375,0.33090044757990933,1.159369879775337,2.4344364196683608,114.27682780052395,True,6.058968527064792,0.40227944318419495,0.06639404733450155,0.2980699147470638
1376,0.42374563357900275,1.7189781108386473,5.049157536403473,55.3819988751897,True,3.279395022269406,3.0305181129396797,0.924108895805575,0.44808235481978453
1377,0.4264731928201767,2.2528063842444404,6.139494283933361,110.5008265780553,True,6.058524856378421,0.21313170796475167,0.035178812172465775,0.25553691254134225
1378,0.4404402127425763,1.4160046658079843,5.354449197019733,76.95584996289709,True,4.545087764112995,4.197708117398732,0.9235703104663687,0.4394290430186367
1379,0.4304350363178091,2.475105442831907,9.75927208653949,139.25434131325855,True,6.059143230371612,0.18317484252891747,0.030231145817901917,0.2630547441852569
1380,0.356292288086169,1.0320628321134802,3.5128528830848924,131.01469151670221,True,6.0592188614315,0.4490251022058548,0.0741061038517714,0.32358808009940665
1381,0.31873605545482264,1.5363135656679772,3.5734682688141115,123.43108194361297,True,6.0591599956789715,0.2215934042529108,0.036571637720564876,0.24859187004568506
1382,0.40996886173301583,1.7066420795424113,7.983284311875783,100.45213556669853,True,5.849644039143163,0.31050301697935156,0.05308066865293107,0.2783893053361979
1383,0.28284590078882194,1.3297399356263042,7.225801942052303,58.786152571991096,True,3.44127117504616,2.9988071518653197,0.8714242497396604,0.4615210039811344
1384,0.29969468063837534,2.3345449911135567,5.398153048882401,98.41995266123479,True,5.7780541468512325,0.16736294247558758,0.02896527762149694,0.27942740200191984
1385,0.316468245661981,1.5778377781929454,4.967007836991671,99.60800488584452,True,5.8608082385698195,0.25045865864008765,0.04273449129282648,0.26091530546001573
1386,0.3009481954758304,2.1735324641164198,9.920142119375459,108.38202492143681,True,6.057758729325518,0.16807368017184734,0.027745192187698928,0.27512542076349344
1387,0.28053797168435296,2.0106589054320123,8.308560692997546,88.06710429580212,True,5.127147074964881,0.1872804503355235,0.03652722412625667,0.26699671682050585
1388,0.4087452304332917,1.3463679269280486,6.951689558658715,120.70044482518388,True,6.059087028506615,0.36222396835030396,0.059781938540595846,0.2956398005771952
1389,0.43407926583704914,1.4580003380309394,9.526648177480855,64.93328278545914,True,3.7486282592836546,3.0365911820547504,0.8100539642826651,0.4516242665941643
1390,0.4109059978187324,1.559977114914231,4.524494002770366,116.41213921977857,True,6.059011364379272,0.2985070701667589,0.04926662985345632,0.2695063309003012
1391,0.3004057165835394,1.3215646605337232,3.4816886559808435,96.07297256494078,True,5.6820801512296315,0.3448791126065434,0.06069592533500426,0.2859912162489784
1392,0.2825335013561504,1.469590571335825,5.9592598338994875,79.20415622359687,True,4.665072335830706,0.3260500914714913,0.06989175472526339,0.2852855703525372
1393,0.3992123951788903,2.3336029548900528,2.683370044772922,74.60923269782094,True,4.442029317021215,0.24558005795173377,0.05528555541286196,0.25669614046641387
1394,0.3083915103794869,1.234242446027883,5.595746546840259,134.6111537777452,True,6.059201278842709,0.25224126569535354,0.0416294580898179,0.25802133974779773
1395,0.407015649406711,1.8584615769496518,5.883378300033982,138.97773686318476,True,6.05921389650358,0.21311982122825907,0.035172849955212526,0.25221267227265143
1396,0.313939079394305,2.301287058711963,3.6471567009107586,81.35174205023955,True,4.822875260396124,0.18586251726506112,0.038537699448978786,0.2636084733800721
1397,0.3589233900520569,1.5965397146374556,3.1778663510021152,82.63439900944883,True,4.907059642756984,0.4243181535783031,0.08647095908129294,0.3171670526989292
1398,0.34616530787696165,1.2039929232042792,7.382150800558839,95.73648782963261,True,5.595455308827686,1.6220816956783102,0.28989270866290867,1.2240818543199552
1399,0.41685720279361876,2.018939708744752,8.867127661703645,67.25862511471786,True,3.9022031880732007,0.7526154401308962,0.19286936221855652,1.188745395991421
1400,0.42759980920358015,1.5174495219469981,8.775513581662334,139.01403144470757,True,6.05919139025209,0.266570559595671,0.043994411535592776,0.2634593702661294
1401,0.4348234149331634,1.9985825833632094,3.7097122198202803,134.3030922269096,True,6.059214385818621,0.2168051612456232,0.035781067881184084,0.2457230277083977
1402,0.4338135220978603,1.6684682172773242,4.909764375417022,63.19801005427718,True,3.743533838158913,3.482267947501556,0.9302087540937392,0.4546897901166367
1403,0.4421556140249743,1.3917612210021602,5.561864370123439,108.57979213319155,True,6.058395125972268,0.7091336903260329,0.11704975914924816,1.0211575368513612
1404,0.38697756155065666,1.91062327505571,8.281972041782026,133.78690677641097,True,6.059147098877811,0.20446736369347202,0.03374523845630692,0.2562064277788476
1405,0.33997235274933774,1.5765161714059166,5.241791771605442,95.1073446226417,True,5.599850453122629,0.28776396543916816,0.05138779470060725,0.2708158042083948
1406,0.37936411616137167,1.2057942283679361,6.301325751730075,92.76040714854193,True,5.446790818156094,4.522867294361768,0.8303728645655787,0.4689267200587719
1407,0.3467199870595169,1.8525222561871675,4.252893632197242,80.50191027314924,True,4.767965191421652,0.2704091796118465,0.05671374868641172,0.266594889350678
1408,0.41137423762095093,2.2891966528481307,9.714433913584966,128.35990873567204,True,6.0590872167900764,0.19131446224138263,0.03157479920593309,0.25996413485272507
1409,0.4146176813408014,2.12371644561439,3.4947594573599168,50.60467836261304,True,3.0165491000391573,2.862693517105127,0.9489961615635452,0.4715021709771481
1410,0.38970172686359517,1.1629022714560633,5.336080242098972,79.50309981608942,True,4.694404816309088,4.334473137852969,0.9233275159386211,0.42781294891465205
1411,0.3499020693088026,1.3500793383483853,3.652097965819098,60.97634308877236,True,3.6294282198703063,3.452041360596774,0.9511253981267962,0.4426307735256292
1412,0.2938180586358499,1.7611129542388464,9.035583094089542,92.59497946319149,True,5.372176818889508,0.21600427459753116,0.04020796073539921,0.26128175855904834
1413,0.28317978423136586,1.8652297136047524,8.303556294823801,127.66086860976223,True,6.059082688614772,0.17550740821529712,0.028966003145176028,0.27034713132550126
1414,0.36713249091547334,1.2851504006631798,6.9393336942778445,84.03139738056687,True,4.928158294624098,4.376881073051462,0.8881372738830245,0.46858864727933947
1415,0.3674294248839519,1.5819884525087795,6.352358163398119,136.7541479101962,True,6.059198320245312,0.225560945640447,0.03722620282732633,0.2541944416006765
1416,0.38954715558338704,1.1607279692789318,3.533714289814294,117.81986503091711,True,6.0590946221459046,0.5116730762417923,0.08444711762243066,0.34613724667448986
1417,0.379139140570534,2.0231257873863173,8.561924052308349,80.38090176840402,True,4.677400813581432,0.26271744130527336,0.056167399753820464,0.2662012874116977
1418,0.3953992568026231,1.787838144567336,4.617420547997779,115.25432941813648,True,6.058942275653671,0.24068760494830238,0.039724360127252695,0.255050599435259
1419,0.3802009821902683,2.2843164544276098,4.106227844028865,84.94834776077599,True,5.028099149866488,0.21653252965034517,0.04306449081380879,0.2567200539797154
1420,0.44669625557040765,1.2007202389246916,11.939133456200521,99.69871782400678,True,5.695809215757593,4.443490367041172,0.7801332872505894,0.46038010681287433
1421,0.28030425171914686,1.9014886074214885,2.1096508070375326,135.7162125268907,True,6.059197114914832,0.16967802669687396,0.028003384520897692,0.2520121675426297
1422,0.449169606953441,1.4313309703629749,7.052271795629929,56.88024955418686,True,3.3324529839725923,2.9188693464988336,0.8758921312730034,0.4331784183484322
1423,0.32202957438905944,2.2391082959045523,9.716252611854387,62.00190058263362,True,3.569131010337256,0.21880274273115308,0.0613042060090918,0.26151252763946653
1424,0.4171794692982105,1.7035744887251782,8.670729556266839,74.07258280856847,True,4.307183084415149,3.3166112740406715,0.7700186430526479,0.8382272902486507
1425,0.3798899876683649,2.4991770905216613,11.51968358183299,123.18086295962843,True,6.058977707515012,0.1710479261189457,0.028230492729292136,0.2717717805153135
1426,0.4312544135971364,2.3466890889819325,11.55548068902012,71.65223133925696,True,4.081598674131101,0.2747065485899224,0.06730366469662834,0.2668919054137806
1427,0.3783401020049185,2.325537934568544,10.796138662983962,57.17522792391013,True,3.2536515129611963,0.2866425797381192,0.08809873417489679,0.2725295158825749
1428,0.35072144453257853,2.3997354643715143,11.249479284936514,96.29607658946,True,5.517428116691644,0.17885789222699425,0.03241689577901395,0.2665085152430273
1429,0.3961247691221981,2.092002432495142,8.354508303665638,131.58048518069697,True,6.059126972434466,0.1962327356211166,0.03238630524064975,0.2577275059674333
1430,0.36400011210039784,1.0577017342887125,3.099657199419676,102.29500325826456,True,6.033921668333282,4.523271851928832,0.7496404661113658,0.4635652119206721
1431,0.418906961765953,2.194088827600102,7.216747432989337,53.18048586101275,True,3.1096944243818183,2.6668839215892266,0.8576032103602531,0.5048463477579674
1432,0.33049796337882176,1.9605259573562692,10.173622445802724,83.44011198113633,True,4.811321242111228,0.22461051029310788,0.046683748390607946,0.2609407687502383
1433,0.3013621300796381,1.0300782459364681,2.08922049355373,113.63214664410054,True,6.0589434708725864,0.5506429257638508,0.09088101389474579,0.36455026431469983
1434,0.41756291691668046,1.81849897371693,9.180429697098369,138.72286611613873,True,6.059174752556167,0.22151516422250211,0.03655863599726219,0.2558395863094667
1435,0.3608588361254509,2.1290197445341565,6.2760612364056705,78.3096375743675,True,4.606045878890984,0.23504631729453823,0.05102995573095144,0.2618934511008275
1436,0.3311121948272885,1.2796992703341226,8.16908429827075,125.55707098179798,True,6.059119510615895,0.275725817594066,0.04550592162953378,0.2673469316967543
1437,0.323097664709763,1.8010244400147262,2.9298160029979994,60.15278983244228,True,3.58826509665024,1.0279412021286123,0.28647303764937215,1.3702082788376444
1438,0.383040427820161,1.6841853356472567,7.1795704554752495,81.29257300008098,True,4.7631294639337955,0.39986657995982666,0.0839503908066322,0.3091881044764997
1439,0.31534785608242405,2.207880093000349,2.7888015714957946,88.20260774727194,True,5.231935972874699,0.18733017079526756,0.03580513442184549,0.2571499871323297
1440,0.29452819834883026,1.6180668302877026,6.731276770178993,62.19806792082022,True,3.652372118756751,2.199320299341643,0.6021621641582021,1.1472278293689628
1441,0.32611505085575165,1.5156900306257852,3.9132079635374897,87.63726618067766,True,5.188673292444632,0.3357444740937368,0.06470719106223617,0.2853324300723634
1442,0.3804401174521075,1.9174402950745135,9.76099341336892,76.82558699329567,True,4.438732704725311,0.2948323556877654,0.06642264251999175,0.27273596701069724
1443,0.28091436192092917,2.0338547334630306,3.9938827769163505,127.9833099879461,True,6.059118398484056,0.16563575381157983,0.027336609539272347,0.27376974015980293
1444,0.3448798348491456,1.3708382640445487,8.061380363602236,93.4660569689867,True,5.449000514605034,0.4099707316517372,0.07523778545310957,0.3128000251132068
1445,0.37562538027477976,1.4852542385747898,3.4676750008724824,131.72602735781675,True,6.059212994952323,0.2502623637680657,0.04130278370747964,0.24986199612328175
1446,0.43603929667275654,1.0541968253790825,10.465603870715931,51.22334001802636,True,2.912608369027,2.12337148069447,0.72902745981047,0.3992996706736047
1447,0.32710599920334954,2.192152730025933,11.075900050261104,72.69391828341404,True,4.156786039002283,0.20647128106252877,0.049670894562590065,0.2601548835351979
1448,0.39830874163115776,2.004914361696952,3.131140389320327,114.14185411600522,True,6.0589172507196976,0.21792166887530412,0.035967097726812274,0.24664694834439382
1449,0.28837085303003873,1.4943195536568634,7.816702048215644,63.797173396471024,True,3.7237860222074377,3.1824596872709128,0.8546301179207848,0.529596362178812
1450,0.35901481579630506,2.498046066729387,9.851198623576568,58.34460410118729,True,3.349747618794373,0.22206948437406104,0.06629439278592199,0.2610319846385889
1451,0.34047675532501137,1.1869548244730095,2.046473677250465,104.68263439217239,True,6.057777339792495,0.5747746635782872,0.094882104662826,0.3729048157876047
1452,0.29418968309816645,2.4664337859009384,4.877431197745242,62.73163880959851,True,3.7134057602304704,0.18312562376563274,0.04931473574120463,0.2721578559014164
1453,0.43022228414760555,1.3437125948544986,11.607381864152277,56.534279046005764,True,3.1911109330266934,2.23812832962304,0.7013633736324636,0.4212622736844476
1454,0.3540944789107665,1.7250985695861014,8.358246330241284,65.73154772690168,True,3.825030791830531,1.391990481083802,0.3639161504416654,1.2349972871963737
1455,0.40990584564379584,1.2416158600465914,10.881395409049606,83.20217055984187,True,4.77854311904774,3.8190867541685742,0.7992157147113147,0.46283616564167396
1456,0.415203871547792,1.1273811897149142,5.886566379002209,129.09883226548024,True,6.059178450545746,0.44923549513061495,0.07414132110437392,0.3254338905954288
1457,0.28446034211070764,1.801906127617604,4.296645303625391,62.27157317042007,True,3.696774577754929,0.30598155870420757,0.08276987202450192,0.2837124723212976
1458,0.3130367063261976,2.3810099767850477,3.4972526612533,85.59066229306384,True,5.070414241557532,0.17693666097396432,0.034895898548835895,0.26751117520391876
1459,0.32973571071491176,1.1826155400639597,10.362633194934013,134.14107022985155,True,6.059142608180645,0.2820457581675706,0.046548790217739965,0.2695712098676175
1460,0.30674295552538755,1.9147503813532636,10.378646321585853,111.71446670414089,True,6.058358590581175,0.18813092363938105,0.031053117907524477,0.26405932906244445
1461,0.3824707065943762,1.2108331017360139,3.3252932801147645,116.77012369568473,True,6.059063384521194,0.4787435830683071,0.07901280324799556,0.33667015959140967
1462,0.30013649103855483,1.1321609968363842,7.435025692981807,135.41613799685655,True,6.059185762415051,0.2708807806193923,0.04470580557203869,0.2651170690349982
1463,0.3750279857208199,2.01831155233697,4.1147832886147935,51.403064928033146,True,3.056393691679893,2.8633262112202784,0.9368316061555871,0.49037701637247544
1464,0.32661558040701516,2.3368647110941247,7.602227750590018,138.95363969335864,True,6.059118178551363,0.15898062125063656,0.026238244009402414,0.28751094043085956
1465,0.3103788607386232,2.318476999766152,9.271769941380146,64.14195047764196,True,3.7065792085201696,0.19776982744962598,0.05335642821149489,0.26341472200019966
1466,0.33714779276758455,1.485000911861266,8.430868685424363,77.23780052012971,True,4.49808925772855,0.8946868962165783,0.19890376667811574,1.204098937119833
1467,0.31925909472755143,2.454103641834596,10.00181445793411,81.57697627398997,True,4.704730506517648,0.17368526075105467,0.03691715402411289,0.2718628983486808
1468,0.32299984819997707,1.5646337732551376,8.449171914097299,116.12849940919317,True,6.058852598827388,0.22869055836636606,0.037744862519122215,0.2589519041253663
1469,0.28870337223645853,1.0396176982938592,8.456437516948185,66.18735443266243,True,3.850019154608268,3.264509323918004,0.8479202811265393,0.4471035477783043
1470,0.30793851755823654,1.2593323760341946,7.001073969320284,122.36180837751785,True,6.059106010087556,0.26973456049113115,0.044517220864276216,0.2654053127254006
1471,0.40193313751286236,2.262968477018926,4.1486971534178725,89.14288773689965,True,5.271371647232205,0.22587798748429044,0.042849945441219325,0.2561335166512668
1472,0.42952836520578763,1.092936359509425,6.205167618796558,131.87351688005188,True,6.059189434933289,0.5449338016839508,0.08993509899892252,0.36861844496925
1473,0.3576459921180987,1.7448644870331855,8.899862261893542,133.5750281262767,True,6.0591399805853925,0.20702069365289497,0.03416667948194424,0.25673677995557576
1474,0.4301850886561267,2.4408694164257945,8.492354118903812,107.3722491768938,True,6.057780734130979,0.20337321721680315,0.03357223150566511,0.2579961181897721
1475,0.28536917417170193,2.4549795144121966,2.189308146535532,104.5940978964278,True,6.057276419764064,0.15617437128698408,0.025782936168705868,0.28675961602631617
1476,0.4266704859544721,1.669838958471734,3.381822853636044,51.05194120605333,True,3.044594205138771,2.9049281142861703,0.9541265333104598,0.43143260269484607
1477,0.4300001600159788,1.553399739607336,4.405194138045516,93.51028410398854,True,5.52218119754035,1.0705882496485204,0.19387053980144187,1.3640065702390944
1478,0.31565503409899376,2.388045573556874,2.508679296682093,77.37824362013137,True,4.60369192016956,0.18401304553740236,0.039970755803882055,0.26026563965144245
1479,0.4431321756000398,1.5289171153878764,11.895655991554031,70.82181937679394,True,4.022676398219127,2.969106621185979,0.7380923363610427,0.4684156760804994
1480,0.3987054111325542,2.145242999070085,5.861265711884318,123.5163945599536,True,6.059112479876927,0.1986227123539519,0.032780826072069606,0.25529197310222296
1481,0.28139727304967205,1.5691230247884853,7.795903002464328,80.11322275013248,True,4.680143521241471,0.27367659968254343,0.05847611263210729,0.2704360517017861
1482,0.34707541650224605,1.84896554725217,3.585037706451125,139.40384992635023,True,6.059232330417991,0.19137640947676834,0.031584266626654735,0.24814565764804808
1483,0.364378698136686,1.1475629982031073,3.7136623365081673,136.51013023897534,True,6.0592431503295385,0.3234077541013019,0.05337428224574764,0.2723776642442508
1484,0.3994046161037342,1.5119546715164498,2.296721967087784,105.17737882083901,True,6.057943355550819,0.3614556516195849,0.05966639672990463,0.2821462469717968
1485,0.30799111697247733,1.0663042578664095,8.329261357187296,108.59827479793064,True,6.058179933612862,0.5016289373577055,0.08280192118007193,0.3497951868640272
1486,0.3754518316345206,1.5840518562525734,2.9997147054153404,102.7549656960987,True,6.050853180568055,0.2994437825136572,0.0494878612284467,0.26601481553941975
1487,0.3386186884579796,1.7255109636375963,9.938264845203483,85.21449166711403,True,4.922036387328548,0.2684860087596866,0.054547749677528956,0.26689661235731066
1488,0.40295607331413585,2.3094658145097493,10.54784886736827,65.22615210365981,True,3.735756023568189,0.2770310182646488,0.07415661422130132,0.26838494325079765
1489,0.3165885855590836,2.1376935371752914,5.911659720071566,60.426101176028816,True,3.5623411855044633,0.24530422410848807,0.0688603958280741,0.26691838826761805
1490,0.3219037730417638,2.182633303332187,6.607512201713417,55.431031925343646,True,3.25445391118162,0.256770739389082,0.0788982564807176,0.2684003344399648
1491,0.36443097744383096,1.6905695098933258,9.906136019157623,97.59710852683726,True,5.6370564020424805,0.2704622638260151,0.04797934321324482,0.26737866690341683
1492,0.41637222658485534,2.391400587714812,4.023072219356781,51.032893777618305,True,3.0354824154386417,1.5182079217136408,0.5001537528242451,1.2327230855653277
1493,0.33358948713071,2.4182534432038416,10.210155040668116,92.38005400127251,True,5.323663773010411,0.17351593108498664,0.03259333017322905,0.27030386802011597
1494,0.39426076579669894,1.517991286126135,6.994198637599085,54.29003383847289,True,3.1802898521258496,2.774931592295351,0.8725404668509888,0.43981661887110945
1495,0.39674742615799025,1.1548455770817583,11.460863036688822,95.07485553458505,True,5.446864362422649,4.3154624416845575,0.7922838085443222,0.466502620512081
1496,0.2956682969454378,2.3242253563997783,4.899786380517098,132.78298932016986,True,6.059085981714876,0.15376226021364303,0.025377137851759678,0.2966570102441035
1497,0.38582924707062766,1.5006375531384335,6.154458847815816,128.53904779267808,True,6.059162055720739,0.2596297070196345,0.04284911092194769,0.26045013949647977
1498,0.32233311275527393,1.0600690410650917,3.0721401958109595,87.51306736650432,True,5.193167747764251,4.522873057656581,0.8709275874255663,0.43109689151253594
1499,0.34812064239817675,1.5708880517033506,4.300693813289907,91.18315202517759,True,5.3886605918225365,0.3224123674792466,0.05983163385137257,0.2807167649764546
1500,0.3209312845078325,2.2561608565078224,11.932154132866305,74.4729607027385,True,4.232500001476712,0.19455947753229733,0.04596798049956665,0.26209826068803777
1501,0.4272998185416187,2.4013759991249284,3.936723132749767,100.99156337121171,True,5.952038710014543,0.21116582970083225,0.035477899252492645,0.2525658238180819
1502,0.4112584589779139,1.8401070696154327,4.731199656145895,93.25835422713922,True,5.501872280560667,0.3049234869469631,0.055421767608878396,0.275000466850436
1503,0.3827641383066231,2.297030423266143,10.949397590979304,61.65235997904504,True,3.5130488343729596,0.2712620718338426,0.0772155710389548,0.2676607761836851
1504,0.31781170496707106,1.3383825308789188,3.4462807530345,125.78230524176577,True,6.059184395212922,0.25084833037794285,0.0413996858349659,0.2515781965281456
1505,0.3651717870180147,2.29908003701022,4.7243353697451145,91.09047277665837,True,5.374185879496772,0.19957497193307708,0.03713585209147341,0.2584046975103713
1506,0.376828715843543,1.1838466856051053,8.279241571914419,77.3097443677502,True,4.506516283497407,3.8990903126423335,0.8652116329681463,0.4490960847064627
1507,0.42238147624523537,1.989869630013149,6.098156891344787,117.92948068177277,True,6.059016813450673,0.22779861610549307,0.03759663046317896,0.2554618331502505
1508,0.3193444223851345,1.2482345242839756,6.610029547651164,68.23055042398242,True,4.0105167941365885,3.5995532457795973,0.8975285307475028,0.4590745733168595
1509,0.37308245127600526,1.804536577698046,9.868899492136272,65.77583600488211,True,3.78826181815817,1.3272142129065052,0.3503491249059942,1.2510141777054438
1510,0.43160146785363684,1.3929958004208518,10.9261037344372,120.33514998328361,True,6.058983020914602,0.3430754630589769,0.056622615028749455,0.28690846392182223
1511,0.3888400612760413,1.5554588059787406,9.378036240533895,63.720676529052255,True,3.6810756757565897,2.9845789657384603,0.810789896386747,0.4689704917206017
1512,0.4355273762454391,1.124123400408524,6.457840759994326,76.21047343644156,True,4.481858931237749,4.0639835099240935,0.9067629241069729,0.4263574947199733
1513,0.4298678294198658,1.6553310682729752,3.419861679095469,83.52327985496228,True,4.956294502088797,1.823194079189967,0.3678542666142204,1.2245441388521554
1514,0.44029859565154894,2.048822137761397,10.18595907594981,89.51509373273237,True,5.164270425423979,0.28692401623462666,0.0555594484018661,0.2703189777820918
1515,0.3329010153778321,1.7076976425606618,5.98922742645922,96.24193617472504,True,5.650957846672075,0.24475836163643158,0.04331272118417466,0.2614242629016901
1516,0.38477674471361784,2.404097480589357,9.102566403112949,90.12982118450205,True,5.227424171949696,0.20127980750919047,0.038504586750249925,0.2605597516522913
1517,0.3979554519093207,1.437897647376593,8.750407072754655,124.65273443691936,True,6.059105380252541,0.29396205457256336,0.0485157520994149,0.27244955155675843
1518,0.2941089080688728,1.4348627582998548,5.895945629910447,113.51644399460159,True,6.058785295743406,0.23661656657662072,0.03905346616967191,0.25861202401121997
1519,0.31751680332057297,1.4032317012434383,11.074656610072255,116.24647288268785,True,6.058743681323093,0.2537816254472893,0.041886839713917254,0.2636590352269512
1520,0.3044636889868694,1.7424752055995911,6.157136479320334,90.5412519850827,True,5.319087678101164,0.22907637903306569,0.04306685523838603,0.260774414466165
1521,0.35377186024259194,1.3331497172263882,5.21754195205341,81.12913211964889,True,4.7909547391608935,4.38246554095172,0.914737412384589,0.48083220475409627
1522,0.41911536675401445,1.3369530692658675,8.809668229276216,119.654758372283,True,6.059020909546522,0.36264581837216464,0.059852214373577114,0.29419736740488256
1523,0.40056261772702584,1.3655447711991497,6.615137689077323,117.30314527334352,True,6.058993938262324,0.3597087037959078,0.059367727953045235,0.29467597190518635
1524,0.3679694684016899,1.6955968469238627,4.196808265941192,116.72871787463961,True,6.059023675704102,0.23483509502936162,0.038757910118592184,0.2529536713505687
1525,0.31505800673224954,1.2323516746587564,9.705776349710593,71.56241773268972,True,4.133052608923442,3.3712518176197213,0.8156808385020411,0.47319635175911
1526,0.31591848152684016,2.3282749426071154,8.840101130627751,83.42918370099736,True,4.844498534314565,0.18004648321053077,0.037165143499420024,0.2684185883229029
1527,0.43781374432658926,1.860549758897465,8.239575810952093,108.84278050232837,True,6.05821197033636,0.27438803767835857,0.045291917651921344,0.267117734052674
1528,0.3841028003728586,1.652535962334275,2.9629420708858425,96.18067981136537,True,5.694671036180907,0.3176514076492726,0.055780466620650206,0.27304501078562726
1529,0.3769521300441015,2.4961511409471857,2.8756842423491955,78.03498123873936,True,4.639610665594823,0.20429324856029069,0.044032412045957564,0.25478770813279494
1530,0.3314202450257122,2.008476711695577,10.786565508722406,106.68462330671191,True,6.056340436188751,0.19394166007416921,0.03202291253564611,0.2619828483389708
1531,0.3023493634105022,2.2402616199746994,3.183775095705049,72.45475610900819,True,4.308528038755529,0.19480220375236956,0.04521316839535667,0.26158715794032084
1532,0.4459595418373797,1.3314125155639418,10.243562518556015,132.99614645764,True,6.059142088679005,0.3446263489537731,0.05687708654294117,0.28859545543208354
1533,0.38916336516645006,1.075552408279858,2.443354031644674,114.38388908428426,True,6.0589795419812,2.256207020717121,0.37237409452935266,1.2256375044232488
1534,0.42186866446897314,1.3283571102047596,10.629084096981831,86.87997341168759,True,4.9997149666491385,4.045030640852952,0.8090522495453323,0.4706535253354489
1535,0.344073908959468,1.3013824686577857,7.824520602311494,126.74119229383513,True,6.05913233530409,0.2777236849650381,0.04583555360671949,0.26745329121482886
1536,0.2813079730083334,2.1792623778310913,11.466133499959954,86.12031388942434,True,4.923548865933433,0.17347659324340664,0.03523405534648188,0.2730146689217605
1537,0.312646933982643,2.3862000965416987,2.965976457057094,135.01755670262781,True,6.059132749877746,0.15701537021676307,0.025913835642556463,0.2839014681694718
1538,0.33232953127013826,1.530787725633953,8.527887414652104,135.315633633776,True,6.059159073665099,0.21691808890021075,0.03580003202804182,0.2565222595444636
1539,0.4429916411573669,1.2429676442626785,6.019980270199865,70.83808254772364,True,4.175067770782107,3.814909795751955,0.9137360170413033,0.43248876098728894
1540,0.35644140636685007,1.2605786147897005,8.108294489802883,112.02932578933917,True,6.058587851719963,0.35359014450142123,0.05836180858564939,0.29148797388665404
1541,0.38234921605901123,1.244010714899542,8.716987590010232,85.93429079736627,True,4.997932766543416,4.275227515253087,0.855399165005144,0.4624204255933453
1542,0.3490756157523947,1.4164760896645587,10.540095095294921,86.52088590379157,True,4.981087917324731,0.7145990333728639,0.14346244138502667,1.0310574020587668
1543,0.44019166255765885,1.6611789148957263,11.292872280159752,55.58042188519842,True,3.1447678000614805,2.2323976383873068,0.7098767795649851,0.4323535823219853
1544,0.4360849238481117,1.7894806116630921,9.618142488130868,64.56061413838651,True,3.7239840292672857,2.9918497700153406,0.8034002687718302,0.4791302407162048
1545,0.28849687946405567,2.300854137698484,10.735943095242387,76.43027444930567,True,4.3834917986411615,0.17546546461220033,0.04002869690929794,0.2724426048297439
1546,0.41649313422802525,1.5012039743189662,5.27140270696834,64.2531857352958,True,3.800194955333175,3.5131066598835377,0.9244543243638753,0.44844290636742157
1547,0.39945705565416717,1.6190417882251584,3.370801061880719,70.42387674596749,True,4.189706144015299,3.9775445096490474,0.9493612136332497,0.47014409464388107
1548,0.28040843872711657,1.9461355228721742,9.479779274255538,128.91129826110793,True,6.0590618490219565,0.16821624641005464,0.027762754466222825,0.27667475187266
1549,0.42740800138143004,2.325138464204512,8.082700256315317,88.6104603844978,True,5.1665852923807645,0.23709364643752961,0.045889815617130125,0.2605979379432517
1550,0.4463869967988589,1.8328762571319084,5.407206032081379,68.93662980333502,True,4.073549486812533,3.743979659985135,0.919095170466364,0.48450511195597246
1551,0.4446324910699717,1.6947419840281637,7.5030211659504715,125.2719542017303,True,6.059125930074585,0.2734439844680735,0.04512927897913941,0.26527454972967446
1552,0.4327423317123068,1.928615462127116,5.794838355670775,99.78125075941625,True,5.856858971928919,0.2815812842765201,0.04807718362796486,0.2683881499331462
1553,0.3697275309724851,1.3535509841421214,4.153761609996549,72.67300701501955,True,4.312097579808918,4.059867044059908,0.941506301496965,0.4479617762433197
1554,0.2852246620199291,1.7689782867287844,11.504022533525273,104.52036384736553,True,5.974355659265563,0.19676167154530205,0.03293437531462435,0.2624016173672117
1555,0.34337220432752524,1.4993380156381906,6.377174752768739,127.70843289409481,True,6.059149927732305,0.23471723535245476,0.038737651015725884,0.2565061702923619
1556,0.37039667132026793,2.4294149263664755,5.622572287955724,71.00097804253059,True,4.189487268898289,0.21807307036340168,0.05205244851376489,0.2612337617201623
1557,0.3185515590651731,2.3361746879804173,3.8754603343859073,91.78295289800195,True,5.424093518007193,0.17746433198089107,0.032717786187080954,0.26672220405193237
1558,0.4142304275931705,1.6155807607053163,3.6332395860268285,139.0966209778715,True,6.059251541277629,0.2425894291449728,0.040036203727865274,0.24765027660299044
1559,0.4040642364374402,1.9362484750846938,6.0008091648294535,51.59453382896904,True,3.0392631182706977,2.721627140236952,0.8954891479700262,0.4612797389979293
1560,0.44654559382308456,2.1046170496917873,7.364813969808832,91.45437403346702,True,5.348159894552979,0.2857257944812831,0.05342506583849345,0.27110928909384846
1561,0.3671108017523675,2.3461816228483503,2.520312188395467,101.48164153861734,True,5.9937435558194,0.1882316370064923,0.03140468644570819,0.24984259942007192
1562,0.3882376181302138,1.0844660220454845,7.775833802295179,128.69578760182992,True,6.059151672159046,0.42236340380430765,0.06970668942733492,0.3163565585644976
1563,0.3055485016521685,1.1684822370257495,4.3154365000462915,124.1186100163087,True,6.059166703885117,0.2929242288857032,0.04834397916431003,0.2668396140389193
1564,0.4411046746962625,2.0791669448947956,11.207589036051708,93.32396022351992,True,5.352711882830904,0.2707071660912029,0.05057383472469533,0.26620236514693385
1565,0.4130347821686293,2.215646197900738,3.2497284486206963,70.66830069349024,True,4.20480497327682,0.31042445006736724,0.07382612321861204,0.2769525942091904
1566,0.28531647068362775,1.3083712263342977,3.6946268518441534,68.14395157403266,True,4.051578311592383,3.8361982175393363,0.9468404464904946,0.4683150938548932
1567,0.2999718265460083,1.8797289474910646,7.237693421241345,56.74004189196437,True,3.319490964845133,0.3723725641501922,0.11217761039080425,0.3093180255253851
1568,0.36146453390990446,1.9022306372543414,6.784823052288186,73.36727831767226,True,4.307736533770268,0.30086762280761115,0.06984355251278151,0.2761874198685903
1569,0.3532521359611882,2.4710076871572544,7.281250389192497,52.51733009754238,True,3.068358541860496,0.2425963178832636,0.07906387554570646,0.26474035558758224
1570,0.44406957091387056,1.141548684086529,3.018052270209001,68.22110123634671,True,4.064459359391191,3.9027520231862143,0.9602143060352316,0.41134837369367094
1571,0.425108716451414,1.9843294534102556,4.247476673610764,76.68641503350938,True,4.545537217779892,0.3857773742240056,0.08486947873070655,0.30355512782055394
1572,0.2905965670104051,1.3128319155351424,7.331401560594678,62.78321623388665,True,3.674943453394934,3.210236637996706,0.8735472201704413,0.46796387055076094
1573,0.3716378368255152,1.7102567276462304,5.879341616239814,121.55917926235588,True,6.05910614875153,0.22856344284204286,0.03772230379049194,0.2553996307972781
1574,0.44253661797982946,1.640016719853866,4.808605695208809,88.11656832777672,True,5.2039629144394315,1.7017501861548103,0.327010436879357,1.2305492790548995
1575,0.36999762411827936,1.3506253184662311,7.682392564435904,128.1577176794824,True,6.059142996782342,0.282894356127661,0.046688839705200845,0.26852362526696716
1576,0.3396085850501017,2.478933349626865,5.706534511105767,84.97181230266692,True,5.001634398926338,0.18139564362584754,0.03626727368653461,0.2679697584113172
1577,0.306660301303868,1.4037179343935506,11.324216129959261,118.58693229493463,True,6.058878964556609,0.24213880319387693,0.03996429118494476,0.2616448765677637
1578,0.350384077305623,1.2773854797298752,5.936540702630138,75.49223760065496,True,4.449244185392909,4.060265317570437,0.9125741695410854,0.45645564216285184
1579,0.42062982255679426,1.8499701327110494,7.072556297503318,137.5429853123592,True,6.059192730198891,0.22093884808639488,0.03646341318460465,0.254185151782258
1580,0.32452037341335005,1.4339661200526335,6.090673798249642,104.80505438697583,True,6.056920693750211,0.2815714520801921,0.04648755800463584,0.26916213055937144
1581,0.3225342061028207,2.0701117847033235,9.640767302010385,78.27894302207659,True,4.52555356912377,0.21356935572512478,0.0471918744222214,0.26125344147274765
1582,0.374145740853473,2.2523126314947612,9.307815776504052,130.19190744533353,True,6.059090301057733,0.18030397960551106,0.029757599020109583,0.26539758094254173
1583,0.40584171721037177,1.0881478828512252,2.1212686309324984,108.25794288181257,True,6.058555303169509,4.522794380706174,0.746513674363935,0.6062743279339262
1584,0.3424386689642602,1.9522472892013214,7.309245401223354,83.13287858536088,True,4.866279545173869,0.23747608065446954,0.04880033677678594,0.26230157552588107
1585,0.3411257923723199,1.0818208055130678,2.445595985309811,107.9396697288903,True,6.058500188070802,1.2381963530631277,0.20437341167392198,1.210552844500076
1586,0.4390108543736627,2.3375215571877996,2.24022647544047,62.747282720832416,True,3.748386403058364,0.4427221048760367,0.11811004983766166,0.3244396697423464
1587,0.36954793787226486,1.3872333935691148,11.156137310437728,79.56863288324024,True,4.5580970109417995,3.554576726072142,0.779837883559589,0.5068741291217069
1588,0.2962551266609124,1.661925107083273,4.958631967407673,83.54750532508717,True,4.934740519707675,0.25486189251262664,0.05164646276633897,0.26467376401797527
1589,0.39523210487470856,1.786042926555484,7.1824601707827505,96.41875746488162,True,5.637772365766537,0.2859286165408831,0.05071659478078394,0.2711409065468766
1590,0.2815854033214569,1.7405204447572813,6.372399743606895,73.57419279846957,True,4.32743032831598,0.25259674541830196,0.05837107157230651,0.26723561126024764
1591,0.32412611733607943,1.953730740375892,9.14783710785021,67.63074498245014,True,3.916183446884958,0.2550954172029305,0.06513878133207486,0.26491052752442723
1592,0.3816129611523525,2.1859734587031787,6.17559417339687,137.74767765507625,True,6.0591794459721,0.18290620928267295,0.03018663020522716,0.2601495218915475
1593,0.41795726678767553,1.9122221366934848,7.633578506577942,118.88579863602438,True,6.059011485328602,0.23288672767618812,0.0384364228785676,0.25744152267467113
1594,0.3135498325269144,1.1703432056862502,3.26854304913402,52.94917304894493,True,3.1584896939912075,3.0223485676489705,0.9568967641081003,0.42461943285146875
1595,0.34717501226538944,2.056846007602207,11.846707144188269,90.46611008615595,True,5.165525397540903,0.2114620707851549,0.04093718538017902,0.2596154673718063
1596,0.3020852672223149,2.097341944129232,5.97362140408191,108.98922298261746,True,6.05831896378896,0.17614953726642738,0.02907564595381768,0.26942192050887126
1597,0.2879070192353211,1.5045987700559094,11.51431674014961,116.66182905949542,True,6.058738139957897,0.21759694230760315,0.0359145645976235,0.25984671594038433
1598,0.4080678966322928,1.5586499880961147,7.286994394413921,104.95584566477501,True,6.05652296280884,0.3415555931080545,0.05639466657774396,0.28838241504001294
1599,0.3278725781381924,2.069383365549241,8.0772156646603,113.86338447331934,True,6.058674170527045,0.18384239826752719,0.030343668118322776,0.2647708011197656
1600,0.43919130760402897,2.470594238311172,10.269987943012842,53.26139146296221,True,3.038284692545835,1.158194151252384,0.38120000870685744,1.2705989183654904
1601,0.36991345205576676,1.188456818068205,6.490188930721912,56.605606002995046,True,3.3273234498652657,2.9668528409603083,0.8916634903890831,0.4311780722007774
1602,0.3878948267540001,2.459341124153906,11.4999099657051,94.29086506126035,True,5.395947304570114,0.19323461225133545,0.03581106362689547,0.26130370722153096
1603,0.2835331096024847,1.654039909853864,10.777328570589283,71.54791327089609,True,4.100023543428459,0.27821334557528143,0.06785652390245499,0.2711217462231468
1604,0.3570567691724472,1.0088478311538955,4.465609853636567,95.86890935686006,True,5.65761180572591,4.523209647518185,0.7994909871582868,0.4375381954021238
1605,0.32799599470160434,2.3136041347578944,10.696652599058934,57.074771402750955,True,3.250232215551242,0.2268624840087042,0.06979885403979609,0.26255837804674753
1606,0.431208187487161,2.1684831108685034,6.504427736514151,92.28222516604224,True,5.4134875017315265,0.2547383313043352,0.04705623338427513,0.2628499660180088
1607,0.3316403299381431,1.8128976537773396,11.532944234310502,50.38512697461372,True,2.829487657195705,1.9036951486139737,0.6728056027290535,0.4561316884979001
1608,0.32648572735308745,2.043312505029853,6.407004270362061,109.83251590112947,True,6.058416224366709,0.18758042362564975,0.030961957164845948,0.26213957693802525
1609,0.4424769128894049,1.5210143518851484,2.005728344841777,81.96912432312942,True,4.8813706183562475,4.521194546861453,0.9262141517916376,0.4320740504045206
1610,0.29959293385577657,2.080066835947678,5.72081010150883,103.24342391488584,True,6.036646052601119,0.17955016628974274,0.029743364895872388,0.26737458031096084
1611,0.42371582321764034,1.8466351576663986,9.976549517401436,75.04391109846463,True,4.328979183996884,0.7998356209077245,0.1847631016255541,1.0436534569933262
1612,0.3776918844193987,2.3149295295759167,5.693523432463276,52.46219073050948,True,3.095533354971544,0.36738736453811816,0.11868305794479007,0.30282581663229236
1613,0.36623327931686805,1.4872948380148552,9.53666352361992,120.21139712993536,True,6.05900949402767,0.26441915259425636,0.04364065658832401,0.26496056721975725
1614,0.3419248766895855,1.867207150175801,10.847447812154646,116.43292077251148,True,6.058747544715393,0.20275189084724138,0.03346432399615118,0.2594125885373333
1615,0.3270708776989374,2.39069586771555,4.286424379882715,118.16300274318279,True,6.05899783708989,0.1650635718429891,0.02724271839685429,0.2766523190599153
1616,0.4041377424657616,2.374858516249094,9.898752386765137,125.34188090971934,True,6.059057090903887,0.18567999131809818,0.030645030824490636,0.26255711784779834
1617,0.30609891282904256,2.1656003185601818,5.892992399586599,119.22767565201553,True,6.059003666742543,0.16912857866220155,0.02791359569404732,0.27488556448078905
1618,0.37333069953858855,1.4750736719414683,2.164424861987848,88.96795561603496,True,5.287241299662433,0.5449414135702007,0.1030672486245318,0.3570685348349625
1619,0.43794782326667175,1.0521822787559487,6.808765935546854,129.72435475862025,True,6.059171550973525,1.0871069443609427,0.17941511231618415,1.2099353020174717
1620,0.40310062330634355,2.2004010644982746,7.8656575025373705,56.086928348505005,True,3.267446101786309,0.8445036007859875,0.2584598412577635,1.2021079380126047
1621,0.3814922087972122,2.1385836221749077,3.89872726394107,124.76034233452388,True,6.059147298433629,0.1919058810108515,0.031672093705406655,0.2516685726047161
1622,0.32955325384206513,2.153506669956678,9.613694969455988,60.36508422078694,True,3.4758316864191805,0.24583854001077687,0.0707279759751661,0.2642137166080669
1623,0.35617282194219807,1.3426296515029539,9.280760603285948,113.35944894503942,True,6.058630582554352,0.31489685707693504,0.05197492284538213,0.2795515852852146
1624,0.29339243194326275,1.1496459717831016,7.728129546433706,78.90861268641648,True,4.6125304162422704,4.038912724541831,0.8756392608966785,0.4707929922134406
1625,0.3754622384003603,1.4977547581642747,7.137103700564167,117.55051418634156,True,6.058983427848613,0.276220964419643,0.04558866478328063,0.26690704888886296
1626,0.3342492953914164,2.230719450051396,4.220286046179361,125.50790088930837,True,6.059117792350851,0.17158111057796782,0.02831783709413525,0.2663529548275463
1627,0.4419599555296782,1.5230684847847638,4.231068048846488,87.70332006266679,True,5.18882256866598,4.359231920331729,0.8401196731327943,0.7837234571400296
1628,0.2950297535166747,2.3096859198004465,5.714252476237942,115.90387496928204,True,6.058840671644561,0.1590315101037904,0.026247844880301865,0.2885948047121949
1629,0.2900528099123321,1.775011568553413,7.543946979069434,78.69632178835913,True,4.602598785645926,0.23686759719914657,0.05146388121812028,0.2639292440609413
1630,0.28229763713322453,2.1996634970348836,3.1947777126178183,102.82011867952403,True,6.044573453565573,0.1672943352056855,0.02767678091611277,0.27300295316159406
1631,0.36123089301737876,1.048750382946779,7.293486542262615,118.26381218680478,True,6.0590175278562866,1.0017846316451695,0.16533780056576372,1.3617713135581897
1632,0.3533964016659078,1.6861872959612696,8.543629662006522,67.10034275707577,True,3.9010610039725924,2.1704862189174565,0.556383562499323,1.1490627159090998
1633,0.40268010572589097,1.5167120000280379,6.217756566407041,130.1822763119317,True,6.059170571819696,0.2654646410712882,0.04381204290665209,0.26166803186375054
1634,0.31135454970420584,2.4448097009399885,9.4124717205518,83.08657100370581,True,4.808266236494398,0.17051675412195305,0.03546325135404172,0.2750118997355422
1635,0.3648391539706003,1.2180649886069261,10.320385040066721,70.63169037023506,True,4.06109629142538,3.228861956903174,0.7950715090702503,0.4583708485490816
1636,0.4230329990319543,1.054865660621423,9.659822350409854,65.31982207801371,True,3.767930051772509,3.0438662537975056,0.8078351275033916,0.43477150164095946
1637,0.2979586621695225,1.0612900167346329,9.635682540412184,92.33418719464889,True,5.343787602045779,4.4039261185659635,0.8241207260707731,0.5061268660149816
1638,0.3152036106859678,1.8316910912771258,11.179200362040659,116.53785569372441,True,6.058730424419924,0.19480726596743173,0.03215314964043527,0.2615283075295416
1639,0.40045740528141216,1.8646415609761549,7.96062280880103,85.13466208130242,True,4.9689193797761835,0.30803495099007616,0.06199234228749976,0.2772132253660864
1640,0.3024015367861195,2.4569854491968046,6.429409368866927,51.66750606172164,True,3.034321809348869,0.20368141606807252,0.06712584520222008,0.26633767916512285
1641,0.3280727548452861,1.2762322515539828,3.04212366161668,68.38242278374165,True,4.073414736062833,3.8980817548199704,0.9569567567744571,0.44126536692706564
1642,0.39027759090199765,1.1043262432703482,10.86650343812153,114.68603839642452,True,6.058657452724626,1.5120081053488519,0.2495615764956129,1.2276092179406501
1643,0.3321351591933434,1.3895452042896181,4.852834393962569,99.20188561954413,True,5.840741790291815,0.3396934948205373,0.05815930698822513,0.28701914415050833
1644,0.42182729656698603,1.802681789216596,11.15015543758239,79.34180605891262,True,4.544734091719469,0.5641964796847799,0.1241429021585111,0.3789461353321468
1645,0.35592023745815393,1.1900486808272053,7.326253340059647,71.63698782671341,True,4.196021976887678,3.7106744752235885,0.8843315158172533,0.4492271561411192
1646,0.4161292834311283,2.4825570214262562,6.489982525094453,72.18649680913975,True,4.243770884551031,0.24491769310007522,0.05771227989514477,0.2631954124890261
1647,0.4120165728722426,2.145614726036148,9.543729238559404,94.56381611554103,True,5.472575962265631,0.2374878115069873,0.043395982649579896,0.260568388993796
1648,0.3037630419078133,1.633897487849933,6.6600024094490955,79.90929128266296,True,4.692610231110988,0.2844821142784071,0.06062342710510077,0.2729964963431648
1649,0.38393422574130437,1.627549463133404,3.9295332687715967,129.0022679211575,True,6.059190021190987,0.2369505605413823,0.03910597946469545,0.2500419163139287
1650,0.3346535188705191,1.2954142033319491,3.1986415212636365,136.61780617508407,True,6.059244042534715,0.2526242914710763,0.04169237774509541,0.24824800103098754
1651,0.34555776647654246,1.956170796406849,11.335670029474878,108.220049847333,True,6.057471364308985,0.20317482215222696,0.03354119399545926,0.2598421648240534
1652,0.35547076979755743,1.0059924200166765,5.186423974978389,110.46845224643278,True,6.058609414795685,4.138125410728351,0.6830157099453658,0.9671557489599989
1653,0.3307016926185633,1.3516662879649959,5.190073520383819,105.88435768674185,True,6.057837428113847,0.3179457045898167,0.05248501769200028,0.2791613678159961
1654,0.36649498629623545,1.613611262873249,6.413775565257598,123.83298626965941,True,6.059124138784522,0.23590163318889878,0.038933289331190585,0.2568188920900507
1655,0.3846512775411493,1.629794995257106,7.5899856434445265,71.08574388257796,True,4.157569919186898,3.4975356316263397,0.8412451743710803,0.675218346402017
1656,0.39984893450717734,1.032317655787128,5.251790933879104,134.16876435802004,True,6.059214012090696,0.4653688018245381,0.07680349314216833,0.33076034566821777
1657,0.37229286489157676,1.3977250403609285,5.246613726781608,121.90727913917335,True,6.059131646774636,0.28881026934980597,0.0476652903726797,0.26775591766928253
1658,0.3012601280448811,2.4103154399778024,5.556037665594807,128.24316886675422,True,6.059046173894244,0.15254336577159613,0.025176135218912536,0.30084193423411865
1659,0.44743962593702097,1.7239731628201098,10.401030586568725,77.20762849098713,True,4.443361069487792,3.4285786270416216,0.7716182802665755,0.6678578149887353
1660,0.4318929861565981,1.2251363094815095,9.133969530468349,106.0097435626146,True,6.056857663009648,3.804629157377063,0.6281523141302524,0.9835047168995597
1661,0.311566600364339,1.5189250339605915,11.754640021169308,67.36884333027912,True,3.8242569568489597,2.382662649223261,0.6230393710747103,0.9795145568936081
1662,0.3792020856118797,1.7055164629417985,6.046696705924414,122.7654844137942,True,6.059118625946555,0.23179803458450335,0.0382560647668937,0.25576383168757033
1663,0.3981780966825472,1.4503561789031079,5.342395400332414,57.5430387283195,True,3.4027860526333216,3.13050957710433,0.9199842507529133,0.44087257470959695
1664,0.33519901872924385,1.1207809064578407,11.57105977983151,74.28090980223351,True,4.236151587883534,3.218118263552931,0.7596796754765726,0.46379512166449377
1665,0.3112517421895323,2.2983373513527825,11.549321070871867,117.2367686634366,True,6.058693572602767,0.1618332173025847,0.02671090976351564,0.28345080362203934
1666,0.3546933184752859,1.380463278073168,9.420968897096127,124.04853515672315,True,6.059085785409227,0.27182617627253786,0.04486257265528695,0.26668779987038116
1667,0.28482865586202794,1.1081164241924033,10.258162458274734,69.2005693882783,True,3.978863429338793,3.157454575152158,0.793556911722618,0.4623361708256404
1668,0.40660664862449997,2.4951736853191724,9.621584738914805,106.10882609862323,True,6.0563965886193145,0.19093769033436656,0.03152661612239216,0.26142784319083745
1669,0.38740296637940597,2.009581223641581,7.539819686452802,97.7244197750081,True,5.703528355537701,0.23323926731904532,0.040893856009778115,0.25964924231064757
1670,0.31224385478285727,2.2638342166847187,4.8720310688653345,110.66789820779422,True,6.058527613442336,0.16951276168440751,0.027979200970925957,0.27363854540413923
1671,0.3255410712633885,1.1152353929228291,11.09028933863036,88.30013111991082,True,5.06770598714513,4.034430438393717,0.7961058610399961,0.4833111187406578
1672,0.3423425739964715,2.362393383746654,7.882744663042728,109.26235446522949,True,6.058207128140032,0.1740103239704656,0.02872307273255769,0.27163150557926174
1673,0.3737641479461637,1.3841363878686885,6.987718744276361,93.77242520122762,True,5.49084807916793,0.7268875857021889,0.13238166039595467,1.030561639619894
1674,0.3081908517484538,1.3036576295605953,8.781391051293472,139.56994985645503,True,6.059189288210121,0.23228238884649402,0.03833555576460791,0.25792712791569006
1675,0.2821051012090599,2.419282745820942,2.2701038489287253,53.414492218903575,True,3.19365443835436,0.19642271340920914,0.06150405975369792,0.26582782925803716
1676,0.35714102877409687,2.4771293808843082,5.0641660139308815,116.08107889050511,True,6.058908172653802,0.1704043300014966,0.028124593597671162,0.27127604029255714
1677,0.4434034919330234,1.2368819915958862,6.319226380504956,138.38646430779647,True,6.059224040077847,0.3837309506314413,0.06333004821959203,0.30290160769388397
1678,0.39557353206788304,2.433527249959691,8.981866134621624,103.15223731059878,True,5.970469313364332,0.19253792234083178,0.032248373157174395,0.2611873354580987
1679,0.43531710895634534,1.1996195676749213,6.741873926051746,96.55477442777688,True,5.656399215018721,4.522910768336363,0.7996095389319854,0.4472988709761192
1680,0.3189815468456884,2.0707157276750037,6.147908034510454,76.58918108365307,True,4.5074211798377055,0.21645171937522092,0.04802118788974908,0.2617608073634541
1681,0.4456289635384647,2.451707916319598,10.754827141683409,68.79761911601031,True,3.939470515600513,0.2848146911720384,0.07229770854843488,0.269682617738634
1682,0.3579660879071471,1.6385665408214427,4.74596916251622,65.86057903800287,True,3.9027317573039175,3.618904082461286,0.9272746136571002,0.5116529464232489
1683,0.3555774028799346,1.4659029496752987,2.329508577149289,123.21603471343929,True,6.059187425863352,0.255086935714602,0.042099198751597545,0.2439532540889382
1684,0.3694187464670134,2.0983023714715525,4.891037442453416,124.50506476370671,True,6.059129342136347,0.19037281038732465,0.03141916926305494,0.2556744712702197
1685,0.29431412156765474,2.022728408101864,3.599696925124962,81.49961923164098,True,4.83318024438097,0.2004219301716177,0.041467919679723755,0.25929889586768784
1686,0.39661193672744055,1.51367619280441,3.5469455511130312,87.37133606460668,True,5.178638384171005,1.120356592796909,0.21634192420567236,1.220863327234257
1687,0.2899062856194853,1.6054810588932982,6.879915869314938,114.0678057433363,True,6.05877275915913,0.20863976605704093,0.03443597810161098,0.258383356379313
1688,0.4096439216178406,2.129567517170112,9.502808317018811,93.42133322089376,True,5.408071727150833,0.24008634295954673,0.04439407520322088,0.26106043968519854
1689,0.3154621080571656,1.7013361221750456,11.94293169864653,127.47904901357359,True,6.059060738911948,0.19863005781496287,0.03278231831203457,0.26007575421235973
1690,0.4186312624082011,1.2373066878835788,5.685450652547187,108.01949503885157,True,6.058311649510379,1.8800743731011222,0.31032975552736153,1.228572021199549
1691,0.33454303386917894,2.0322678337567828,6.31083965796276,105.95858764732927,True,6.057594384371054,0.1942611368530705,0.03206902353090454,0.26013960145189197
1692,0.2961653213783502,1.9282060677425004,6.763257471607021,102.17376551183547,True,5.967001361068885,0.19002351522259522,0.031845730162286374,0.26339058691586636
1693,0.328325501654496,1.0375171660596543,8.31741805288236,88.09766725869878,True,5.133400672183551,4.4311110050682,0.86319211922793,0.446013620056533
1694,0.3173664306488341,2.46208904503704,2.068225439809959,73.00746920291158,True,4.351721598996175,0.1837207999727195,0.04221795806402205,0.25839741858619103
1695,0.33989264365114535,1.983711891710106,6.716915133753116,63.40726189072868,True,3.7236358460097265,0.29321593386109296,0.07874452443444628,0.2746446264767193
1696,0.3861942948319602,1.939371270837131,10.307734869428566,73.41263361541814,True,4.223594288449283,0.3210541342451686,0.07601443517508057,0.2810313166064353
1697,0.4492555482585296,2.0576153043524403,8.428125984395912,85.0402833038486,True,4.952327965578537,0.3152674085433946,0.06366044630619787,0.27850566717881087
1698,0.305354280921373,1.3685636463556445,7.996840992268241,119.18500146918024,True,6.059016212280517,0.24759973065420776,0.04086467538283994,0.261520008916464
1699,0.3101943210930277,1.3321074693336308,3.057221439336293,79.96288541949754,True,4.752674303611519,1.8389267498043147,0.38692463070884725,1.2234219818843997
1700,0.28268538358516027,1.788502004632438,9.957534641958429,135.79791838084975,True,6.05911235114513,0.17667249804627547,0.02915814855502483,0.2694771717026927
1701,0.2809447775498797,1.8956703807141269,5.147368546074999,61.34224760799461,True,3.6292443766185745,0.26453615449807977,0.07289014655567294,0.272655506370878
1702,0.30265892895039803,1.183158945304309,8.734160318800992,99.75713933853002,True,5.792655047264896,0.40809705135722085,0.07045077741163114,0.31232043913684926
1703,0.3872412627255866,1.6561706344354716,3.0674909759246196,74.78634829396431,True,4.4493320887664645,1.8063284764176903,0.4059774456885905,1.2236708376115502
1704,0.3740410941993968,1.87360743073032,5.404382468713303,59.90139109725805,True,3.540809631062661,2.8516745266378094,0.8053735794267963,0.9682673811782463
1705,0.4038740495740061,1.4050476618139687,7.257550561040034,68.49349688916215,True,4.012839249171387,3.5432954201152183,0.8829896240789797,0.4544302098855013
1706,0.3772761784505133,2.149331253334873,3.479925121970317,132.6262441080019,True,6.059187409774168,0.18576585051506891,0.030658541806349672,0.2506517951391256
1707,0.3916373024921476,1.743441481622968,11.722530394469212,73.14717189029413,True,4.1642714682860715,0.7179001709364443,0.17239514196030964,0.8751004201172821
1708,0.3835931150590756,2.213519681674174,8.952996399962261,73.1226953020398,True,4.243318655213915,0.2503667286427824,0.05900257533926848,0.2636285454017666
1709,0.33805024718943816,1.898022871050186,3.3950831007441176,122.54468924764193,True,6.059141251034465,0.19430198808218352,0.032067578561402695,0.2494496798250352
1710,0.3492153211117637,1.3322570515532552,2.4063858586897897,98.13473369944694,True,5.813522123837114,0.4901821578692745,0.0843175870715941,0.3389435810116508
1711,0.42317389645868986,2.397190175018136,3.5188915875488873,112.30621068938322,True,6.058769210068135,0.19936492817267315,0.032905186063430056,0.24992415589220984
1712,0.2901828454280472,1.9652848742388789,7.800022012366277,67.30830788359452,True,3.9296280703189916,0.22828020240521785,0.05809206324879671,0.2640251705378476
1713,0.3215047155361834,1.5629441719520025,2.429302453978069,88.7748382918534,True,5.272541041573094,0.29602828907427375,0.05614527923825358,0.26463481902187924
1714,0.44224516340560915,2.3055039413346945,5.538924891558011,107.81994446964237,True,6.058246885686266,0.2195451645034847,0.03623905869901092,0.2550247523830258
1715,0.4413115185835042,1.9383206822261276,3.7245738916211173,66.59038595103101,True,3.9596448384114167,3.7310690859640125,0.9422736730754097,0.5105977022033512
1716,0.4399250817589673,2.2597341155078663,2.0324119645249055,93.87304609728946,True,5.571309257898218,0.24477234834701825,0.04393443928821838,0.24527720612336568
1717,0.29065487158116404,1.9198273908988328,10.116595168670726,94.92947339828777,True,5.475106401803067,0.19332353131711824,0.035309547820559756,0.2638084758627466
1718,0.3344477781954938,2.1134873938432794,3.008867824049501,128.0074969522937,True,6.059158606259035,0.17657505925884778,0.02914184472353108,0.25479622537223134
1719,0.29716778554154794,1.6815038193789256,2.2166106385321775,113.22010773321412,True,6.058881240931118,0.20428642050264154,0.03371685503960252,0.24133375876589724
1720,0.28007965424440284,1.3430108660460314,11.908011126394289,59.00891787335527,True,3.3270147150803226,2.317498744926532,0.6965700315126444,0.4562153498027577
1721,0.43861532853916246,1.2182822196597005,8.007872035730529,105.60810527490762,True,6.056997566654618,4.462112749938123,0.7366872284220881,0.7896402533644693
1722,0.36316326783220687,2.1845288553055537,7.10688827531962,97.50551996238266,True,5.698876605208492,0.2016406525147718,0.035382526501886745,0.25964476322626506
1723,0.40749458110240455,2.202842496370881,10.99922790285989,92.20442448443976,True,5.293874639647272,0.23040200345816528,0.04352237616898251,0.2597297505684679
1724,0.30652626591770893,2.1444896142655194,4.0519907113038185,111.56236367919169,True,6.058651938112769,0.17362365196912827,0.028657142503421464,0.26681739726981757
1725,0.373044395484163,1.9318546764331206,5.021521081682624,108.75572736374036,True,6.058412384124907,0.21857176878854437,0.036077400303960235,0.2548098949639721
1726,0.3284943995810449,2.28338717286225,10.076273221673599,101.30861977648283,True,5.836900044637737,0.17585571352645732,0.030128272230396172,0.2696167784934982
1727,0.4384410760860917,2.3212222543937977,11.966264543685321,102.39787469448041,True,5.844341535769264,0.22211938516383956,0.0380058871995069,0.25828387384656226
1728,0.3578033385947862,1.9796950945713754,5.111251343415269,94.19514146828173,True,5.548259599463968,0.22385667331443798,0.040347188032813994,0.2576337109941429
1729,0.40696030765760494,2.011259888982916,6.328598547842016,54.248244408269734,True,3.1904648396870936,2.8342667584395924,0.8883554280816223,0.4825858932338014
1730,0.4072661501130854,1.1089067491853788,7.812899377485054,55.55710758995594,True,3.2379501604290244,2.7519773058304096,0.8499134234560843,0.42282834657285484
1731,0.30326162276265056,1.0268732227400952,4.703697412974037,138.6089538347795,True,6.059242419823125,0.3030851621692974,0.050020306363339845,0.2694182175964399
1732,0.29467873758889523,1.3622689304998408,4.3437926095739225,85.33746180106336,True,5.049132030554629,0.3889174470959905,0.07702659481718273,0.3054635931106442
1733,0.32423621822004645,2.0359773474628566,11.016780210266955,50.32819631373811,True,2.8422097794444037,1.1134304323884676,0.39174815329997265,1.268739549331285
1734,0.352258028500883,1.3288273978779532,9.00966075608548,105.7428128554499,True,6.056555211816491,0.3367486175100538,0.05560068483369041,0.2852529674269553
1735,0.34598480138666526,2.1523794440290183,2.3222572400869015,84.89315387950789,True,5.046229724319371,0.2105461048184876,0.041723448261540605,0.2491201929330522
1736,0.31167247651179636,1.636169578356184,5.501382325580517,127.7728565264513,True,6.059149861063105,0.20311897945522261,0.03352268620396599,0.25478126173496385
1737,0.38644419863520707,2.347832231498759,8.632023036102783,120.96648175102264,True,6.059011897907917,0.1834379872083785,0.030275231390734982,0.26364008417742957
1738,0.28551486862182685,1.0430260307675545,4.946415367270321,80.71352508150706,True,4.771255692652655,4.413429828269877,0.9250038381020325,0.43827525556484215
1739,0.3637855022871512,1.6085874719104667,4.1581762615985465,128.07908941680193,True,6.059180782373808,0.22977463018138206,0.03792173206810363,0.2504198942950864
1740,0.3377696726449347,1.7341182197554734,6.582118054299173,121.4871803333879,True,6.059087139632583,0.20945572580082003,0.034568858472222144,0.25617029921063805
1741,0.34850184865769196,1.6678263682367516,7.487310767944171,52.15220613110151,True,3.0432397968255276,2.5883777084145576,0.8505336027461763,0.45435452377608243
1742,0.43209920075563846,1.202824480769607,10.636131936884793,75.40872935315709,True,4.331623238958062,3.4449245883731474,0.7952964508524054,0.45063170100657945
1743,0.41164385544048865,2.372536585084772,4.242193912386086,112.00877870185022,True,6.0587176879816,0.196476563213087,0.03242873712416549,0.2534667198970113
1744,0.28103523950685055,1.0043524314543109,6.956069818411771,114.09326769077798,True,6.0588002584718295,0.3931481746827424,0.06488878291259324,0.3049831228126769
1745,0.3211426508334376,2.3672758155238043,9.678627946876722,66.43550976884495,True,3.8303907714841303,0.1955777350223472,0.05105947322094458,0.2631369276405562
1746,0.31669306731770874,2.485278101545878,11.182011269575227,120.33254554179705,True,6.058847686310761,0.15530819025264642,0.025633288422738636,0.29754461599195814
1747,0.392284559551264,1.1484566769890538,5.774360289762342,75.77340563788934,True,4.4688197139522545,4.104499508470931,0.9184750719873824,0.4304110999715154
1748,0.3245479088060244,2.09311102549349,6.281015541305796,98.42727597115517,True,5.7672220440291655,0.19138003429891168,0.03318409328405318,0.2622465556975935
1749,0.42384252983661985,1.3259564611566845,8.930680703030795,84.07660776110056,True,4.8846184164594515,4.1603130443623675,0.8517171024748977,0.45615498558328404
1750,0.3797268321273106,1.7260738192546259,11.277006682637712,51.8662141506517,True,2.9255019628889554,2.027925806400146,0.6931890089718326,0.4350595675974014
1751,0.33381433618260425,1.1219091537038768,9.580942146519856,110.65757691377999,True,6.058369630191385,0.4493675802017834,0.0741730213954588,0.3282363964999866
1752,0.4037598903547212,1.7961037806327966,3.774631940530918,119.57105556439461,True,6.0591156290936,0.23825232139266,0.03932130297178383,0.2509912186191854
1753,0.39721453240020665,1.488461387772626,8.213783076521068,98.78146015976276,True,5.749993741423019,0.3872903643161782,0.06735491928036966,0.3036681694433776
1754,0.35510756895969664,1.283479537430302,6.669865321172956,121.12009819827239,True,6.059097470797084,0.3134543011255778,0.051732836884755114,0.2779771750213018
1755,0.41838112948178235,1.8655151698487156,4.963313635138554,80.93827833578649,True,4.783447717373875,0.38006892752752713,0.0794550186358441,0.30086838405470484
1756,0.4363914612565072,1.0633583673580063,2.0520014920047585,79.14870222504749,True,4.716302745716744,4.5079856529798885,0.9558304239637616,0.3877353490347093
1757,0.33366797027294726,1.6878252304362278,9.879995223332884,101.69469798015615,True,5.869511527033032,0.2378856411069095,0.04052903551024421,0.26134968675783643
1758,0.3132171568371175,1.6659070853477247,5.094169493936315,77.46683393545855,True,4.57816086127535,0.3026916530683261,0.06611643020861536,0.2779563600176038
1759,0.3781662709768372,2.314196101293234,9.400564887047206,50.273303552411974,True,2.8855225127078725,0.591087607980615,0.20484595264027874,0.7426784841294429
1760,0.42257388505578286,1.0456019526920248,8.049573517122301,50.889558877078684,True,2.956274351307589,2.454019708507143,0.8301055372014801,0.4086193128530806
1761,0.3657682336392083,1.275278241098687,10.098090405580407,69.56033938065062,True,4.004635607730344,3.203721207708884,0.8000031766996689,0.46120699439801394
1762,0.314126649100508,1.2022812339313995,5.715101687741722,114.2050450374489,True,6.058852425127253,0.3286008143160241,0.05423482720147661,0.28296648094043153
1763,0.3110786228720145,1.4009279718432248,8.024374679884595,69.51277288279535,True,4.055381496877413,3.4834198027954835,0.8589622962667429,0.5018555504572526
1764,0.28732217788879133,1.4416447292489074,2.142079890245869,94.89170132878729,True,5.629310828040805,0.2717821997617267,0.048279835323343886,0.2540392071012234
1765,0.41989550437828005,1.6727407478766632,10.85363328348255,112.8622176967686,True,6.058491593798708,0.2852577860658247,0.04708396168409412,0.27041102853882615
1766,0.3524729746799398,1.0668923426082255,2.791401573695612,124.97236773297342,True,6.059200508907685,0.47356823419131727,0.07815688447595032,0.3307831899727498
1767,0.38629870368952635,1.758469148951056,6.65667329138949,98.27523291635788,True,5.754761295770077,0.27689518128805113,0.048115841310668685,0.26829195947594187
1768,0.38681919548705523,2.1561026278499518,8.041016713404971,85.84421842694917,True,5.007205135919675,0.23473626565375044,0.046879698211253,0.26100576262174524
1769,0.4308556419694251,1.9990049007322896,5.229422105968231,89.3319849991629,True,5.266814053892581,0.302631122934975,0.057459997607340496,0.27529589873475047
1770,0.36068123106548344,1.2528708298605191,3.2610254120845426,86.30563230764129,True,5.1205242922794,4.522268309070773,0.8831650922717693,0.4568128692111215
1771,0.3929112304979214,1.0009324376406619,6.966271571039492,76.13277955832552,True,4.467188506453313,4.0057312713863045,0.8967007471477001,0.42692101047313313
1772,0.2915446048520401,1.9747539077620642,10.492600777598113,86.01917986638213,True,4.950316452978361,0.1957019183805848,0.03953321373279896,0.26308600250593583
1773,0.3447838592192029,2.492673224329222,11.736619247371667,117.71314298181758,True,6.0587192193153605,0.16239168260314385,0.026802972167027445,0.28176833362108633
1774,0.35662929515759056,2.084998423094404,2.0138253591022472,138.55953895878275,True,6.0592336633119785,0.18042134642310817,0.029776264862591523,0.2393525503240883
1775,0.4214961457325015,1.2938079127992141,9.577140488365167,56.252196420337235,True,3.2352078722683086,2.541369084549034,0.7855350212062875,0.42614501139533134
1776,0.3089620058342797,2.0994664228825086,6.271792910477433,122.73943146986441,True,6.059066114426501,0.17196021897152566,0.028380647400775547,0.27169632135678334
1777,0.42030631419803866,1.7813894990496735,11.925210400836157,51.72870233986751,True,2.8962920157336853,1.9246851529600169,0.664534219099609,0.4257645706251365
1778,0.3704672753638414,1.117351488435048,11.880967333761769,133.20966289777033,True,6.05912544831172,0.3325545200463578,0.05488490424620915,0.2837102027652918
1779,0.3613124696037942,1.105982481015827,6.558850562577268,55.50566652287771,True,3.260964943136864,2.8975085696256486,0.8885433054789019,0.42648568067454606
1780,0.416561071771452,1.5639949138004492,7.850222360657886,101.21592013045077,True,5.896085917155669,0.3562916674936602,0.060428506724599915,0.2917948762684297
1781,0.4451302788932206,1.1162516820143253,11.553414361627217,63.16435201160934,True,3.584136770659865,2.6143974765359803,0.7294357452923459,0.4304663680651428
1782,0.3764876429827752,1.367271552736504,5.2327472985780625,126.33504857747945,True,6.059166236129783,0.2890858341963266,0.04771049727478291,0.2672497562528986
1783,0.36498891025784436,1.9611832372234812,3.788452950313192,91.36954515623609,True,5.405578221453695,0.23610471921749346,0.043677976628002435,0.25638017097414334
1784,0.4068934426018449,2.4503254513906745,7.9564431189812375,116.3229699033624,True,6.058853762565509,0.18735039479362153,0.030921755522663665,0.2615264898270069
1785,0.3527241283627096,1.2912153394584305,6.1261726580778495,50.940730346959775,True,2.9985274004608575,2.6798811389054777,0.893732416283271,0.4257837285820121
1786,0.44984258037319935,1.7232070207741526,3.013303527056533,89.83562887164514,True,5.3282459339811785,0.5949806815877242,0.11166539400766066,0.38982841898279785
1787,0.37267309459644604,1.8830493315801187,7.947207594132971,67.92193834299951,True,3.9633683470820724,0.4053326159686389,0.10226973131756845,0.31329852217167353
1788,0.39721506290835507,1.970816085813013,3.6859564106411886,122.0115076827208,True,6.0591430169801574,0.21290143746961684,0.03513721938448743,0.2480575043312223
1789,0.35634225628582716,2.1310341063539617,4.614034583962695,102.46255431636223,True,6.01904752301232,0.1984159214989931,0.03296467102816509,0.25658439117666587
1790,0.30060516009458477,2.0331630287028353,5.067146386535404,61.79908807694815,True,3.6573416357325863,0.24754572163794036,0.06768460436383476,0.26780502403174156
1791,0.36288080426919583,1.637186938131101,8.056410336772283,128.87614403654715,True,6.059131398252049,0.22479761241613988,0.037100633348369036,0.2567197076805572
1792,0.28462956308430487,1.7394836464166645,7.742481247164335,75.58045985933936,True,4.416296186050472,0.2471461622516194,0.05596231589544816,0.2657061974266828
1793,0.3692724871464588,2.4072628864073446,11.41320801632847,113.0447421094679,True,6.058396883184379,0.17703201427208431,0.029220933802381364,0.2678693018821181
1794,0.44472018370074207,1.1350202045098619,8.810388334208424,74.91537080766135,True,4.353539619652396,3.703789618341018,0.8507536262267308,0.4380371466847497
1795,0.2975729975001065,2.1276726877797327,10.56655029985194,70.72894275473038,True,4.057005156256848,0.19970040829791408,0.04922360228946949,0.26241832922177943
1796,0.3162042800229429,1.3191979036806667,7.878697055027593,56.06037814949549,True,3.2660307829463937,2.7663340741981215,0.8470018374115018,0.44497581225369576
1797,0.3292011486341081,1.1315058699479157,9.647366845333774,113.4378111597217,True,6.058622461716262,0.37786778180948366,0.062368596854678875,0.300096929396668
1798,0.389942921689089,1.8943804691146247,10.911020125717169,65.93198070787969,True,3.7667157043940565,0.6929899623769291,0.1839772408542866,0.8465339522211077
1799,0.4212588930067368,2.107087064890819,6.4814760153085755,60.58883509046159,True,3.562364427651774,2.2081040694777387,0.6198422745123997,1.137317840495657
1800,0.3540031844237429,1.6454920688534012,7.304971802575888,130.2808007806413,True,6.059146511427208,0.21819788659450892,0.03601132373726234,0.2556860177626299
1801,0.4282734470042483,2.2019482535320574,11.107281155890538,53.10317628346567,True,3.003840944035431,2.1121430777784638,0.7031474426009258,0.4790997578781493
1802,0.40765523966880024,2.1185324800562775,9.682428691351582,107.69958163296825,True,6.057689892763828,0.21870822412458138,0.0361042291692478,0.25800172669173405
1803,0.36171400687131217,1.1420489232430155,5.795923671478474,66.01692816025016,True,3.8954835062501276,3.5683022655448027,0.9160101075565132,0.43682153328112117
1804,0.37293127462230335,1.9669633069650332,2.2136241822516,60.02619576635807,True,3.5877455798407993,1.0900292237078295,0.3038201007988414,1.2191330464188788
1805,0.30913682253958624,1.044851394352426,3.242381089045482,85.76889681598854,True,5.089657790270929,4.522422756817569,0.888551439639488,0.4295649491618656
1806,0.3580589607017794,2.0844211913057884,10.439865551798448,106.41563193908993,True,6.056234923287014,0.1993503987754967,0.032916556458034416,0.260248870543605
1807,0.4368936919234827,1.5842585034584424,10.063485018496914,77.93500711612884,True,4.495771092327692,3.6547305625091955,0.8129263006175329,0.4893981285669584
1808,0.2878032745650026,1.7549696103213974,3.046970755523342,136.9498124626229,True,6.059211035043284,0.1800705264452355,0.02971847743935678,0.2514917638785712
1809,0.32323401101894184,1.721780521764968,5.102589700508602,111.61190770941859,True,6.05866915480218,0.21361898775255908,0.03525840119248662,0.25534492709799217
1810,0.30774663144894154,2.0827825812460907,5.8514820637141085,120.16309709803896,True,6.059037669257871,0.17355480402330276,0.028643955277564772,0.26981897633319774
1811,0.3666604375441751,2.2772596020708384,3.8256045156040432,138.86613703986507,True,6.059201388545475,0.17375936997199767,0.028676942525871222,0.26004899214298804
1812,0.43828812575086673,2.4275492865667374,4.372325943510961,100.06187276360393,True,5.894348859666506,0.21579843749487726,0.0366110731876645,0.25380337933020414
1813,0.42213246005286353,1.5522918454083223,8.487311470074731,89.41780130419588,True,5.205212881462547,0.9671700083212798,0.18580796412106143,1.2048615199298465
1814,0.3711668942560705,1.3225689688284659,7.171441316353277,95.40270707098747,True,5.580773153822429,0.9998192763749464,0.1791542585260148,1.2143196097017537
1815,0.4395548606560172,1.705879999583967,11.452266578942153,137.0739917540668,True,6.059143199326656,0.24742273767768452,0.04083460805236956,0.26006819646410584
1816,0.33571219348246717,1.5564590582125553,6.0383981052018125,112.16169906714937,True,6.05868168489047,0.24400093377239276,0.04027294161713397,0.2594193452169007
1817,0.30848240238787006,1.5472316532720554,7.870699881085582,68.31867375453197,True,3.9885543038032814,1.3897911776449898,0.3484448428644324,1.2337932741242166
1818,0.36346821127016116,1.4333204291216857,10.341450688503862,82.00594206306141,True,4.724824482554396,2.4005299365177946,0.5080675367691095,1.1495906752175293
1819,0.4242116445677315,1.2117574340404205,9.16193920691319,84.52671012672795,True,4.90485826842624,4.159700600445565,0.8480776350302647,0.44468080154543665
1820,0.3369739140336417,2.478185596901507,7.859208749095299,131.62402727837332,True,6.059063883468111,0.15725525342692737,0.025953720979240934,0.2898200461460676
1821,0.3061857391940634,1.6788148430137353,2.8560129386520154,68.75974766476958,True,4.096949744305297,0.3849351951085734,0.09395653330715807,0.3070543736757001
1822,0.32763618692505686,1.9906095770304326,2.258158080312206,111.81798089255133,True,6.0587722586361545,0.19050942780218452,0.031443569698569374,0.24444942460817431
1823,0.4246845408665736,1.1993916614503606,2.3417691041569495,137.48072474013009,True,6.059268595846991,0.3825152643661693,0.06312895002349696,0.28481884902006716
1824,0.3989416003604235,2.0799405748832447,10.335460752490187,90.33606141450397,True,5.206621955278078,0.24446217085485927,0.04695216456171589,0.26190232491738463
1825,0.4450312135667336,1.526755230641094,8.925604778347637,95.78852927474381,True,5.561369453990102,1.4310550813943856,0.25732062817147494,1.2291624705846163
1826,0.297889837673961,1.4459106644505866,10.614637042868381,104.45958184428827,True,6.00008701780886,0.25292087339149927,0.04215286755688789,0.2642491886781406
1827,0.32886425500179045,2.345204072492284,8.703065885771961,102.3673981643561,True,5.9313271731594845,0.1727723790261041,0.029128789220722102,0.2726733345222705
1828,0.434325786894299,1.9640364931672132,7.463443063438962,133.46723696280358,True,6.059162394726156,0.22029334819737667,0.03635706288201124,0.2547872865347811
1829,0.2908061037616069,2.4347718755126073,11.492707080880617,139.2202841129445,True,6.058988547008048,0.1475888554446114,0.024358662225478434,0.3255843261689453
1830,0.30515596402338885,1.6824723613445425,8.688035590021773,76.86813910917645,True,4.469424065474689,0.2730304546684085,0.061088509541421296,0.26894674661357376
1831,0.31640288977381087,1.025238047935847,8.25015976787409,117.66070589435348,True,6.058962490813096,0.42799750373506124,0.07063874456790459,0.319051344554087
1832,0.39812647261676215,2.3684302350664566,9.753942283865081,132.49014625534096,True,6.059099189050689,0.18091275412156427,0.029858028145254515,0.26486672574657755
1833,0.4373043002686145,2.1770065232766296,3.6580547640058643,82.49442208619162,True,4.892498490191269,0.29407257481618365,0.06010682995728162,0.2705821567762108
1834,0.41050539763610416,2.237883811082289,9.329339285154093,127.04441375017164,True,6.059086842406608,0.1948006435800508,0.032150165304889074,0.25880458149377006
1835,0.4293835205661969,1.081536210270279,4.335610365540917,85.63755018076725,True,5.067711362870936,4.521964342431256,0.8923089770979961,0.4122942945159149
1836,0.389793303462027,2.326347378699098,3.7783009283197835,135.25354695850797,True,6.059189619963998,0.17936671813929037,0.029602426956289264,0.25546912845538383
1837,0.3999975331185519,1.5864024376818002,7.844815729306915,79.73790590457895,True,4.658062516809695,2.595197210257309,0.5571409144664633,1.150182615865634
1838,0.3781789995463079,2.3975684476499977,8.01255519937361,103.12770542723123,True,5.991181817096885,0.18806167870754556,0.031389746538968095,0.26279959828530197
1839,0.3474297842875914,1.9103940553930705,8.608619350661737,58.205484404615135,True,3.3750793283292997,1.2738968704800009,0.3774420529281584,1.2594689872754117
1840,0.3934342795290103,1.7291724305957807,6.9205144507802165,57.38794823338832,True,3.364900423293979,2.9534953507866413,0.8777363307219047,0.465981393089244
1841,0.44071934234428783,1.5759313973233549,10.044152796997274,104.324741118878,True,6.0097946909353475,0.3799424462696688,0.06322053677519816,0.30104784167896215
1842,0.4280773243573931,2.132555913349222,8.398508921053148,74.3971846379894,True,4.332378876211633,0.3173892460354851,0.07325980831875445,0.2794279892401619
1843,0.3898594199795231,2.2563829061137386,3.0822581757881,76.94843480510994,True,4.574752620701406,0.24302625564655575,0.05312336552294159,0.2577261665654964
1844,0.43588326633815877,2.220282085638093,3.642870987217842,99.48422657097962,True,5.8731048316880115,0.23624615370150806,0.04022508715098274,0.2534741321144347
1845,0.4150347142377947,1.5877157991913933,3.3602750158605286,70.15717829356686,True,4.174225009075477,3.971917424317099,0.9515340969117556,0.45337591650634357
1846,0.3599748797905725,1.5191577613633886,4.6722529525433,104.30921584589176,True,6.056914368724949,0.2959880689844762,0.04886779818331576,0.2710066471029573
1847,0.3343970708883739,1.6380818242387907,3.6136959463114486,139.68436041366914,True,6.059242287529626,0.2034034391665082,0.03356912127199925,0.2458246836964535
1848,0.4476866323042413,1.0564462607972858,9.360722831551815,59.949579387660364,True,3.4595264329979423,2.7864857874210647,0.8054529547289405,0.425433260112559
1849,0.28073185730722533,1.3612604397055723,8.385000695758961,109.95037967970853,True,6.058352011988006,0.2488288006959857,0.04107202754207975,0.2631829794259368
1850,0.30519932507312286,1.114558921425483,5.018393472735575,51.95680860430268,True,3.0770584061701687,2.842378093443225,0.9237322527722064,0.4251001919405555
1851,0.4007389229518178,2.0297397410167948,7.720202999573642,107.52909771886918,True,6.057971130836181,0.22441797447461184,0.03704507163005173,0.257813418177542
1852,0.36783992154922523,1.7955913966496846,3.751175064105994,127.14182309659586,True,6.059175327499138,0.21165176122015786,0.03493078674577897,0.24781970609103254
1853,0.31093191157226063,1.421803754220805,11.69670903127335,61.077399432144176,True,3.4560476934261537,2.4635396177582267,0.7128199134647926,0.4681885722726675
1854,0.296557482249792,2.1573417739023952,9.992692594641461,55.48565643713125,True,3.1769649357096563,0.23228456542928833,0.07311524367750116,0.2652538496992163
1855,0.3790160221961716,1.3726016466597453,10.483586246470074,53.30766173879931,True,3.035275466344112,2.2340375268751305,0.736024638174259,0.42106706642542635
1856,0.29974135614819175,1.4326099555734855,9.395036741027502,64.30273151307034,True,3.7147195454332493,3.0058078061579203,0.8091614371946757,0.4934564891749087
1857,0.37013405287274365,1.4673032946730964,11.890837462885615,115.71584498592516,True,6.058663322079364,0.2799968806049801,0.04621429937930332,0.2690621839461662
1858,0.3212491830952728,1.896899345779971,9.7899516847312,76.75546330470378,True,4.433176592613945,0.23992799309783286,0.0541210096384551,0.2626111603441239
1859,0.41437739089126124,1.8847316855785654,6.778881286032151,60.71376439749287,True,3.564117963024053,3.1499037707412643,0.8837821316297456,0.49004240717122016
1860,0.42876019524008435,2.4521357928636016,3.5514302785079304,91.57306676319033,True,5.419958929303219,0.21918327805045687,0.04044002563662133,0.2531351458818718
1861,0.3033708887687731,1.588259584106609,10.161788709314125,67.48837590718605,True,3.8804913504589735,0.7069395173426861,0.18217783612868285,1.0384284835417352
1862,0.410264821633353,1.8396331379588213,4.5838003593362675,87.74086250246415,True,5.185043685427697,0.33688564171780006,0.06497257538342446,0.2864270338734669
1863,0.28769943688785365,1.5350476157275663,3.8352209039699128,87.05576819257163,True,5.155451529299267,0.26989510200724565,0.0523513993824572,0.26542051183253035
1864,0.3834678510676888,1.7163947491732032,6.684432459393458,78.50060938996008,True,4.610457698129457,0.42226619153868855,0.09158877907284765,0.3181581123026147
1865,0.3931790205887784,2.2940706767933143,5.014807915321155,61.47922029185537,True,3.639727245417909,0.3056842130091104,0.08398547264604497,0.2790916156585146
1866,0.3439240133472861,1.3412473885572367,11.103936042039793,84.46189126218309,True,4.84440459529384,2.3731196718895395,0.4898681819835894,1.1499134438118057
1867,0.4422835891160312,1.0745514399556662,11.719113331683516,87.98837130701065,True,5.029719248867948,3.938549832927161,0.7830556017244146,0.44645744543252075
1868,0.41103995463589654,2.41190435734278,7.513063466973397,108.29653789071014,True,6.058133848083929,0.1964131543948484,0.03242139565090166,0.2589048858431662
1869,0.3501691878901496,1.4122940619980033,7.232877219812531,77.40912482825655,True,4.535681322118983,3.670002670681459,0.8091403275587501,0.8128113230494134
1870,0.3591772539983993,2.1580627101921834,3.14724936476091,101.94040322180311,True,6.011595160475341,0.1979459280338921,0.0329273550114177,0.25139356542542624
1871,0.28295004473867896,2.1431571898824666,7.0836783919350745,115.96912025127605,True,6.0588150599350685,0.1632148352120662,0.026938408516766207,0.282876317746505
1872,0.4045113380398299,1.425233760343726,7.930264686790543,113.7200010340812,True,6.0587271023142275,0.3462046667990063,0.057141485489050646,0.289753260083391
1873,0.44798021042759234,1.9119189038771862,7.250505272698337,96.67653007175302,True,5.651358669114095,0.3175434217035265,0.05618886365131458,0.28067275670763125
1874,0.40347675921619086,1.5516232915661434,2.03669120329369,60.663917728594704,True,3.627486652361728,3.5168138108617844,0.9694904896678562,0.43281967654978803
1875,0.4157023690224715,1.7772007034250588,6.679058873140518,84.81002942419343,True,4.978199539957605,0.3796508120198587,0.0762626746823997,0.30089960743013755
1876,0.3085997349390193,2.2181983259710307,6.515177731446035,101.84682760033981,True,5.951206898775405,0.1748768309767032,0.029385103551464165,0.2718223463819176
1877,0.40506717093428046,1.599562269493874,6.121984066534637,57.80546696108031,True,3.404940127080669,3.068113319791846,0.9010770249350576,0.4510966039108104
1878,0.44149495415517803,1.2964762777040588,4.266418315999352,101.59193838369798,True,5.983812752672567,4.506614519052886,0.7531342816568055,0.7828158089175159
1879,0.3939110170535408,1.1554956723979324,10.783186676710715,79.11411375408807,True,4.543534841858311,3.620215718016024,0.796783967554071,0.4558896469410638
1880,0.2967399712600477,1.6874861513037687,7.342689473374006,102.91249079962212,True,5.996807345464522,0.2140800809053125,0.03569900925151857,0.25963133024531526
1881,0.3959239070939541,1.1033273414809155,2.8260974333021185,89.20529204715717,True,5.294502157647836,4.523651033058609,0.8544053620838095,0.4156913756432057
1882,0.35264245018623985,2.4691207267138116,9.874445458074682,86.40107918095788,True,4.989360144493102,0.18344930916864194,0.03676810329499267,0.26548433367486357
1883,0.37023674126367356,2.2869658431750093,10.018331824814368,101.97673100408565,True,5.878406682948968,0.19276049440832357,0.03279128253706039,0.2618247378674887
1884,0.3865468621076732,1.4763830165073735,4.144353670270523,61.91293645479156,True,3.6785415805385715,3.4706486547566646,0.9434849596694053,0.44751611028383254
1885,0.39619954355221376,2.0317123360772995,4.321757969357758,90.68107429493769,True,5.358551873713646,0.2509246077302972,0.04682694385421681,0.2600264836514312
1886,0.3488031830407119,1.3822709905380783,7.242340257720239,70.06754132603011,True,4.105497471436468,3.623621094117999,0.8826265560578056,0.4725485779097389
1887,0.34382544856070213,1.1979946216712107,7.185578949792175,101.71979238069952,True,5.939128079826116,0.8381423807549861,0.14112212592315826,1.199857616476176
1888,0.4364596419699637,1.1648341289355946,3.171584616994211,97.11862105708467,True,5.747211691205252,4.52326821104303,0.7870369936024493,0.4291474433836595
1889,0.3661645731772606,2.47350883066796,3.730728796374031,80.24479808828524,True,4.758160344127036,0.19784219019633767,0.0415795550985441,0.2587537263263826
1890,0.44856230689181953,1.857030134343995,10.234398437162017,88.45520010926006,True,5.102037320639075,0.3807256026985087,0.0746222692567093,0.3016058131501018
1891,0.40398985998646303,1.952587099999891,3.464816825290982,107.21147537886637,True,6.058309079898222,0.23614610926480264,0.03897888109544419,0.2515379080240727
1892,0.35948297458391143,1.9945174972248956,11.911749347003509,97.43225346693399,True,5.5640074921088445,0.21721460213893923,0.03903923609862207,0.25931457384616285
1893,0.3480785689456769,1.2734805412405028,2.2499564265133665,109.58084673025141,True,6.05865804424734,0.380258124114636,0.06276276385588204,0.28817634359687405
1894,0.35769826824930484,1.6944789605828139,8.1599093367477,139.8034863727652,True,6.059188795358238,0.20714828895478893,0.03418746237342513,0.2557468478365408
1895,0.2951080242728228,1.697614800792068,10.46419757798364,129.25442077417847,True,6.059085331588365,0.19040312896192713,0.03142440129853951,0.2622689424798179
1896,0.3553478709255008,1.6282169561714461,6.309271401191333,139.9101038912318,True,6.059214766085924,0.21241915615348012,0.035057208624195486,0.25342238024776353
1897,0.4138224711797217,1.410670463325574,10.818144362217236,52.25424222962161,True,2.9629248275600766,2.1244562514436285,0.7170132133230953,0.41420652556257975
1898,0.3199651986963038,1.5828916106587239,11.186919007635188,65.5750419537787,True,3.7371536308352358,2.3813648419053934,0.6372135258922096,0.9819764242057807
1899,0.3476345613383696,2.4484722203986276,6.0279777612880405,139.8830000536148,True,6.059146986620265,0.16159561578987316,0.02666969726047357,0.28428714563841817
1900,0.29224015699494793,1.1230116064144935,10.502436904917662,137.40917614465258,True,6.059158997085127,0.2635282360036027,0.043492543458651264,0.2650585681911748
1901,0.28782872764962336,1.3397607732156147,7.82610696098687,128.97206669939186,True,6.059136552722579,0.22825292978093165,0.037670867423902125,0.2581065498065773
1902,0.3483975756225808,1.6248275782450599,9.091158237470747,91.9065995118039,True,5.332702957229156,0.2875232840042506,0.05391698849726409,0.27182082486621484
1903,0.3852582265254102,1.9574385521127757,7.482983793398276,78.94359803805841,True,4.619104577157505,0.2913448865962489,0.06307388839755088,0.27320297524758264
1904,0.4179300286752,1.0017363760954743,9.69636895738288,64.49699498047873,True,3.7185055545693766,2.9923447860888737,0.8047170408046906,0.432291406861546
1905,0.29314780972478993,2.0059435830498713,8.659467550512106,53.14378722219716,True,3.074163511457923,0.304947385500691,0.09919686586744685,0.285317739312442
1906,0.37354952643658523,1.8917085806677336,5.730261508392674,68.40941468852708,True,4.036668254790655,0.38564194969250565,0.09553471460896788,0.30516568252358267
1907,0.4275558406358803,1.8468712662085807,2.33745562912955,86.2384116700232,True,5.126473987547101,0.4024660530015199,0.07850738226296756,0.3031210106220583
1908,0.3542146108506097,1.1135672691346916,8.584418364498577,119.5698839625281,True,6.059025335808103,0.3980758465590448,0.0656996504382421,0.3073381923212479
1909,0.33894776166975865,1.6427880759009068,7.687136890641934,93.00321773878602,True,5.430149345705401,0.2732993062689507,0.05032997968740911,0.2686456610964565
1910,0.30600737162854813,1.6413137654370413,11.71336421669571,82.86328501694082,True,4.730779219805368,0.25819231479828075,0.05457712203464511,0.2643315887183011
1911,0.37743598983782056,1.2488095876289733,10.034681112467695,134.9876749829598,True,6.0591535602128745,0.30142420895478905,0.04974691695125139,0.2749537366561037
1912,0.30105304386382387,1.5807248077008458,7.060901087521701,99.44498995621737,True,5.812056642923143,0.23842865890149872,0.041023113426090475,0.26146144048192266
1913,0.43839510035906903,2.3319695437394588,7.8989287208853325,111.5257207277605,True,6.05852198057011,0.21149130058992316,0.03490806854678139,0.2567667303395593
1914,0.29455256114275846,2.052417696652411,9.804288060375058,115.45020343726391,True,6.058685360865481,0.1714244093257713,0.028293994342905335,0.2734923998355896
1915,0.33274906978477237,1.1920063852774037,4.916729650654708,133.0279159058872,True,6.059205063333186,0.28487904200216296,0.04701591034211511,0.2647946741661289
1916,0.3511326452240743,1.658161845045175,3.8611419619994707,128.5984464022386,True,6.059183336075943,0.21705451429405537,0.03582240415168301,0.24827113674765489
1917,0.28334623677782694,2.27911622337072,10.36504035295391,62.50217573569705,True,3.579107879418383,0.1895348318373771,0.05295588683629652,0.26731612141797045
1918,0.37962549536089696,2.1269488217846475,4.427660035168113,137.59121291523394,True,6.05920396281801,0.18552173476002867,0.030618169630610412,0.25432856117471125
1919,0.40560744384329817,2.0755272569180416,5.635442563973825,51.12621927049049,True,3.0176862214832876,2.7265165020451367,0.9035122613592901,0.47555724511227915
1920,0.4195702618363622,1.6077476499286143,6.982741572520972,96.85171697443266,True,5.667559443576513,0.37720446054972995,0.06655500737222,0.2994944541939111
1921,0.40673297658538393,1.234874196966465,4.712513569878945,76.60970509878125,True,4.535070524185033,4.236953201887448,0.9342640162467687,0.4280093267483367
1922,0.3786532060847859,1.7684735326346,9.934841414235946,109.69592947563069,True,6.058178863014033,0.24160083169964125,0.03988010871957671,0.26075834509968665
1923,0.2895702898933894,1.620831406673599,6.653763383632301,82.82371371888009,True,4.86231697333419,0.2609464265315146,0.053667094918449613,0.26738165235493216
1924,0.29943798942738414,1.543127311068237,11.459443074465714,62.66400597740412,True,3.55708020786614,2.5724038785585566,0.7231784857900965,0.5234800525607533
1925,0.3324313961981932,1.3071038195298095,2.9872372705652483,131.46609660410633,True,6.059219346961679,0.2574251171267238,0.04248486519237935,0.24884512288167437
1926,0.3410786688794818,2.040617893986153,2.8440952369195935,66.89916430926186,True,3.9870942173408723,0.27164964689938287,0.0681322366845284,0.26624831893818124
1927,0.347883292416927,1.8837504016715092,3.8428258913825175,51.98992962570589,True,3.0945965430423206,2.9163098767262583,0.9423877510892624,0.4864280934194789
1928,0.3709987906716212,1.6223231716202695,3.663631556405207,107.68796216487088,True,6.058377511209951,0.26762619046413416,0.04417456488456513,0.25921387499863924
1929,0.3893491069010989,2.0741268393370746,11.061154441465913,89.80529947401477,True,5.153730795605133,0.2381207123696537,0.04620356045230616,0.2608939397439398
1930,0.33591332976981275,1.4433523866675269,3.814716094829775,50.02703497736589,True,2.9787533141460716,2.8186271381688406,0.9462438949822419,0.4335651691016009
1931,0.32276718771289736,1.1444551174844468,4.419410622646215,129.32303227248443,True,6.059193799034472,0.30374031363971743,0.050128832929575255,0.26975895567526376
1932,0.3746389974974519,1.731135973069229,4.1017253233657875,131.20528271309604,True,6.059192976063439,0.21752139096129458,0.03589939977495398,0.2485856951527481
1933,0.3097215768924303,1.0133193058896077,2.5558833500707165,102.13714967236415,True,6.031999465833984,3.407701983128168,0.5649373814486934,1.0967306186358012
1934,0.3892472292624235,1.253919733605522,9.829540664065567,96.10517723111747,True,5.555260352299443,3.5072230695824427,0.6313336994423181,0.988895727338527
1935,0.4346568465387225,1.7736566183548799,8.590918791441258,56.934011689293065,True,3.300823472652058,2.717841015417513,0.8233827218981371,0.4533471037158705
1936,0.41142812381260707,1.3850629135733419,4.277292750197226,125.93099227864444,True,6.059179817377144,0.32398391998452786,0.053469929883145764,0.2762666941305181
1937,0.2898355344248027,1.5243911148653884,5.265715759111982,114.33797522765683,True,6.058857230586601,0.21868836123929075,0.036093994777645216,0.25603252933921095
1938,0.3758032604523081,2.3103634504570065,9.387877566162587,95.99409499090584,True,5.556959183185683,0.1985970717179463,0.03573844348521829,0.2607309572820662
1939,0.368049762685526,2.291479010080593,11.48826066587203,113.96455539355277,True,6.058489134413592,0.18334140993788006,0.030261902905207715,0.2647312698255062
1940,0.3362401273777647,1.9037934491997466,3.908726448854724,59.66234539728833,True,3.5479950331058943,0.452879406467781,0.12764375435760772,0.3385749783992966
1941,0.4442510396529337,1.2984971020882436,11.116362214738228,91.15801387326081,True,5.232251287203398,4.186958376845006,0.8002211948583429,0.4635180775489629
1942,0.4047818914312503,1.6969814368052276,10.429738925224589,98.19083174860661,True,5.656253809983486,0.3015276568745641,0.053308721108369865,0.2742657920681397
1943,0.33660250571091144,1.557285533305081,7.846579742293913,72.390757729672,True,4.22818131682608,1.4031787700529075,0.33186343368694876,1.2326691995882153
1944,0.3286879589713602,1.3788447701901732,11.313992220361643,132.7231994352586,True,6.059118244062519,0.23921237181392627,0.03947973321833361,0.2600283490994486
1945,0.4121101174292687,1.1715290079333585,2.4774754263141467,114.87996548229567,True,6.059004279785244,1.2539896802841084,0.2069629962909607,1.2132922298116884
1946,0.3019827909791163,1.78677614920129,7.4465343098267285,88.88690236072142,True,5.196751712520444,0.2233521524723964,0.04297918485008201,0.2612557579563459
1947,0.38807404903642534,2.1000707201933864,6.546435600716664,101.14247444176442,True,5.9171564101565295,0.2180104541991423,0.036843787638423296,0.25752097874253854
1948,0.2859349678462109,2.4269406775827864,4.476825798904919,135.46691006644932,True,6.059056709938948,0.1475228004909088,0.024347486342044037,0.31736851294411705
1949,0.29893432623234933,2.110093001995488,6.163102244464627,78.60779884769482,True,4.6242225073948395,0.19756578541888078,0.04272410877784165,0.2642244724680318
1950,0.31891341479528645,1.7343968714991977,11.21822917712517,104.38324704374503,True,5.977360309475634,0.21781355044567605,0.036439755873572864,0.25987035082503596
1951,0.38453106031499706,1.0347354316966233,5.926094832962238,83.7797258637971,True,4.933594058677823,4.483015493810115,0.9086713338169415,0.41938866860191837
1952,0.36092466825224345,2.36722704204283,4.93433528448363,55.14850458357978,True,3.2664331082036857,0.2741076085661893,0.08391649223667394,0.2725796919965413
1953,0.4416953804167259,1.3148119877578681,3.2122296445155434,117.75567261888307,True,6.059099931217359,0.5259907109007668,0.08681004057892931,0.35397493346985076
1954,0.4156129024141222,1.4465055042416768,2.100135959732155,84.62949364129905,True,5.035713164542321,4.522183410109119,0.8980224374078551,0.4512322839150018
1955,0.42656990163657693,1.4533164705640602,3.238412225530562,70.4636121140736,True,4.193799343955258,4.004377338581517,0.9548328401436839,0.43314315026484573
1956,0.34936103098865173,1.266094860728724,7.4510486236646285,102.68840356740407,True,5.98592739431046,0.4182513660167278,0.06987244222411883,0.3154127422637223
1957,0.4457666301421043,1.8893607036677578,7.415164216779919,65.08913055545415,True,3.808959610109407,3.3219360447923454,0.8721373773498552,0.487125569728899
1958,0.37196233994928757,2.109480117160406,6.636981896186092,88.23481041889877,True,5.176181397341991,0.22618700282691132,0.04369765768700844,0.25978327658137434
1959,0.4172528374401907,2.274460929413689,4.97629319313525,71.40527573679714,True,4.224746308299082,0.2931048562247078,0.06937809630105676,0.27420461218089454
1960,0.38201052069557867,1.0987983795858336,3.3246506778701264,94.07300594698276,True,5.570102446615094,4.523276162034599,0.8120633696393426,0.4332788435922694
1961,0.4024758990013093,2.1367925019518,7.397464068034758,72.53211381699393,True,4.245954275365309,0.29196299922728847,0.068762633860952,0.2730678035457217
1962,0.4111367253108943,1.6437226109388208,11.332265003292989,108.68721074382874,True,6.057739356900271,0.29160822985444895,0.04813812755451138,0.27181605495707295
1963,0.4009905946344543,1.3753874145911698,2.283693718241946,110.1293570356209,True,6.058700859268821,0.44044486388556614,0.07269625520655267,0.31399977394646506
1964,0.44037826596427204,1.2825683286917702,8.915792057016235,66.03164633634219,True,3.8294581834391854,3.192858911669923,0.8337625739008485,0.44216530082325844
1965,0.29873290575343675,2.26972080960191,2.3643637119085765,115.81250191429154,True,6.058949760553514,0.163520762803357,0.026988301482205823,0.26854279252600755
1966,0.35286656119150395,1.1781519243518561,5.704913534877926,109.03170785005999,True,6.058439543253175,0.4673715014619966,0.07714387477588562,0.33346578434136864
1967,0.3324799548305323,2.295479337205234,2.7048328584364407,69.43805007109428,True,4.137133464688293,0.21096700320340522,0.05099352123978439,0.2569683733305248
1968,0.3514627886401862,1.99218737372846,8.642290268839034,103.76943341081196,True,6.0120659124642355,0.20707205654205085,0.034442745564839596,0.25920062131659005
1969,0.4157749013565334,2.0269170810105193,3.0501474166812397,55.3123216867263,True,3.3006376496218683,3.154940154030872,0.9558577732373356,0.4780148187407547
1970,0.38146676396223,1.4784779427980326,6.748352938919441,79.53311839465793,True,4.6697979838977375,3.4285325645694424,0.7341929086422174,0.9678918567607067
1971,0.28373491689721186,2.0834802155067464,9.408509827262264,109.79512944638813,True,6.058138321883867,0.16735798158476003,0.02762531535145233,0.2765049680675129
1972,0.3557599788858479,1.1540056772462317,11.732322529529828,130.23901514121434,True,6.05910911392978,0.3185565718251474,0.05257482013202101,0.27985872510190735
1973,0.29129623319751796,1.4723877330816415,8.828082751603903,106.80548530766617,True,6.0575110823825415,0.2387608726055161,0.039415672436806604,0.2617621971078825
1974,0.3755753532601592,2.105444467984399,3.5802078759812677,66.32127208325923,True,3.944969137555181,0.3120387935072586,0.07909790485728328,0.2798698698328179
1975,0.32935448732782846,2.3712822776507174,4.660274172412702,106.04017902924036,True,6.057800995574236,0.17137940109839603,0.02829069512577319,0.2713821275040127
1976,0.44974884426698847,1.7648593066608846,11.271905950355135,75.79270044986556,True,4.333901561283602,3.2180791492192964,0.7425362813884899,0.6721040439698487
1977,0.39759673292019837,1.100228369743128,3.350076207349841,105.02865556968216,True,6.0577715061141975,4.523228883142847,0.7466819899987126,0.46947377915530764
1978,0.3497500709901601,1.5048449696855795,9.41549759626747,132.53088280542983,True,6.059137346703695,0.23139457815024794,0.03818936012007249,0.2580404697130412
1979,0.32684478795465755,1.6922117822309595,6.975351167501863,106.36573247638668,True,6.057701857999118,0.22574922660394361,0.03726648024214738,0.2587056696246077
1980,0.38415461236906623,2.0639542930981247,5.765931659616932,81.60908363256547,True,4.808313032870853,0.25857334095032647,0.053776311813031566,0.2648892464958523
1981,0.43233312870538293,2.3131046713963594,2.0440750845262254,91.33518304392868,True,5.424261455420936,0.23705996881463262,0.04370363979739914,0.24491151424293278
1982,0.3883745961186782,1.8252303602838276,9.00351973136096,83.94992152942035,True,4.874366532100409,0.30090311233008105,0.061731736903342625,0.2742595283103082
1983,0.30498404969736087,2.328122016730463,4.03688570414989,60.51624518178,True,3.5954733937176058,0.2063046909703454,0.057379006428144606,0.2647510647176454
1984,0.39082174863488023,2.248578365124394,10.333925903176372,118.82197170727562,True,6.0589022106294665,0.19180195454392224,0.03165622217956142,0.2607455854567271
1985,0.2888257462467701,1.609477970230615,9.136560565672031,78.82188480241936,True,4.57192632733537,0.26790325698318224,0.058597457133418594,0.2679645952689209
1986,0.4359242311259841,1.2330618197654022,11.670336425634174,109.29137543382576,True,6.057888694173288,2.7157874215994067,0.44830592945881564,1.149202956062025
1987,0.365655608065388,1.9233217553619562,3.996723551923678,131.82737243615878,True,6.059185514270519,0.19674686201721128,0.032470843078469126,0.2497566420879611
1988,0.4043646275545659,1.9667060947852963,3.600811602439962,107.16449610360627,True,6.058291017371275,0.23461866224115893,0.0387268722430837,0.2519158084130093
1989,0.31235440061244374,1.2503077364931072,8.654475970500593,117.5926516623389,True,6.058938107120513,0.2894903992297448,0.047779065260550084,0.2721781996930197
1990,0.356997937471217,2.4480554210982017,5.381544464102152,77.05804314029513,True,4.5476307386409935,0.1990529950523911,0.04377070314021929,0.2618994667861583
1991,0.3420363346601088,1.2596394016294257,5.177448563654118,68.00681944948482,True,4.022791290636467,3.729322869027158,0.9270485589713809,0.44831529506357803
1992,0.43528758074186297,1.3742178775006797,6.251815048092528,80.36824892913006,True,4.728533482106975,4.2887641065932405,0.906996666687918,0.4420861027435725
1993,0.2942353793311127,1.5399894184305367,7.556100353697259,50.54452114234197,True,2.9464904755104033,2.4879274087672973,0.8443697440889668,0.44985506371077966
1994,0.43216369496523305,2.2720312353901373,11.950484521226706,80.67001918917693,True,4.595212456528536,0.256702632160518,0.055863060650398,0.2622409580691589
1995,0.2808161404022823,1.8288278622490213,3.290365306023214,116.15122238232568,True,6.058989132600066,0.18285869078387998,0.030179735725224952,0.2560161626116986
1996,0.4208646930350384,2.016098508377544,10.245275229319446,87.08237863399327,True,5.021654996837843,0.2802860121528168,0.05581546568398547,0.2686708493916279
1997,0.3409733788340674,1.6211070398002378,10.50719411789418,75.15751428745648,True,4.319989788189293,0.4193826844557353,0.09707955458652089,0.3186868286422344
1998,0.42857201540628964,1.1403520272276364,5.674722481854814,110.77974018265019,True,6.0586127818169935,4.186064897902287,0.6909279481378038,0.9515187949718822
1999,0.36558349732037776,2.4058906486806526,11.998838769210037,125.87215674292997,True,6.059008171006041,0.16929118270513752,0.02794041168573442,0.27267760502969907
