sim_id,eps,b,Rp_um,L_um,solver_ok,Q05_Ah,Q3_Ah,Q_ratio,dV_3C
0,0.3332292137358728,1.247170841170186,7.755707010400444,92.40361843869232,True,5.3951551671516675,3.7400749140867666,0.6932284240605654,0.5018421705573948
1,0.32750699492542956,2.4377682832362724,7.781194301490049,81.68962710626255,True,4.768762815009854,0.5108076309506123,0.10711533594055607,0.42013653689324126
2,0.39507911034122256,1.5104122105465785,11.268146009878837,81.23329557550181,True,4.651452083719278,3.584305306108906,0.7705777124211314,0.5022110001774531
3,0.3006852714647932,1.041382928790047,7.272782929005863,77.66477425751968,True,4.550111940968301,4.018024199936361,0.8830605163268341,0.4461095977121068
4,0.3204978602931037,1.1529521370579219,8.330861844140037,88.8065751020395,True,5.173888119068415,4.001538297502891,0.773410287469337,0.4707689855504662
5,0.40378056254209277,2.106734105523903,7.085146509878026,135.9998095495405,True,6.059042448863628,0.806122294698467,0.13304450356667413,0.6171864823759905
6,0.28749883740274873,1.678604020969111,10.412666394981365,103.90802883053956,True,5.9745334020072125,1.0207480971998264,0.17084984358057057,0.6895285943874376
7,0.42202188539317426,1.982737713285068,7.691276189220461,58.37146206204046,True,3.4066145942097212,2.90332974096016,0.8522624619453569,0.4799992741271164
8,0.2874523048445583,1.4497221552204738,2.812652220943621,89.3214737888412,True,5.299964483877754,2.836054237620301,0.5351081589786962,0.5880077127475549
9,0.3561489566720465,2.4973932213053303,2.6388654532547458,112.47485837023928,True,6.058602421653838,0.5019441999019506,0.08284818262838464,0.4263085682801946
10,0.3592678420868959,1.7906254913529565,6.586498674489989,129.4559435011378,True,6.059013576400694,1.087699407789946,0.17951757230359017,0.6906039740670304
11,0.3215792579168814,1.2333964267318773,10.28306260810485,90.08202523532314,True,5.195044908093356,3.757894491772787,0.7233613102975041,0.500483332274603
12,0.32397198788216214,1.766395185637293,5.374000458987625,76.5046686978612,True,4.517194872877089,2.6056435688934854,0.5768277973878733,0.6240526415666885
13,0.3545631114279123,2.390001361857556,8.341474173106867,106.21486719360401,True,6.0568014934213,0.4886735182222818,0.08068177878259061,0.41129487890134175
14,0.2861659921590793,2.2145734441030354,2.8993010150093617,102.2398461466909,True,6.0219458031340185,0.4916915447813652,0.08164994519304254,0.40993346456958424
15,0.3119881857482478,2.1148966778453926,4.922173819467594,129.5255750514163,True,6.0589834555958975,0.4682849881902912,0.07728771527801369,0.40686583256315645
16,0.3248260489428,1.0970848154495065,2.7572039641962727,70.77632224558718,True,4.217552546781343,4.037876868482307,0.9573981174375273,0.41868948907865455
17,0.44192238048406174,1.5651724619580758,8.223927076635903,115.63661621103239,True,6.058700630998963,3.152725094620951,0.5203632406741191,0.6016875294257655
18,0.2931874607387722,1.050074545385601,11.234708486291556,87.78733772485901,True,5.033427173600086,3.933259584420078,0.7814277327880501,0.47971880099073383
19,0.28864504453058987,1.676003562613955,4.077214839238294,136.63472458059022,True,6.059072048462222,0.7336879376147147,0.12108915882604877,0.588269930582566
20,0.3759935333490722,2.24619520985392,2.53592989807667,62.09748621860415,True,3.706886450852861,2.5208006638825236,0.68003179954502,0.5804435096022016
21,0.30966306947378364,2.494682464104418,9.631388203247019,77.15921552463868,True,4.4571992501851625,0.43431566098373514,0.09744138339018446,0.3859730198559381
22,0.36609129189878215,1.2298742164186725,7.654238439486433,56.1336655831215,True,3.2755082506268085,2.801050949398551,0.855150021027282,0.43320574891398067
23,0.4072070767165762,1.6739642340804277,6.063492439554261,118.77663728330965,True,6.058913752832954,2.1821657265378045,0.3601579120543668,0.6197277150081772
24,0.35349424592810297,1.545934262560513,6.109409970489397,57.921714605095275,True,3.411964580238901,3.0675372537435597,0.8990530767845119,0.4588423321063839
25,0.43938277064128983,1.101475219649642,6.788670650192702,95.58638706301936,True,5.600033360029564,4.346698994556705,0.7761916251394899,0.4320316839529137
26,0.3354388061731629,1.9722123323581309,11.807753192489281,81.03774912971697,True,4.620788876179341,1.60990839309747,0.3484055290638184,0.7587813674750423
27,0.40188180676821694,2.242073048202592,8.367721118550833,59.12589364858422,True,3.435200844616738,2.7926099052568945,0.8129393393789944,0.5510558441194773
28,0.3388789936869472,1.0460655853232936,8.069116136085304,134.47145235721584,True,6.059047129674623,3.27391298489618,0.5403346293284226,0.572281588013499
29,0.34504552583996406,1.8807104027830368,6.882839534801125,66.9367711021684,True,3.928280017233999,2.9722041192804154,0.7566171724624711,0.5543631253464523
30,0.4273403516726424,1.634762615048834,9.8945777783943,131.79128866690232,True,6.059000195927596,2.045902804115954,0.33766343257276277,0.6479384414481819
31,0.43877646279522176,2.1816295068855664,8.498350693938336,82.93349641150103,True,4.82787335157036,2.520620342612107,0.5220974452016697,0.6555335817824397
32,0.30158121074774363,1.2403092665708666,5.809147035157316,50.948369594673046,True,3.004505735921207,2.708967087576635,0.9016348530105378,0.43140116331606126
33,0.3845856098031255,1.417489847646599,7.202045422542593,102.06397382580366,True,5.957212941998443,3.4017999330268887,0.5710388341239486,0.5677497431332017
34,0.4349585224668745,2.0196382724222928,7.661086323863749,94.14127715000349,True,5.496344379945432,2.5392462861789515,0.4619882071880222,0.6646829901829991
35,0.4474936340418788,1.7301319697542341,5.445310867725125,71.84427223764308,True,4.243805302823332,3.8705522578414597,0.9120475567685555,0.4600850366271696
36,0.37209975340091017,2.2500497682526808,11.793342155013287,82.06156974188877,True,4.680441464649378,1.1809826021917618,0.2523229082366554,0.7716057050882283
37,0.4154526925258741,1.6772337909400896,5.300868540379028,76.23967276526722,True,4.503726836356413,3.818777330335984,0.8479149533468233,0.47550160047976586
38,0.37782307882743515,1.7668344728923457,2.2644571212943228,63.06474919581321,True,3.7672085892951275,3.6011010920609587,0.9559070082537562,0.4639454977702644
39,0.4412210951283737,1.815505433023981,11.961365026928565,107.8804108628637,True,6.0567553235453255,2.57893966133728,0.4257955825476034,0.6719576824527418
40,0.37485084201959373,1.0788129911161468,4.603848930045526,64.03831643497207,True,3.7978706396561654,3.5601600985896056,0.937409521381676,0.4259479360901781
41,0.4423878375401017,2.003971808287103,8.170851051284338,99.6436286837571,True,5.799004541505517,2.459575945479412,0.42413761325333704,0.6714980707126297
42,0.3341180431941101,1.8685353254536976,5.588545410809299,75.22182242918457,True,4.438376843122924,2.4467987331266885,0.5512823312688959,0.6446973506706279
43,0.44402824296730176,1.8850479673224634,5.314176960912089,133.87797902212736,True,6.059066628096629,1.7129110737638167,0.2827021353125314,0.6671573509732429
44,0.33402301674989976,1.2272557183269581,7.745541613668726,60.09131263912444,True,3.5072875388275744,3.011273515248054,0.8585761737273103,0.44563472269432536
45,0.32165928263827537,1.8588299150202265,11.817405708198066,94.04078319266762,True,5.372570374922856,1.1746372182799814,0.21863598544241458,0.7544853913634939
46,0.3572843789432706,2.3742537540526243,3.1881317113556316,135.54074899993725,True,6.05903840245107,0.45664479239074407,0.07536588515531062,0.39790949909832296
47,0.4478965228830354,1.7573031546130577,11.61531593424733,78.78915632412475,True,4.497748121946932,3.4062749126779535,0.7573289611432232,0.505447904878435
48,0.33736456557574507,2.4386266654959066,5.0342335784168775,69.9269329261329,True,4.135332016563539,0.9248198889721181,0.22363860634838298,0.6538875731674003
49,0.3586590524627208,2.297594078469372,6.7540178266714275,115.1460354347195,True,6.0586581096179515,0.5418231077166886,0.08942955649808981,0.45260299530250503
50,0.43106392058874954,1.9810211301804541,9.737496294068988,121.27352461238519,True,6.058884215113586,1.4245650281769124,0.23512002830874462,0.6843687470362001
51,0.4175288154155448,2.472077757977501,7.7093408889110675,133.39950535968742,True,6.058997236357927,0.5577517616796338,0.09205347682497035,0.47287625975973846
52,0.3138196442371066,2.0278702525512844,3.9615286878217857,109.05884975258505,True,6.058291694340835,0.6773362175427242,0.11180317021965727,0.5366696961099349
53,0.4103730190696089,2.1423969066053634,10.291422964351922,105.3617457198238,True,6.045417553332121,1.172651757368929,0.19397365806809908,0.6924987838874745
54,0.29834886009111766,1.9171571846472621,11.945362187244967,106.90710898127787,True,6.054144368620873,0.5551523065427751,0.09169789696793078,0.4509610022214221
55,0.28762441936119865,2.4171335619659864,10.731685678936183,121.05699695343289,True,6.05859896457778,0.3183854115826596,0.05255099626896128,0.3180689767116851
56,0.375770652070715,1.028556393678016,5.099875702543069,108.9250160880953,True,6.058298656276408,4.060867002752552,0.6702982525540379,0.4791557043876722
57,0.33528111211550715,2.094920576947187,6.0792983020146805,124.00613985563076,True,6.058944892131371,0.5606344546473244,0.09253004683627492,0.469600968566378
58,0.41081787028746786,1.1105529680850743,3.715334883891999,100.18380375879742,True,5.9140869492780945,4.160110365483958,0.7034239437402529,0.4461633551588262
59,0.4215702725638678,1.3579114274130608,11.004910816080114,79.06508852014554,True,4.5336882041659115,3.563846477488269,0.7860810706421154,0.46915026472235466
60,0.327529498567735,2.385402387183756,5.663836796290168,51.281115368423045,True,3.0255592523662505,2.0972173758641994,0.6931668498060294,0.6359761840706954
61,0.3394484886552405,1.073599195784668,5.261984464213306,133.9964342793827,True,6.059083474019343,3.131997817148321,0.516909501342566,0.546559141162855
62,0.3090381943563104,2.4846805884352197,7.516740344872101,98.65096292157114,True,5.74635083565048,0.3828044484660742,0.06661696429865498,0.34475633859798194
63,0.44647641876502353,1.2173141203277864,2.8038166881850124,52.756429357389045,True,3.151926474280533,3.0373735105186506,0.9636562068637624,0.4108637613594537
64,0.364760591655109,1.2894210414401095,11.429667205715225,69.14325048513096,True,3.9395511079698795,2.954452513435945,0.7499464869129282,0.4659986772661
65,0.4124175752742436,1.9908815018571577,7.55344832663038,107.09852576301628,True,6.057654943021039,1.6405333571098564,0.2708198754370943,0.6757354083226192
66,0.4408267175098386,1.7093758512079487,10.553576399588309,106.87308739721635,True,6.0565870313440655,2.937045939142357,0.4849341591134659,0.6301862745694322
67,0.3078701833445885,2.4069841389877475,4.334723022954179,113.8471411338079,True,6.058564979006848,0.4065895202295923,0.06710987199748457,0.3604070915508317
68,0.41633546253572673,2.0585566421379164,4.121596427366002,107.58228662944256,True,6.058136611990939,1.6295660369726206,0.2689879976868138,0.6582156798411027
69,0.2865179707567591,2.3556216053222334,8.680624975288827,53.696699076793,True,3.1053157861651224,1.2853606547677825,0.41392268718510117,0.7615139478226398
70,0.3997613046197289,1.0066138761928025,2.613816275644478,59.84377755908755,True,3.5739217217421073,3.451670379869134,0.9657935032182569,0.40988941402261236
71,0.3178614452246019,1.8786878031807226,7.019753729400362,133.68318736376932,True,6.059011555671214,0.5982046134667454,0.09872973635556577,0.4935991895023264
72,0.309875480999359,2.499923746072822,5.530832707231058,89.05766171600906,True,5.238179719192208,0.43060883163703656,0.08220581475265644,0.3695438869176799
73,0.4380213884411335,1.4656756651438152,11.600782125242011,135.09938060852326,True,6.059003425788507,2.7238877701672135,0.4495603614570876,0.642831488950895
74,0.4006167364921501,2.081648480589795,3.036102612296143,98.48108825258021,True,5.823897482959069,1.6832944410566861,0.28903229254671214,0.6456828808095376
76,0.31741210636774964,2.198152900475805,3.763074552519498,100.86621965279431,True,5.943555952582094,0.5984502818506325,0.10068892875327341,0.4836283317158907
77,0.38384735061801245,2.0476451736917847,8.422610613629882,81.93123997841323,True,4.7710767131436675,2.1862638953319826,0.4582328113293846,0.6992170790483749
78,0.3155952315550551,1.6034743661424136,9.47316803775087,139.17526269960143,True,6.059032785215496,0.8601384846838509,0.1419597013540931,0.6194100748059483
79,0.43475274555322324,2.445485692490908,6.888515617627144,132.8023013932978,True,6.059012757070369,0.6694762722757402,0.11049263289543607,0.5441457376433059
80,0.2850221104183393,1.3251393171787749,9.723358193974976,72.25090543445765,True,4.1726541148778065,3.370959329579507,0.8078693408974837,0.5042411156319213
81,0.40215787235845424,2.46726055949458,8.905978040860266,69.82102749757703,True,4.050761772712846,1.752313605675628,0.43258865961453014,0.7368964816622228
82,0.3304362020015123,1.9545338832893633,4.401325534188448,73.84089179330934,True,4.375848729507848,2.2003819481928497,0.502846895358818,0.6659797235505618
83,0.38177094215905044,2.2031044606987553,3.974339485813492,70.53735291167561,True,4.187906262429194,2.3150821944387303,0.5528018177503017,0.648607815726761
84,0.4136119168614005,2.3419557132787965,3.849577533905882,94.14788270797847,True,5.564422461796559,1.318239985465924,0.2369050866494256,0.6746921312089449
85,0.2948633203259468,1.8985308398155682,11.480995579119575,57.353284309799015,True,3.2426402939693615,2.2363655590346445,0.6896742642697128,0.5930211502101623
86,0.3549034769511065,1.1051536638707626,11.810269864685914,72.89359774907723,True,4.147096961579811,3.0989587635686084,0.74725978010123,0.4595344503083898
87,0.2917648435488946,2.460928713101827,6.59191917149988,131.71229189131583,True,6.058790738171986,0.32857752931496026,0.054231536211481086,0.3144990764626532
88,0.3822069791980249,2.4583206771144743,3.887670074235094,114.5964815701019,True,6.058727705020478,0.5819636199603732,0.09605376710990615,0.4875585072232398
89,0.34640506651184944,2.159650566462616,2.132539233922123,71.70801829513148,True,4.276863660555234,1.8629271075025267,0.4355825332203076,0.6558701422474864
90,0.3636458449199664,2.3619101998086243,4.564414482170499,135.22605309446402,True,6.059027526917154,0.4668868336554072,0.07705639751284646,0.4098887125902433
91,0.42070408162077155,1.1129360437744071,9.11612839291929,55.054794586401115,True,3.1767169238227018,2.542572961046008,0.8003775665306694,0.4199299065137887
92,0.3889416407905421,1.9248262250894788,11.631187339264645,60.24782592765904,True,3.4090785781401043,2.412347038447641,0.7076243574777759,0.5082992077573363
93,0.3475440436784894,1.0170141700148467,3.139211941756875,58.0933497482356,True,3.464895272918612,3.323847036174504,0.9592922078059526,0.41686821752948866
94,0.34299042916561306,1.220921571972101,10.793083400886113,115.21716414310951,True,6.058539644064342,3.184765676208501,0.5256655668381525,0.6050689679639079
95,0.3985279955894535,1.797297895009871,10.906098492530454,79.76842836961438,True,4.577075771023033,3.1859170161196357,0.696059487651336,0.5513229721958246
96,0.41299300944475414,2.1190100263413068,8.111411198819981,134.82719624029983,True,6.059019633504622,0.8389197336942956,0.1384579988906642,0.6222832644850143
97,0.4108049293209366,2.125862099740607,2.776814630580044,102.50951352447493,True,6.042203223270968,1.5969279397133578,0.26429563533430034,0.6516409861289798
98,0.2921899980700026,2.369735427726171,7.679938486570556,97.09455569171712,True,5.654792808836615,0.3906004625281828,0.06907423060979359,0.349454698225069
99,0.28689984104154836,2.2950284807309917,4.097707259591007,52.90509586428195,True,3.144462014358395,1.714251979051877,0.5451654277342759,0.6810186281409294
100,0.3129543361717274,2.2645611685783633,6.566093529822842,101.43002352150518,True,5.926662395907426,0.47639917545963684,0.0803823709932605,0.400887280239306
101,0.3566702520540838,1.9368405999817693,4.75858045781068,124.70733965391526,True,6.059000281767225,0.9145032022720379,0.15093301860770095,0.6692366731594892
102,0.44293595433979094,2.1407506714521443,9.026671576319465,122.64574437429985,True,6.058920951038097,1.2142355199413022,0.20040458189725396,0.6817636105303357
103,0.4406423125382064,1.7110772249508275,8.549855002483977,105.33916273738814,True,6.055723602201646,3.0450579918516127,0.5028396591192732,0.6166131764035749
104,0.44777784314061087,2.178417424044481,5.764008978863935,101.2590212797791,True,5.939280294670702,1.881226544092347,0.31674318280286684,0.6516895742434334
105,0.42571921713165717,1.969722877967129,9.099972850829356,57.01767539373435,True,3.2927847051568127,2.639212141882768,0.8015137271955594,0.4747181991802809
106,0.35058349635989994,1.9023988886418555,11.748807235896864,97.66177660206846,True,5.58276947728746,1.2952348266950737,0.23200578708551634,0.7518140641655973
107,0.29402013528508697,1.2191492771097687,7.715361022849139,69.94525512204031,True,4.088007202917373,3.5499373868044044,0.868378456933985,0.4687665600514799
108,0.34275565973336186,2.155121514836009,5.324799243502264,86.44091980501764,True,5.095569395608683,1.059424215128781,0.20791085998000214,0.6697556477667055
110,0.3875376538565203,1.0006335902556691,3.4113268945403243,107.5013131329109,True,6.058217953909644,4.153566992892214,0.6856087094409881,0.45276875477127954
111,0.362256985506138,2.037467571477039,5.220098976075507,118.28248053773103,True,6.058886388425167,0.8563648466495533,0.14134030443045503,0.6365234059951486
112,0.31586536747322574,1.0617877682725543,10.5147882472421,63.415213442988495,True,3.631199427160006,2.795071523949688,0.7697378180453556,0.44604500120094137
113,0.34564468584576646,2.355120154115183,11.639541394970879,106.73674100470038,True,6.05376318183879,0.44087599958147033,0.07282676681243372,0.38343217416322206
114,0.3355066976897379,1.3829060795181563,2.116079595258293,131.10636162460514,True,6.059099672491498,2.1680462571221515,0.3578165691786107,0.5869698469924232
115,0.42411134488225355,1.4821411523090011,6.52526987773221,128.19643958153682,True,6.059027685190195,2.6844609278342846,0.4430514378397363,0.5854619288437455
116,0.32083586853665635,1.7269751680415582,9.516753834223772,55.2676732515637,True,3.1781548677036273,2.4724761157345325,0.7779596082179021,0.49523947609328367
117,0.4278873826858568,1.659618735446165,4.2029798280462956,87.46366240717327,True,5.175043837491894,3.592519217154472,0.6942007314271565,0.5082597276882725
118,0.3320098665102732,2.3828994290425953,7.943609622271094,77.52628829283077,True,4.523408841567787,0.6392839703967672,0.1413279216598947,0.5014423924791229
119,0.29101362822683713,1.8575417593397225,3.8718268544129084,130.12646850965365,True,6.059024884969933,0.5816694236859953,0.09600050086093709,0.48493955073066
120,0.3489002534356986,1.7153367786049771,8.072058468757955,124.86573315899072,True,6.058961827341824,1.1783861460259784,0.19448647798181584,0.6853599277236619
121,0.3759619349140864,2.3354361999668827,9.372629336624549,61.284848320930806,True,3.536699121573128,2.20208227584591,0.6226377195655878,0.6504002116256871
122,0.32857134107568464,1.7728256710746761,2.6314899890944483,122.19584231830095,True,6.059015504706175,1.1461928223606808,0.18917146217407874,0.7039994345387774
123,0.4008995431901957,1.592262839386132,6.51106283889007,59.20028850273802,True,3.48014580268942,3.1012117763719647,0.8911154739480688,0.4523872170676846
124,0.42675832945340975,1.1862804906392943,10.143196713327749,77.6069267339927,True,4.474654617564907,3.6389616270350023,0.8132385486805044,0.45055529453384
125,0.30577738001647903,2.342585197834957,3.5253947140135242,132.05733651836675,True,6.058944166646115,0.392318904605744,0.06475037462226843,0.3514268309432924
126,0.42590077661524706,2.206900097191927,3.953427746541279,70.57231779369447,True,4.190648212415274,2.8762093125209574,0.6863399566682449,0.5670184883384102
127,0.29636299796004606,1.5676631074567486,3.984639704264635,118.72211030550322,True,6.0589412868801675,1.3518003076314224,0.22310833586695525,0.6913146426742993
128,0.28416027672706295,2.2515395414228996,4.913329349797492,104.57721524996637,True,6.056250529763963,0.4302369054786193,0.0710401432972733,0.37153556005370003
129,0.4137633190635669,2.183692980574956,6.904926585782199,80.96777719589657,True,4.74923831570656,2.3106465996321175,0.48652993301902875,0.6815385624482673
130,0.3041521934179962,2.188470803820106,3.454231935504697,133.13296218164248,True,6.058997477384048,0.42735279918400915,0.07053193218501179,0.37510918150647576
131,0.3854748278327515,1.7744763104791912,5.235207854095495,105.66520409873374,True,6.057483623132365,2.073137839656216,0.3422440684345066,0.6344517541831154
132,0.3843993710842349,2.0902667788675595,4.271561674754169,89.07325671355322,True,5.265850342465553,1.7546570824921222,0.3332143848339154,0.6653062196367134
133,0.3713420334559111,1.0362693335240605,5.044946361775121,73.75059240536291,True,4.362526186841187,4.05153011187473,0.9287119293622755,0.422516244486002
134,0.4197803674942478,1.1776271865218062,11.579170465660617,108.32736630692524,True,6.057296407405003,3.9733605183629956,0.6559627020242216,0.49324680589079684
135,0.3917759236947719,1.9790830229289786,6.960804651345591,84.24543552510531,True,4.938969027841835,2.4617022387091354,0.4984243118011245,0.6655781004573824
136,0.43426296434947165,1.2719138157900591,2.2080371364207902,50.53639778223592,True,3.025485231240786,2.936316250997943,0.9705273787747847,0.40602595893595694
137,0.43506079693531247,2.4434246657295082,4.717653365329048,132.1182197161784,True,6.059040662452017,0.7223472315320721,0.11921808612516348,0.5858076376337316
138,0.3575896212345604,1.0383196722833827,3.7397767545551286,107.00452164717754,True,6.058106113303797,4.019234044140812,0.6634472835189275,0.474740046818499
139,0.3651451749569233,1.0723823518431987,10.892067774134926,130.3928019510867,True,6.058989612332467,3.458311492795736,0.5707736296092486,0.5804036647645567
140,0.34212785019656267,1.6575672494094582,10.525782058076187,124.22130850847847,True,6.058916713629205,1.1669854417160075,0.19260628539272326,0.6833461371308589
141,0.40888982233073856,1.0227473475584865,4.411185484904802,52.697385118322536,True,3.1297626524127313,2.9347009162881275,0.9376752304286617,0.41375303097039007
142,0.35000883828728074,1.7855953544235537,11.628307717583514,100.00199845070208,True,5.720625374959344,1.6576021259648526,0.2897589017488552,0.7539021299293238
143,0.3236489813367701,1.8694235293079056,5.590739922415595,137.63728438326933,True,6.0590548604844345,0.6319733743016663,0.10430230272764665,0.521878220594731
144,0.33389768805927095,1.5065596570445972,6.365748628505831,56.77967341419838,True,3.339716326248538,2.9766325379947354,0.8912830453891722,0.4594785022445427
145,0.34676760055852485,1.1796014417192466,5.3294751014205195,84.40706513719843,True,4.980263197186965,4.155346249996099,0.8343627807347994,0.446195148114116
146,0.2871470262978331,1.9872768758197263,5.944112467087815,88.86475149639756,True,5.2240837548225425,0.7733024983573275,0.1480264357636808,0.5659893009139565
147,0.3654087137441787,2.175231382651151,8.595362697707479,137.36983067022845,True,6.059007420526445,0.5172166249618654,0.085363259864918,0.44185955854336356
148,0.4010988595188443,1.7540511421063316,7.619963427718535,137.01748900520298,True,6.059052368767997,1.4133623399361448,0.23326458560111893,0.6895637070520491
149,0.4212952421554156,1.290524672670198,4.5850909702622875,60.81708390306539,True,3.6079094436227015,3.379456859509888,0.9366800670353232,0.42913619689859006
150,0.29347441200074165,2.054678925577612,2.6204833606401796,120.48256868239767,True,6.058927226143499,0.5291028503474235,0.08732616032495194,0.442707027506124
151,0.4052081270459983,1.2064134961219464,7.265665992808691,108.80986531679673,True,6.05812749695827,3.855636803343393,0.6364403531089884,0.5153816256326564
152,0.32634774485224555,2.3661699334753545,9.567234480987945,94.4755653915733,True,5.4618133553536765,0.45185535632305757,0.08272991530919825,0.38756024528390576
153,0.36874256571508,2.240511566438926,3.1285588587725606,65.6719810926153,True,3.9116338625589675,2.265417546828144,0.5791486694376148,0.6362931871482944
154,0.38321125139927553,1.9484901303540152,9.21438065112568,95.94315738678715,True,5.560780183695364,1.7997293034761968,0.3236469063735232,0.7227484650139582
155,0.38516392583416004,2.4216327251936374,5.315072299152526,138.31407619447128,True,6.059041205029808,0.48153676642979637,0.07947408676310981,0.4228682607899086
156,0.32505187705677874,1.6019413179983544,6.3610315892472,119.47618313274597,True,6.058912518557713,1.4284545507750672,0.23576088058705,0.6835564108199828
157,0.44349278575463835,2.036648455159761,8.1403764916639,138.07298376092223,True,6.059049483992617,1.2030518931741003,0.19855455816171155,0.6938744491455267
158,0.4307018574881879,2.32272047324402,6.894756507638431,59.175082296899845,True,3.4706619230275395,2.9901137171431156,0.8615398974195589,0.5261138056603567
159,0.3811775990215633,1.8814650563527662,2.916131396586242,127.2260544553375,True,6.059056215767516,1.305225226730786,0.21541724985719576,0.7052369195252437
160,0.42460714832517954,1.39314934630592,8.714755181450883,58.49444591823014,True,3.390128276238579,2.792597342047234,0.8237438570158417,0.43794228356515186
161,0.38067213868926314,1.8228564060215313,8.879977499375302,130.03184167960478,True,6.058989127365344,1.1143579149453466,0.18391812421520348,0.6782476482614124
162,0.3187874305710541,2.2172277945331533,11.352993222212232,121.14969643033773,True,6.058751520842389,0.400133074342198,0.0660421661072783,0.3578315492825057
163,0.2857229129112473,1.3620717562274796,9.530736094351841,95.47933858594658,True,5.526485882478212,2.7562837199705394,0.4987407510999655,0.6339345577199049
164,0.2880874657029528,2.031025792261661,10.972048398745583,134.71713769695134,True,6.058924407960129,0.38564846885602555,0.0636496584029611,0.34854984442618253
165,0.3990616398706859,2.3433350818283714,4.349062031590302,93.15118347839439,True,5.4994942190524005,1.1471511726238355,0.2085921226445979,0.6740863583500594
166,0.4452959362102237,1.1689617706392688,7.045962841970119,109.130056548347,True,6.058195745936525,4.060855098129221,0.6703076738405159,0.4861889412400946
167,0.3146548092251541,1.7834440435366516,2.8543158936098516,132.41413076316695,True,6.059069388758008,0.8323288534423197,0.1373690908684132,0.6464250989716365
168,0.3281102056968327,1.1742243392424094,6.022023935797933,56.91234339081852,True,3.3540450168971305,3.0293349984516107,0.9031885330072543,0.4349323862590002
169,0.29437219960537575,1.3746273125529023,11.409328165433434,62.98855796915604,True,3.578014494228971,2.6103910598916316,0.7295641379044069,0.48445777705518633
170,0.280674290833148,1.0140985157217335,10.149911656095,106.6346024037575,True,6.056605851042449,3.6340204145807005,0.6000093953538715,0.5350672405641865
171,0.3816910640774791,2.170492530653216,2.677898091142474,83.256835582722,True,4.9478510730039424,1.7862846989485275,0.3610223251655061,0.6539459601969151
172,0.43625108313466615,1.3835943575222913,4.51357729562444,96.80463514405523,True,5.710220299752308,3.9311692168617296,0.6884444050314927,0.4791351952042904
173,0.37433001674506516,2.4637559929521125,10.450454675927885,50.83117060751217,True,2.8888933316539362,2.032267886128893,0.7034762633362402,0.6058479437920883
174,0.3494669029742995,1.4023069414043772,11.301732803954952,124.82152775188183,True,6.0589263066239365,2.183524613070834,0.3603814442640918,0.6822427711711154
175,0.28890448337476177,1.4265081307396235,7.569222792179582,95.68065585356192,True,5.586787239632703,2.604026435680976,0.4661044575329442,0.6537534635949704
176,0.29553092401067377,2.166578882954189,8.881040127874293,121.4247279150781,True,6.058795089352127,0.39500047287295825,0.0651945588269096,0.35256860648072363
177,0.32475773716802037,1.63189280701856,10.220026491255325,74.62964311353595,True,4.29743663056945,3.1026806495388883,0.7219840375232606,0.5604448866070273
178,0.439645755732335,1.6353230845230855,3.091062050818853,111.77666692947709,True,6.05863443349761,3.101882731001263,0.5119772062581049,0.5546105160578967
179,0.39801721548763236,2.086673579382014,4.63673538936718,74.97700927573155,True,4.439453790304316,2.6486551428465486,0.5966173470779585,0.6166276181471781
180,0.4025264177745345,2.1869252706303492,8.944820786242909,58.64181014649519,True,3.3924020173842337,2.7139527319575736,0.8000091728663133,0.5348819999625101
181,0.32138624477184896,2.4114691906800214,5.028769666942475,112.63705113047368,True,6.058481645212131,0.4224168474797976,0.0697232198126115,0.3717405052439773
182,0.380856314983395,1.2216129341490571,8.138437150254857,85.72770677828413,True,5.000169666209269,4.167150729504376,0.8334018658737992,0.45188353965581385
183,0.2900205139686988,1.0807116217165076,2.7296973577458674,112.65358146234756,True,6.058713305098039,3.481551333069228,0.574635431278736,0.5260135650162572
184,0.4167474032539704,1.1122734463234123,7.45802937111411,52.096252566511886,True,3.0408886917855966,2.5977048328331898,0.8542584409124915,0.41559451350259424
185,0.34128485883984766,2.418165947221751,2.1506861771812957,103.36994451218698,True,6.055518205834066,0.5666004406732092,0.09356762235927711,0.46445342865131867
186,0.4292168057747559,1.2741328734951196,9.358334529194947,79.63559028409341,True,4.614858591418568,3.8595486217522,0.8363308528952796,0.4515193903703114
187,0.35719865060331024,1.7373690972203386,11.203698257282923,126.08048793015644,True,6.058926428631987,1.0550787666148034,0.17413625648744244,0.6656972020495346
188,0.3924343889574926,1.8823901024495866,2.766583708211706,86.84472862060414,True,5.156666602407612,2.7411134049637087,0.5315669241994241,0.5990857701672452
189,0.32655188746192537,1.6023022115368082,5.2147571535507655,92.63926536776422,True,5.457988204744351,2.54423237568555,0.4661483829287096,0.6404628172226072
190,0.4124545175664643,1.3733871594913318,2.9497631298999725,54.853780758276265,True,3.2748221328381066,3.14710017731831,0.9609988114349566,0.42127415192893203
191,0.4263769000285499,1.5452430551636342,11.539058390125945,132.03359224191945,True,6.058983607891329,2.3871516903325016,0.3939855006743099,0.6614017260204901
192,0.4023905964952572,2.189784888035029,4.738791805456304,61.53938545773062,True,3.647626264254844,3.0730507408606083,0.8424796067994063,0.530293819453882
193,0.3935948333924649,2.3486129235001827,8.11997629303544,136.8115983743296,True,6.0590102712834994,0.5205178580912422,0.08590806662900395,0.4466931932258018
194,0.3798223748776537,1.0898779423854212,10.841135313059324,72.14650288061942,True,4.134408467406702,3.22730944572054,0.7805976286965333,0.4510984851480462
195,0.30386338760388093,1.272310904739323,10.577727712848507,131.242845899555,True,6.058986746774495,1.8921353073182274,0.31228576433600996,0.6731478950934671
196,0.38327630478964253,1.4422288479410206,3.6759342032708995,119.28567203969773,True,6.058984166078432,2.7156552049983245,0.44820305360790924,0.5667223332562097
197,0.3866070668506095,1.720299449560853,2.953918221523873,104.88136882577948,True,6.057479141819605,2.3702796896736578,0.3912980357306934,0.5946855452544244
198,0.3431280009710791,1.0801914187051898,6.534850826149502,94.98440846050667,True,5.570308498127174,4.118020218765358,0.7392804581918402,0.4589541348944737
199,0.34230338209743555,1.1206258841818137,6.441374083395745,101.08813589439424,True,5.9193475209233855,3.866115661591694,0.6531320636144372,0.5006595852346125
200,0.36281222066715113,1.8225121351216527,2.5105499027144114,73.68827762533871,True,4.390453928297616,3.033861410736794,0.6910131526908344,0.5396790303743662
201,0.28202928776095154,1.3696422110039084,10.861534522865352,136.57221752286011,True,6.059007174973536,1.1429342777162677,0.1886339204939561,0.683525299853085
202,0.3779618801203656,1.0772561691430536,2.869979961976333,91.8942539089146,True,5.449819693909875,4.277099440017061,0.7848148526448832,0.4229086192257747
203,0.33482558781053595,2.0960615208743993,8.889365450122408,58.824621401011065,True,3.404245675648268,2.549976134356409,0.7490576113813581,0.610569651965656
204,0.32727016767448913,2.2850978496901666,4.816891039850696,134.09270657638245,True,6.058994447763308,0.42380016890002237,0.06994562753832348,0.377062272973844
205,0.2964857058258084,2.1478040742933318,9.663526224033987,64.46013705290028,True,3.715021940389914,1.357583571342269,0.3654308354366764,0.761225724835473
206,0.38549891915996837,1.0427363795920643,10.457021431126572,65.82959237571409,True,3.7751237086036165,2.942658945590935,0.7794867593039481,0.4395541886878922
207,0.4313107194776782,2.4428097516200786,11.011946149333824,59.470090662195965,True,3.3826702174411203,2.4188216629819754,0.7150628076335904,0.5773600753955779
208,0.355021325847495,1.4479917844273003,11.196371151826423,126.69948779921063,True,6.058946552260757,1.9544981982262781,0.32258053134616316,0.6810888426833777
209,0.40140053410983934,2.005012437193005,5.827903638060496,51.91184376266515,True,3.0610270053375706,2.749275654668526,0.8981546552430155,0.4666418965335244
210,0.426878940060375,2.055402978582767,3.36739884966477,82.47164173563377,True,4.8949677454031475,2.842951763302575,0.5807907040802024,0.594971376137857
212,0.3496873031967087,1.0825288377778441,8.18410779119089,102.64102061031953,True,5.967633706047291,3.9430655376990766,0.660741883957016,0.49135339321468274
213,0.4345419864568526,1.1380655629418936,9.513939262962383,132.19385896003212,True,6.059018282750902,3.698659908209433,0.6104388096565003,0.5472170565141377
214,0.30637265293311217,1.157591225699642,7.468104736524814,82.55673412309177,True,4.831015029135192,4.060019248430498,0.8404070829722277,0.46352735016639723
215,0.28452695410510587,1.8972016480175105,8.96608519934987,78.45935297816112,True,4.5539678909454935,1.3061623881020188,0.28681853262492674,0.7637815798482634
216,0.4490561077167716,1.6495720200318416,10.325672137303394,64.99408561538817,True,3.729576763662428,2.907358333766492,0.7795410895126553,0.4619176449450437
217,0.4459115116894413,1.048596701974689,2.5462819981744618,89.28395869574382,True,5.302387736686081,4.447138624442083,0.8387049090494243,0.3984380639580585
218,0.2926667659061349,2.003217141489733,11.871403437331546,70.88505930101803,True,4.0251385709628265,1.3518119899876972,0.33584234832052984,0.76659316278446
219,0.36012145645950727,1.3357606506335502,3.6669562943555087,139.61385547818134,True,6.05912786002305,2.2567040550834347,0.37244701006769143,0.5977025401228118
220,0.28659522310190194,1.1817986689330993,2.9803230931521676,138.1339561884518,True,6.059125851849161,2.1698241175026465,0.35810844180443063,0.599895574104659
221,0.3425432769146362,1.3267170955128378,10.958029465087035,120.77910010881382,True,6.058851244162745,2.6300918100295805,0.4340908373618645,0.6638665711482985
222,0.3670261559224529,2.3194865784449545,9.063302611228956,113.13702957236649,True,6.058391545136957,0.529444643701566,0.08739029819334618,0.43874304312560763
223,0.4162342942766445,1.3479258066211715,9.916232477184998,67.0153533776637,True,3.8603583402996855,3.0901034440142165,0.8004706225729105,0.45274799623663053
224,0.3947263603646659,1.5360984339237658,2.3940711693256445,133.5415094464385,True,6.05910941652842,2.2085928063929785,0.36450782690410577,0.5892019624767966
225,0.39964018458549405,1.044055420120109,4.049774134415053,115.18333288968532,True,6.058835899210852,4.054367693321937,0.6691661171826766,0.4771809029866043
226,0.32615845675045096,1.9490106105994354,10.622522467216857,121.99501885666866,True,6.058844095601148,0.5725017149378875,0.09449025357056738,0.4633377330281516
227,0.43399854291530326,2.319028919537819,5.626175982236964,68.5905480141231,True,4.048939527451059,2.777663092961052,0.6860223705809908,0.5797208778547356
228,0.37435836044244686,1.6330115735438118,4.305088166584477,62.33211503902544,True,3.7009968703670415,3.4635485138850512,0.935842054235933,0.4622385664505533
229,0.4272138951180573,1.8181466548480543,5.92347766736762,110.2751195785671,True,6.058371666393063,2.3143721856822395,0.38201224902072306,0.621120245009184
230,0.34323175687946006,1.2078656522816484,11.126916219104613,123.0105936018964,True,6.058907980326639,3.0162592050014934,0.49782225027931276,0.6280201992827812
231,0.42236094853751377,1.8360600583942,5.209198439875089,86.45666300789924,True,5.100702921300835,3.1629465805724974,0.620100137054414,0.5714676521394257
232,0.3736203406318948,1.5896986529293602,5.98351983568545,103.84829363133103,True,6.053364169597295,2.7266980347387726,0.45044341598238397,0.6233039464975931
233,0.29144058732802375,1.837179988771192,10.986138235061627,105.83569339126187,True,6.046576513557359,0.6377337514339523,0.1054702193884514,0.49682833060417586
234,0.3998549691971773,1.6201595084969171,8.575519389587882,78.43548219594575,True,4.564586032154744,3.7261643539776905,0.8163203251574446,0.495225904644252
235,0.4277925141160521,1.6308651410979491,5.859102539638269,51.19638944309105,True,3.0183272831241283,2.718077216244239,0.900524350504126,0.4313434454355187
236,0.2986617619595048,1.5090660557702327,2.9064487739933202,51.5366899407769,True,3.0781964124683423,2.950381591067083,0.9584773665242605,0.44673627915368064
237,0.39544066111311227,1.8052455083906975,7.222345748028561,55.928821711826046,True,3.2723939533406594,2.8296572944871548,0.8647055748280148,0.46544526298187483
238,0.42702919229736824,1.4431290594528612,5.000299904945962,74.80004050271275,True,4.424526955113938,4.077472031349054,0.9215611234182328,0.43979156318648194
239,0.41287392450936716,2.2116117538590343,7.262546960422441,134.3961614450218,True,6.059023190783295,0.7514177292510454,0.12401631510406946,0.588231460905392
240,0.33783939171884597,1.9784240776864768,10.52434122583554,121.40934512662092,True,6.0588358262253035,0.6026523859946226,0.09946669678456681,0.48101686912590047
241,0.36253905877415316,1.0183884769303102,3.4302339723754742,122.93763904050306,True,6.059047595322643,3.8606806938166436,0.6371761622729195,0.49348483667368903
242,0.3341828745930766,1.0313442120599863,11.298734076969367,50.71864754395575,True,2.857193476560764,1.9680405818916387,0.6888020002973657,0.40695780015485417
243,0.3014948889685871,2.020812363694278,9.968392335042587,53.21263418546384,True,3.043672074432286,2.2463316902124064,0.7380334133503519,0.5851606045414877
244,0.28914047379878094,2.020449661566066,4.50234056954327,68.57657424749232,True,4.064601712185684,1.6117675792847341,0.3965376421637209,0.7114710706968768
245,0.40163596866862583,1.5941362690984722,9.666291926836342,109.64890583163438,True,6.0580220219280925,2.785257234775816,0.45976347142583507,0.6483540124366116
246,0.4329870054446193,2.122809500606295,6.263293064663092,67.18774519896364,True,3.9553306585764583,3.3437318846912225,0.8453735410062144,0.515727116337136
247,0.3901308956874711,1.1914041572271281,2.166886456275059,78.85621226368647,True,4.697874880958171,4.3508601942126965,0.9261336890533156,0.4049955606680866
248,0.29591254099237174,1.4910910340416896,5.285381083419534,68.65529046786858,True,4.058725880777649,3.60712524596113,0.8887333985881322,0.4992526991602748
249,0.3331556838398126,1.04124826842056,9.445033157507943,115.10235966263161,True,6.058609783308813,3.6927729678172887,0.6095083030418473,0.5429402874588938
250,0.4368197246359441,2.4471563034688475,5.12435484971409,92.0231452980429,True,5.422850932101234,1.3956947767282117,0.25737288267804387,0.677160084450648
251,0.31309625596089247,2.233455304456322,6.345390737749225,137.82563795774263,True,6.058985038421939,0.3977450456598391,0.06564549064531634,0.3591407862345286
252,0.3623882746890874,1.3521541754273838,7.641700243494354,83.67801370894779,True,4.89230805142217,3.9197597168232274,0.8012086883375572,0.4750496459884985
253,0.3195698133623155,1.4470374541790316,6.193286431786226,112.22702440244379,True,6.05852595124262,2.1450562167271032,0.35405579409743165,0.6374862576302931
254,0.3839823620048252,1.256615494329019,9.1947987313003,139.12476652902097,True,6.059060022858908,2.6472553734500415,0.43690859035275903,0.6042224296471277
255,0.3210641385463766,1.913687786035808,7.470040961417513,99.25108637847812,True,5.7904471825572825,0.9659560962031983,0.16681891151912645,0.6499831157852052
256,0.3552539003639019,1.7790231397891465,2.75026232200167,94.80351490301496,True,5.617217420001984,2.1752028526022786,0.38723850083793093,0.619108090833981
257,0.39332722658942165,2.1764476448469106,10.237190905349685,126.82760978592403,True,6.058930031073922,0.6607823981399966,0.10905925547103165,0.5183033193064901
258,0.4097517405971012,1.9240696852548178,9.277903495060361,125.21088176908356,True,6.058949943230212,1.2547643281940446,0.20709270417327316,0.6836727531963587
259,0.3223008991931695,1.6446938824988269,4.167799749458832,90.22433868417595,True,5.33456415523603,2.429386549172826,0.45540488003847746,0.6363066359685119
260,0.32334220348728,1.83199938255764,2.4617224113082847,74.72016906286055,True,4.451094635572879,2.505736604922616,0.5629484003545826,0.6079243875507934
261,0.2929183198521459,1.900505089867996,8.149010950763705,129.20998318598552,True,6.058952373440741,0.49436642456099816,0.08159272331105298,0.41879367613380536
262,0.33466684641588135,1.7468149897170804,3.72666075420576,90.04417867384439,True,5.3300567422284235,2.1987126146599416,0.41251204649290285,0.640697571891395
263,0.3157616120353239,2.456396009127825,6.333582396167003,67.83463685536928,True,3.989421697656322,0.6780245341215898,0.1699555939448344,0.5296205167569639
264,0.3273526222126343,1.3028481081940568,3.5372896048252462,105.27343740044404,True,6.0576062338944,3.2243659118794255,0.5322838407419063,0.5616189825826012
265,0.44073900159017876,1.5792924546378346,6.198724465344863,65.40685348293887,True,3.8521958924860082,3.482383575886012,0.9039996077766081,0.4492680905740962
266,0.43339775825125737,2.0627679037069813,3.153001619324182,92.22415575256576,True,5.463938421279377,2.5095749156227107,0.4592978035493847,0.6120430402992882
267,0.29266302565550056,1.520199953915399,5.905624461933387,52.042539765000505,True,3.067466059239984,2.753175033090466,0.8975405040904059,0.4611707079292686
268,0.3811122648546564,2.232298046875423,10.250730078119265,119.37550029467796,True,6.058774678801062,0.5995478107777049,0.09895529088999662,0.4817807020400884
269,0.3088537133858265,1.2898826318079306,2.196838987499426,139.71496499298686,True,6.059145968967994,2.0314086994412945,0.3352632053832643,0.6071157078568681
270,0.3732242425749349,1.1650654961235585,8.405380627502508,74.48705047014072,True,4.338420723777582,3.721821278071661,0.8578746772237823,0.44885356051791137
271,0.307626852623385,2.2316912563556652,5.52617666385719,98.83568344586168,True,5.801392176657653,0.5077877555321485,0.08752860349198104,0.4204170357842396
272,0.2984041483513699,2.2634076608541145,8.363798868619256,100.95598313625382,True,5.859306162942902,0.42063921749880084,0.07178993652168708,0.36698493604523996
273,0.33684040778843133,1.4513066436927233,5.07207019312952,63.03155079252987,True,3.7311484896796143,3.4460182977421705,0.9235811191309817,0.4609313426360879
274,0.3498513971882525,1.9751379579874353,9.840697150403528,77.0374535216145,True,4.448372901266415,2.066899877935741,0.46464177437716864,0.6965075535820229
275,0.376729361902212,2.096997902523603,6.341012445821596,112.91723717601946,True,6.058544930558123,0.915933828668325,0.151180496169721,0.6426145824104545
276,0.37722824202904015,1.1599192480741127,7.809421479163453,77.34244718344296,True,4.519467910600174,3.9467167002549273,0.8732702119641366,0.44411824181982196
277,0.363470118191224,2.0093555568825767,9.179230182087112,73.47097398503539,True,4.258048526023946,2.337821639313498,0.54903593160703,0.6516106905292531
278,0.3763373281752926,1.84455032441319,3.230095894272335,93.60186617135338,True,5.542316104781804,2.2848687892440855,0.4122588365670346,0.6210386178777454
279,0.40901827021102544,2.161906946519578,7.163646839238646,93.16018179232222,True,5.450031150517232,1.6438040317104343,0.3016136947317136,0.6962946780176797
280,0.35567860647313554,1.1026661163982145,9.18583735357538,101.20206396289964,True,5.863140804739492,3.984101477629505,0.6795165953389591,0.4830893037553965
281,0.34872900289145226,1.1518358613035806,9.702496169254598,97.98412266879733,True,5.6663472788266,3.9320838424038906,0.6939362606836472,0.4860747803570291
282,0.37879952162753616,1.257255968495854,8.970002890453879,62.8917593268814,True,3.6431205041792527,3.0034942975145458,0.8244290283752757,0.446062660154924
283,0.4153119080776083,2.358454117525773,5.280116679608917,123.69567531255669,True,6.058975286530028,0.7506124445234176,0.12388438787531231,0.5934708878342869
284,0.3984507972447038,1.0859314173063883,4.539742904227215,108.64974810059493,True,6.0582993026057705,4.056400224758708,0.6695608820472084,0.4765912253607105
285,0.3809499662959192,1.4839094020940264,10.60083939962359,105.40304461460309,True,6.04329790831189,2.9796836977688277,0.49305590142604117,0.620781237416848
286,0.3233995833901666,1.4115088407383194,9.556255896101664,90.86893747547708,True,5.260707116466483,3.1307543475917163,0.5951204426097351,0.575580786142345
287,0.36453324311705676,1.5693302267353477,2.279280456519607,108.50544190491534,True,6.058387997316902,2.5034941899556222,0.41322777462657606,0.5740716658142424
288,0.33932183190519744,1.951634855858459,10.58733079993363,62.86696166839157,True,3.5958083413723405,2.634723812298152,0.7327208689027651,0.5920038452247183
289,0.36848051139638105,1.4522496109418759,11.762818416701528,85.47014192534185,True,4.881535415722381,3.593943373528029,0.7362321621088124,0.5190773785698233
290,0.43988203874022624,1.9310108067951506,3.5758843634129187,132.702439961814,True,6.059082331270061,1.662559171111572,0.2743912494027917,0.6727761371847434
291,0.30701751658254023,1.2093543992697846,2.8458843769502495,54.07074762051811,True,3.229381780173092,3.1059068074031186,0.9617651361235601,0.42557004974157264
292,0.29880036801026005,1.6239304329419317,9.458027592410305,61.84679910997521,True,3.5680977540843717,2.8335529264721795,0.7941354530515974,0.5219239106747482
293,0.3718631165834575,1.7981857533141747,5.182479106978046,52.39623803054233,True,3.1003324879446437,2.839150451076319,0.9157567654811518,0.4592880968327875
294,0.39063050223078216,2.2739740717448336,6.673904053917607,94.45062292963541,True,5.533480388057373,1.062082376198109,0.1919374971474277,0.6663869625248267
295,0.37199112328110145,1.0869108172389745,2.2895700882494454,66.867066888574,True,3.9919763055385022,3.8566025045280847,0.9660885259207078,0.40919889836723744
296,0.3025100955465264,1.4291326692828947,9.728007466882628,61.74543251941878,True,3.5550344991652656,2.8104863896398986,0.7905651521243494,0.48335955190309976
297,0.3949933370430878,1.91600984513073,8.377756352463994,74.55231868204862,True,4.342049275801317,3.095251604799664,0.7128550157295119,0.5510414389381637
298,0.39323061784308044,1.9337683032656288,10.34563570520613,126.58134646944342,True,6.058942213103153,1.0038119096333085,0.1656744484973715,0.6545806872421203
299,0.44879123217669725,2.4087579445906786,11.34855458209181,120.39193736911487,True,6.0587950849262375,0.7954999579278009,0.13129672596238426,0.5800604016668229
300,0.3871368542446812,2.412586818423632,6.255857265375806,96.90302602527157,True,5.681178079564174,0.760468152039739,0.1338574748739574,0.5644767554483012
301,0.32904274088997526,1.0239629056471404,10.17699220773772,91.828121356597,True,5.299424738355645,4.178100094278775,0.7884063460773281,0.45711200789203943
302,0.33871288430429586,1.097936007934514,5.291210448406336,53.517802483190394,True,3.1654009652654826,2.9073744379213706,0.9184853577238764,0.4233801855299788
303,0.39453229603922935,2.140460972889357,11.613646516192524,72.02651366881538,True,4.1016178602749624,2.4178306756248515,0.5894821892214908,0.6389795448915057
304,0.4067932462824221,1.7503269286472145,2.6166167380874517,53.68702643550863,True,3.2087076718636025,3.089775961277968,0.9629347005872431,0.43734087074268
305,0.3428999092654731,1.0073407921458695,11.645527442511407,128.81091691565473,True,6.058972228512905,3.516589979852046,0.5803938105712603,0.5729723726471674
306,0.3623503833700854,2.4138323020286325,4.172650220298563,53.75857587094946,True,3.1947492124787353,2.337397902634424,0.7316373671850406,0.5936110585118017
307,0.4015554789347734,1.5422053849808626,11.308924108626858,113.28864029036805,True,6.058343513407311,2.778039145213496,0.45854764409868887,0.6526965560972662
308,0.4050183836466855,2.2009903547430936,9.468929538553315,112.45553793632305,True,6.0583409374685395,0.8798939177214747,0.14523677798977352,0.6137866866694086
309,0.31185740626143055,1.691182949474296,10.859119308504134,101.78893885887845,True,5.845482203665116,1.3607084932465818,0.23277951173872669,0.743191413333693
310,0.3894068760396714,1.712259702097302,9.14319620656741,60.21251283157245,True,3.4803644403396765,2.814085543966707,0.8085605953645643,0.4746589664022216
311,0.4309296235820023,2.316801394617009,9.22694757466329,90.85075743660474,True,5.267227945953801,1.604429345400419,0.30460602082598603,0.7342089103201319
312,0.33508948893648965,2.3493027500343104,10.879500844714116,136.71016686696703,True,6.058927419346854,0.36644630625860125,0.06048039213813586,0.3382425602353871
313,0.43885519725276056,2.285785323057767,11.169390155178952,124.52664279569314,True,6.058908515024005,0.8311215876966763,0.13717348357972087,0.5963174354313594
314,0.42443588692123024,2.315635143356322,2.2223696973655698,103.55014952548163,True,6.056302024269522,1.3572935692980292,0.22411259607907988,0.6701352616265059
315,0.40987624511624976,1.3154490512768604,10.318380316655311,68.67731095255793,True,3.9464585314892617,3.118077627068312,0.7900951200142609,0.4550711649684649
316,0.3046009668185277,1.1336453567759164,2.7841482940317075,133.7009614635245,True,6.059108219217345,2.6306961428791102,0.43417216654679874,0.5534701945909184
317,0.31718761563851555,1.4961297459427971,8.615145576357271,74.19286704374522,True,4.315392803224242,3.5050210593339686,0.8122136776784712,0.5187721667342915
318,0.36080121037291285,1.7180614354728962,10.719359736947261,80.90055114681147,True,4.648596432115982,2.9366970001455934,0.6317384275082891,0.5834952397853406
319,0.3168735772925922,2.46992253739067,4.880669276968345,60.458480097524266,True,3.5800302117950986,1.0442486608081714,0.29168710849637336,0.7227909441522824
320,0.37159951281272013,1.693443497966975,10.397842404981564,122.6015082868035,True,6.05889966801761,1.4354445307682833,0.23691505214146272,0.6907957784174337
321,0.39441622460172343,2.488800415285257,3.5630425401023467,87.56018318931811,True,5.186484666328821,0.9872633574928971,0.190353085183556,0.6507364074925155
322,0.3538266610474843,1.8065740493271787,11.787690910442752,105.63535609655824,True,6.023801062495052,1.3563192195534133,0.22516002860685894,0.737041961341732
323,0.29771787608301276,1.6050094633399794,3.5432713459711866,113.2529633245598,True,6.058696331805686,1.3994999573560425,0.23099027921390253,0.6811411152333817
324,0.2904469556196988,2.0603754530256895,8.481384430989273,57.49749064798151,True,3.3356290719129778,2.177157691347933,0.6526977803618124,0.6592758316838321
325,0.3081167641873324,1.2673279956920689,6.246222302287633,59.52841599369446,True,3.5045324349426292,3.149258382754031,0.8986244074541104,0.44996072294443623
326,0.4486547228600365,1.6585543713552813,9.257013027354631,74.35989735534538,True,4.309059060928005,3.5750157334615595,0.8296511333246008,0.47480839691311116
327,0.33210053104082254,1.7912908600817334,11.043037576328675,89.60342448197545,True,5.142666197163821,1.8716814529314771,0.3639515732060753,0.7404874955429337
328,0.32024078691039626,1.7604965359008675,3.4598072900033827,117.87438115374486,True,6.058923126917723,1.118496299585244,0.18460315078370076,0.7003200155642082
329,0.28624217321882434,2.4602301006720957,3.8012827001938883,110.3966534598319,True,6.058231754742318,0.3772765440622781,0.062275026663836386,0.33868619564269586
330,0.41604280451399267,1.712900681919732,7.929972634455827,132.9446007629378,True,6.059028421678472,1.7357727226936022,0.28647707221230667,0.6608393327334632
331,0.3517968891343266,1.2985909272851632,10.518134697062209,59.87457149402162,True,3.4222614740290824,2.5936121910584107,0.7578649997204656,0.4484994669197837
332,0.3045420209480031,2.3041295587655615,7.766125460483094,105.77765342845193,True,6.056462056206219,0.41125641477542974,0.06790373834737465,0.3609172778102927
333,0.3477843985264811,1.7530259380348887,3.2751821004388892,125.74149610452339,True,6.059040668304759,1.275536573431181,0.21051790923002,0.706412063025311
334,0.434514053210115,1.3715542954792739,7.505609262876723,126.9331491228598,True,6.059009885207409,3.279895800429393,0.5413253753615749,0.5734396344385879
335,0.2918914059758955,1.73139177782332,8.19259118224319,95.15460232938383,True,5.5404583434095,1.282267693478233,0.23143711476569792,0.7247338240538022
336,0.425351517734813,2.3832945914271297,9.337875103071669,71.76335070344687,True,4.1537712162987255,2.2110833318473246,0.5323074422518486,0.6666169540918898
337,0.32390950236012445,1.034411200687616,7.751026247207912,110.98230274138157,True,6.058355061824683,3.776276381590726,0.6233171121623515,0.5282657371552903
338,0.44394082624356124,1.5382721525361926,8.100628328718326,139.86392133400125,True,6.0590760194037285,2.328001626063755,0.3842172665615199,0.6091125549534242
339,0.3516957611172798,2.365402243213989,7.441549366152108,124.46764737349326,True,6.058900338218889,0.4444228599248814,0.07335041593628963,0.38933723895268724
340,0.34607319188703245,2.491467449494094,3.391906426109152,54.948195724555724,True,3.2743306005547264,1.8085846951486446,0.5523525006431055,0.6724520424178113
341,0.31863575318823933,1.0903583118295133,7.168928367985725,127.21371693556193,True,6.059015517142211,3.157153598216582,0.5210670923823086,0.580014012923328
342,0.345348979684244,1.1077418941914525,6.644515949253475,100.22237060919218,True,5.866889625185923,3.923988958236751,0.668836335592797,0.49093613420333027
343,0.3253555755047729,2.26164327279812,8.240127914384455,113.94136691239987,True,6.058474232231608,0.4447097457178056,0.07340292764668557,0.38411103968077054
344,0.35431960809522556,2.279596443184944,5.346828827830166,73.33569382453892,True,4.331115284265265,1.4392907186877455,0.33231410946658935,0.7255045590896314
345,0.41944835850960077,1.2152230758354945,5.157326996243554,119.7052905651446,True,6.058971707249133,3.769470253663434,0.6221303606936353,0.5182321843585562
346,0.4078435098602924,1.0959697005783684,8.601471014981854,123.87642058099864,True,6.058973210330712,3.8171405728216268,0.6299979287436525,0.531986480285183
347,0.42399824592196045,1.349466163940718,6.755320629489945,118.54231359152955,True,6.058900111013763,3.5003906379414604,0.5777270748495278,0.556902811977523
348,0.3913400121275086,2.2052051317470123,7.245826461678366,110.38299090480615,True,6.058269442654536,0.865826158252864,0.14291641638729874,0.6159300735310618
349,0.33307953365699705,2.338813191356591,5.007162759432253,63.302124501433724,True,3.746521400696552,1.4912575234834184,0.39803790342854156,0.7285928513291235
350,0.4261621736353374,1.8444526621219721,9.245156238393193,137.10602056167136,True,6.0590333672034244,1.38607349096621,0.2287614883371997,0.6850831387997465
351,0.3008089041032078,1.4235354645236198,8.900178134025541,69.70575712759305,True,4.045267273885214,3.35027448392675,0.8281960763272462,0.5041250216654163
352,0.2814562792415574,2.2729691170791986,5.725849904104205,115.29608461068345,True,6.0585895661690685,0.38425120208702623,0.06342255039566802,0.3445700225108297
353,0.38906841685428106,2.0425424632365416,2.5693653237160454,76.06418951456749,True,4.529039544597518,2.64888383484937,0.5848665724301527,0.5991285004752545
354,0.4020986175660031,1.5335923783036902,5.830505392118397,56.4362688281609,True,3.329147971207039,3.017937802822162,0.9065195746550002,0.44189846076763395
355,0.3850850887425413,1.6746377962078962,8.502717980710491,95.83761463442497,True,5.574051545313121,2.8209952242214142,0.5060942119549319,0.6346792809350705
356,0.28379426408248637,1.2269563698687367,3.219551233823744,91.62151537616327,True,5.429013975230757,3.4910063718335413,0.6430277003818466,0.5208742914990192
357,0.2811237110632709,2.2109154453303095,3.900346577557277,86.60245005461329,True,5.123277792868996,0.538480338442053,0.10510465374170315,0.43060908325200664
358,0.35318201004151434,1.758131857494012,4.393970901034935,77.72109187890246,True,4.603826024732008,2.93661633667771,0.6378643156587683,0.5781957439123002
359,0.3328514101407771,1.438363183242784,6.905319115341799,103.19102632715385,True,6.021236899027706,2.8059700639060816,0.46601223485479915,0.6301388938495562
360,0.43756990936299245,1.2924631617671873,9.08423199083731,120.64715021845839,True,6.058905920395036,3.624926836854035,0.5982807596751217,0.5557329922851402
361,0.3909084144395072,1.2313235727139722,7.410437756018522,102.08582515023375,True,5.954529721584335,3.852186037166132,0.6469337155548149,0.5048354378808733
362,0.3356217908876806,1.833848599561293,9.085997081896629,91.05719949911725,True,5.282848642328813,1.708990216678957,0.32349785738430525,0.7371871091487434
363,0.28604654836951865,1.9757883676697456,8.853260496121216,113.8059239423659,True,6.058444509114834,0.4765746720952435,0.07866287648227932,0.4010894911643983
364,0.40459079603857706,1.9566716188257431,7.420271531740878,75.7229760579932,True,4.432557388832717,3.0338727961245406,0.6844520059160452,0.5605480514881394
365,0.4427094842768384,1.359594642480872,5.684085956147845,114.9205669646471,True,6.058759904832637,3.6999971798491003,0.6106855590857593,0.5302326945998819
366,0.40735947868977307,2.4574953599539864,5.607826201265954,81.1747109478802,True,4.785011805772522,1.3425830342517862,0.28058092409137353,0.6995847711950813
367,0.38814363792374146,1.2466233452187905,6.910316651540675,136.88654433894337,True,6.059074594805781,2.8023672754158704,0.4625074723156958,0.5735444872523554
368,0.4245758784491592,1.6131267642232259,10.127402252009452,82.42213131883497,True,4.755335394507022,3.7586468094556693,0.7904062484840403,0.49576685625956607
369,0.37762788326340624,2.3567538888303776,5.917568596936647,125.3984924038667,True,6.058958686338259,0.538988825187871,0.08895733625039944,0.4595510342487663
370,0.36632414988466927,2.150449880683974,3.8170352168442516,111.36974145024996,True,6.058527247221716,0.8537130911635841,0.14091099310563882,0.6384839121181107
371,0.33664080323668055,1.5377118749035388,10.050093064493735,106.45389477144442,True,6.056367359192432,2.248083877900621,0.37119344725488795,0.6986520597157724
372,0.4048737757934148,1.7511433291200753,9.12969834590713,92.03800039042578,True,5.339518682856318,2.912225834333493,0.5454098032625722,0.6141186338945746
373,0.2984749043829783,2.32316368221432,8.322859150682456,90.92129284650889,True,5.288585461612984,0.4310384409113762,0.08150354079366855,0.37376476436885353
374,0.2952272205346773,1.479526700917846,9.80826163182582,100.50518616825352,True,5.804889019052817,2.180976076207246,0.37571365603181084,0.7055612810159322
375,0.3298378923939678,2.33952955977812,8.623145438392292,131.29587132046186,True,6.058918689894766,0.38569303855698345,0.06365707452061588,0.34982411524425183
376,0.37139096954829914,1.3138706782639429,11.921317134534421,57.04431307409959,True,3.2107997317219317,2.2135886809124727,0.6894197289985878,0.4349831140080145
377,0.34704668291294594,1.2281910971179142,6.1193442241540765,58.45106373514109,True,3.4432755565411934,3.106137495170551,0.9020879810998046,0.4376373267328093
378,0.40532171987646337,1.468939547649856,10.045526560565662,76.04273360761628,True,4.385764771571973,3.546916954884492,0.8087339699281646,0.4776214084073849
379,0.336430588438019,1.287282965005358,4.074227884559889,64.43610498579854,True,3.828429817858458,3.61010120352504,0.9429717600372399,0.4421349421569931
380,0.29051523699644755,2.16510295648448,8.295585872169829,73.86077542897715,True,4.301020649551104,0.7682112561353311,0.17861138523376052,0.6076725123784681
381,0.3748848066079234,2.352118614574108,5.86821158684237,57.2684717783261,True,3.376864622954302,2.478503045559537,0.7339657707069052,0.5936212291455654
382,0.30115246879395374,1.9935449277234052,11.863458333980237,130.49927257107518,True,6.05890211945874,0.42548973608027224,0.07022555038705305,0.3733718993764068
383,0.3964032296261878,2.4004712288526067,2.354650341842616,52.36334946042066,True,3.1320402549464483,2.9419883295042975,0.9393200885135493,0.524249442890095
384,0.37802351204840223,1.1374390074032856,9.770924634518906,135.3448291715073,True,6.059030803292263,3.241816009009212,0.535038707386621,0.5904044971004034
385,0.4177152526479756,1.6148194351965892,4.008195947192913,73.6620639990612,True,4.371993434821084,4.004079521526995,0.9158475604368914,0.45372787154513183
386,0.3227152638141486,1.4924559549831884,7.968795364417929,120.25616986808461,True,6.058902129392006,1.668131996727734,0.2753191850773675,0.6727696217274777
387,0.3665883230243705,2.2350453967523904,11.889345548345748,62.17525302341891,True,3.51352060934641,2.2125120237786193,0.6297136888547222,0.6610401990645967
388,0.36820424800654883,1.7159730453689943,7.988820013686897,125.2956580029581,True,6.058971775654634,1.3704470102518747,0.22618474899626123,0.6850102276646934
389,0.31213594971547487,2.332376551110408,10.896785007883295,125.11097724755271,True,6.0587962799242305,0.3532078231313508,0.05829669901622239,0.3308301829725617
390,0.40750009948082666,1.4877898626364527,5.600551102667301,77.859112628905,True,4.593579193629627,4.053970319174884,0.8825297547491786,0.45583982911222165
391,0.2818027266235364,1.1279043014566952,6.46459422999788,130.4592887500052,True,6.059038648760156,2.421205988281879,0.3996023344028881,0.6046248065488409
392,0.4139194379461709,2.169629264099849,2.332963188060685,88.67443246919188,True,5.267187901873107,2.0430888074317544,0.3878898656159951,0.6248883582302076
393,0.3413230661702191,1.0023725402192254,7.134456714483689,130.58486700502525,True,6.059038542110628,3.578043267235437,0.5905298740662983,0.5453484467026399
394,0.41117259457678845,2.1213641223495823,4.470025878931896,88.25571895926258,True,5.215924910785614,2.1177432355104493,0.4060149008532177,0.6528229413720772
395,0.34341935858439887,2.4225142390430277,3.062991691829953,104.25793617028307,True,6.05674578824836,0.5341094099390283,0.088184221133292,0.44681711944935465
396,0.38364846455115365,1.1177958959843448,9.153276795567443,94.52493491981534,True,5.483229255345826,4.193093964563129,0.764712502304205,0.45239356524415886
397,0.4435998145314115,1.2668726500196705,9.384024072350908,107.28239245949578,True,6.0574079218925,3.9276880292678453,0.648410686536813,0.49964582424918946
398,0.4105643100505442,1.2801978402936194,7.57582939553999,103.02434017372897,True,6.0010692736794,3.840100080032132,0.6399026414967002,0.5082820329541731
399,0.39439368670128006,1.7821184033150657,11.050940058992447,118.34308797302211,True,6.058728788290295,1.5547823322917012,0.2566185724135117,0.6987054258199654
400,0.31477237075938536,1.8413949584464828,3.346611456927728,83.62334867557861,True,4.961417246654193,1.8784070021309052,0.37860290895663684,0.6649015942352796
401,0.4449650032069847,1.5990428444774074,10.275177405569305,97.05809310775942,True,5.5966717989752555,3.5567995499986442,0.6355204803415291,0.5294668926866142
402,0.3800084536507585,2.024175613305068,5.643734826250352,52.620089401110334,True,3.1060175166221824,2.7991496618504312,0.9012021493344724,0.48290320537970777
403,0.3574543928058255,1.0679662614893322,7.2958243710445965,138.37041162795205,True,6.059081763184979,3.1911023613912537,0.5266643504929102,0.5606371051554517
404,0.30192963400906825,1.5320716244784582,11.085029611137738,69.48326100605779,True,3.969895207195002,2.9788732348147886,0.7503657097587628,0.5375692282084268
405,0.3267323201637348,1.5501108140181348,6.210950296317775,96.16599310977162,True,5.642961168297929,2.5860175977129263,0.45827315138036645,0.6456342867797846
406,0.3457564050544305,1.6961896931495275,10.193142283957968,65.2915023610786,True,3.7505320315996276,2.9109172878740353,0.7761344959457683,0.5183984824889865
407,0.4193833828546713,1.9634424634098138,2.3726029146259706,66.20621835119829,True,3.951649477664338,3.6134685380678793,0.9144203094156155,0.47524230513823884
408,0.3383404085444217,1.6257321985341133,6.850085064142321,106.77146704518645,True,6.057661315377834,1.8798914196223198,0.3103328696918186,0.6653437320911673
409,0.37457071487572385,1.6038074897742056,8.998770622064974,110.94215831391637,True,6.058250740008664,2.3221369583026124,0.3833015597996347,0.6705789046270589
410,0.3325508612832515,1.316426659001916,8.977658842971532,70.19597468879053,True,4.072322859846571,3.3944063720200535,0.8335307609053231,0.47376329723820865
411,0.4128392431018118,1.322152128917153,11.68855285146246,117.95917727985683,True,6.058692259675332,3.358362285769024,0.5543048139482478,0.5825060114022094
412,0.3107778535842318,2.2271479595460337,6.473669845636891,55.65766395228401,True,3.270189589894434,2.016161657317341,0.6165274525818625,0.661648604354403
413,0.36327834809024007,1.6756487214279578,6.435281008159482,120.67690784908294,True,6.058942123979247,1.6005860965532381,0.26416923347372123,0.6699135597918691
414,0.4004259013946636,1.8093649967121188,10.66300402348671,100.62341974350007,True,5.787059090809136,2.364528100112123,0.4085888986112839,0.6945772052451384
415,0.3427162349665288,1.7592705622447329,8.73608547362914,134.77050795251802,True,6.0590126638021085,0.8511969373354142,0.14048442948810033,0.6188125821010231
416,0.2907170213749124,2.090611752159961,6.450758096229695,123.65475524839404,True,6.0588884528221065,0.4336076172179647,0.07156553889286395,0.3787777569110391
417,0.42271070444096476,1.5888494323453881,10.153470998856308,103.9721487628472,True,5.988395759840421,3.1510727531257667,0.5261964772364571,0.5984393222186428
418,0.36459540281488545,1.0261537800561167,10.951095808227404,90.27776698434675,True,5.186716338933751,4.128719481288819,0.7960179835355277,0.45265388518628136
419,0.37029308812791156,2.33316908293864,2.8806166093062417,98.53126440664673,True,5.826110854689315,0.8357847647842236,0.1434550055139301,0.6185693867053437
420,0.35082669447113557,2.306634620542106,11.866253235691506,126.39704653057784,True,6.058857729711055,0.418257364846285,0.0690323792874786,0.3702965078240208
421,0.363884983268423,1.0095712461029784,7.387485625315098,81.79226253849681,True,4.788640610570155,4.215439074746169,0.880299737976006,0.4300017601752377
422,0.3039204752303083,2.475703673621839,10.31106554309275,117.36890808123437,True,6.058494303207784,0.32888898567440206,0.054285597908421836,0.3207090165957309
423,0.28567402837045425,1.4569476075867236,7.591610140737275,86.15646092753244,True,5.036531905603306,2.807463229171219,0.5574199234294187,0.6153983914808565
424,0.2866989749301207,2.011903575806063,2.4551968685718557,89.8825173650495,True,5.333113627259266,0.8521119333262089,0.1597775695178872,0.6022948998341424
425,0.29369198190028684,2.299761861051289,3.748239746628804,113.6912799401183,True,6.0585845661735584,0.4238970392611721,0.06996634851445084,0.3702493562504645
426,0.3915647157173008,2.4032600284398526,10.689530960879962,74.32644312885662,True,4.264638369507752,1.47409689995784,0.345655779514076,0.7734804646548805
427,0.43972557918121524,1.5390369615171051,6.796061035746806,51.782774757674886,True,3.0358042808234,2.654592252151551,0.8744279955463884,0.42727232415832006
428,0.40597170182410935,1.5280873526226821,8.568493398211686,54.0153413098908,True,3.128855007065751,2.556245276798703,0.8169906470661155,0.43758526038736667
429,0.3547713671937742,1.2087952278698384,6.286707596158034,63.73266820659114,True,3.7520025397123598,3.385331152638538,0.9022731506194738,0.44145934130551856
430,0.38752292167852503,2.317584881581636,6.736440410947057,53.48464145433637,True,3.137147312016375,2.691069246400783,0.857807740201757,0.5425482060232651
431,0.4140878735683529,2.014708592532469,10.083258620582694,135.551070489564,True,6.05900428318844,0.9323853879345557,0.15388425958396998,0.6417266624513878
432,0.412342374108852,2.1359526728234766,9.775274258561646,105.25771036694547,True,6.049596385414286,1.2319604821347487,0.20364341745261444,0.6943699634534579
433,0.30875127501116123,2.2763067905378636,2.6906669558392315,67.51642694094683,True,4.023773989701504,1.1895238813903204,0.2956239302790868,0.6950341335789783
434,0.42790971506047704,2.2493380564071765,8.122343536225907,54.73493285253913,True,3.1816971467137685,2.6340369780504096,0.8278716850128202,0.49716002637886403
435,0.32307411552184545,1.6268269402710496,11.424864089332512,101.7968668117711,True,5.828953184641917,1.8257264753206097,0.313216870591965,0.7427055867746426
436,0.44942964856519535,1.6392733297344924,11.726280026386526,71.3060774186587,True,4.056642651193832,3.016853916662111,0.7436824428630111,0.47623667602273345
437,0.29695952862520736,1.0994128508191574,10.831797803939482,69.25093092610734,True,3.964709344339975,3.062542200792584,0.7724506224307903,0.4642957323946155
438,0.39662951501092375,2.0891411857215854,9.11325218194274,100.82396258164343,True,5.840716044356037,1.3070087387423417,0.22377542904269795,0.7026054328726592
439,0.3905730126795043,1.0367707403140498,2.2654855365618487,115.74851461220754,True,6.058917028930351,4.044090371783552,0.6674609261809782,0.45929580038479845
440,0.3069167661409452,1.6126231489694627,8.938941139182669,85.27594993740297,True,4.952670897181232,2.455281286528898,0.4957489277000617,0.6594509921304215
441,0.2824547905964414,2.3611965215993616,6.930050884653976,89.5966674042484,True,5.241598803327776,0.40565506908376125,0.07739147620878954,0.3574018395410268
442,0.41879373392311914,2.436379559053307,9.782098798916284,127.09515122579438,True,6.058931147683167,0.5831723486317327,0.09625003724538576,0.47909701576205155
443,0.3058713724793394,1.0203383686972534,5.846807662361176,134.03650437081936,True,6.059071990985772,3.047602274394796,0.5029816907488123,0.558049682897817
444,0.3859344162760303,1.111414455436156,4.678269680885476,84.58395563963974,True,5.001188224275684,4.33786439485638,0.8673667537247366,0.42337613885920167
445,0.40595557430106666,1.278402571202648,3.2586964810933203,72.85309108041483,True,4.334110229719315,4.115692208391918,0.9496048762604864,0.4209734707223647
446,0.41045406005944846,1.578368447386171,10.59334899352201,99.96412775587223,True,5.75268103759998,3.1502956501320827,0.5476221660025126,0.5864081947691102
447,0.3016022051813943,1.4589416914998061,3.5211748779741097,133.37115505401295,True,6.059082106008767,1.4583930006455188,0.2406953685607324,0.6957717643587187
448,0.38036658709904436,2.1252333239106607,9.155451016886333,81.08172413560794,True,4.702732509768804,1.8986913654252404,0.40374215660388135,0.7344483454698407
449,0.35364664912654237,1.8435326244146129,2.527228572071368,56.632016208620556,True,3.3839419854616852,3.2380724743876703,0.9568936135132609,0.4750982519280593
450,0.3510081214919528,1.128532340222768,10.094324601038913,127.5937906788686,True,6.058979689173046,3.2622062958193774,0.5384085214295572,0.5981355364050827
451,0.3114776462197077,1.7719880589083372,8.639629647236307,116.62489225209137,True,6.0587070521547535,0.8166183856987579,0.1347842664563772,0.5907180570815362
452,0.3190652320137761,1.0509349663872676,3.4738881603605156,57.99015668156909,True,3.4550266062611374,3.296963466101314,0.9542512524003768,0.42270309310692644
453,0.2890318529636621,1.8300722034422616,11.505851250449375,123.32543907714172,True,6.058843967692189,0.5066037254711607,0.08361392506104194,0.4210357831817335
454,0.30424536415675935,1.6663955830124975,6.702504028872888,85.38711262747792,True,5.010334325957896,2.294024682554771,0.457858604498651,0.6782625396353215
455,0.3921211224983059,1.1451311405639404,6.847356712309459,103.61291013664126,True,6.041092831006067,3.988602288215309,0.6602451575886573,0.487627418175681
456,0.4496823112133297,1.2841961122483854,4.727421562807391,138.89832837848573,True,6.059119133353896,3.2082566669754855,0.5294922572680335,0.5305376782947109
457,0.32012665677633984,1.2553798700646728,3.0776583973265286,106.11670100051595,True,6.057949172105734,3.3019201177624296,0.5450557645756356,0.5488428622249306
458,0.34150170100059396,1.2976143366772583,8.203915419385972,90.00071656077483,True,5.2458339132880365,3.7531548347580626,0.7154543770917106,0.49743926705411834
459,0.418549951709013,2.3541760407542496,5.756153787093508,90.421994010074,True,5.319452040760528,1.396745080692206,0.26257311279236795,0.685121313521317
460,0.34162226732753675,2.0345725128223044,11.029228584372932,72.72765156718559,True,4.1609796838734505,1.8921137011345928,0.45472793545899426,0.7055878408677128
461,0.31424077397503025,1.3175300205867269,11.598368808189178,55.956129740331605,True,3.157109076509879,2.202618288485782,0.6976693662167456,0.4458652341289224
462,0.38128495801930057,1.0099302677107702,7.90884660437336,57.65423936661886,True,3.359808923340483,2.8583907379568094,0.8507599102138406,0.42498487205072655
463,0.3454074821798084,2.150682930139215,8.795751349042993,111.38005271250704,True,6.0582504095920955,0.5809150840285301,0.0958882589449853,0.46797565183417866
464,0.35155096461842456,1.3305348306898275,7.773747834566341,101.6481707900528,True,5.921867259762815,3.3638221711664595,0.5680340378485939,0.5720262294833769
465,0.2949104921969692,1.1845048581076405,2.6650486095645363,95.2462952045887,True,5.645014580504418,3.6042826964756953,0.638489528250896,0.5060675783080968
466,0.3162406826871275,1.489105022092224,8.260335332707731,95.98082627177017,True,5.5879623929081355,2.6493528404368165,0.47411787233915464,0.6524855744618621
467,0.36691007395303993,2.446125372209004,7.098483989616827,133.18520859308836,True,6.058973976115639,0.4312808277212676,0.07118050505273145,0.3837399382324449
468,0.3903312222063715,1.2287612149774594,7.665469465946175,129.92906982448272,True,6.059025091714037,3.2173043096664595,0.5309937260478181,0.5760496140389435
469,0.44181712390743855,2.0662593624444496,9.262263585793976,133.8997650181447,True,6.059008298628629,1.1451606677914858,0.1890013367452685,0.681209657842829
470,0.35688203226035464,1.8537724972900627,5.1429583848868345,62.3862871629208,True,3.6916156535886153,3.3284762648419863,0.9016313119179615,0.5095227749037856
471,0.35978664825624934,1.2690019922522904,4.944363870190541,108.1315079505487,True,6.058195810949527,3.5099340924342783,0.5793695354135725,0.5469858891908803
472,0.4325877057252917,1.6836652882460648,2.4188606610672356,55.770829650498996,True,3.3342170490791547,3.2206112775987825,0.9659273017298775,0.42912594563775697
473,0.2840329116043056,1.8167341329914326,3.1134181927133167,92.74203493649955,True,5.492159237054787,1.2002598905857262,0.21854062105259986,0.6764103117295801
474,0.4195142508068165,1.7032937267195272,10.38967526610395,81.7675279254861,True,4.70941089564755,3.5782364752081333,0.7598055371458772,0.5142906888062448
475,0.3752355531796735,1.848233707408222,6.800756039434319,112.76800712963342,True,6.058531179483145,1.4373426267625573,0.23724275475052972,0.6805980649414054
476,0.3818634418615084,1.136916483978992,2.3177857423938404,70.1117691285938,True,4.182921483652741,4.029466367318265,0.9633138903194349,0.40848009267364516
477,0.329401766058732,1.798830210636435,4.0599449166630786,112.40696281209364,True,6.058611137937996,1.1973457611020728,0.19762710196145394,0.6944473115189069
478,0.41065316814395236,1.4833378797904,8.749249802108759,109.8858744296326,True,6.05815076969934,3.217268712736188,0.5310644840382304,0.5992130556856314
479,0.31011890116923985,1.5679563873833149,5.7370028659571,108.41210832290393,True,6.058149798089457,1.7078578413856664,0.28191079757127646,0.6656107956269381
480,0.28582300459368876,2.172774796065893,4.382613835450121,117.078815016785,True,6.058763780373216,0.4352192823182368,0.07183301711284536,0.3784984407694876
481,0.3516359246491227,1.4972155275629948,10.668238937532175,87.90298657935307,True,5.057109939073022,3.282524590634006,0.6490910085367255,0.5505902174607353
482,0.4154034327867556,2.4239206161150957,10.41677995299275,117.11253181508715,True,6.058647338896438,0.6215589346222188,0.10259038030350742,0.4943315156358268
483,0.2839289848829495,2.2766421102132552,2.696441470895403,130.8153741036735,True,6.058912755589753,0.3964854351241915,0.06543837997310774,0.34966255921715916
484,0.34863962309225965,1.8275474455318843,2.8887721698059527,82.98308516820589,True,4.930097233246361,2.480307598370411,0.503095067100164,0.6221133195294968
485,0.30718099482272554,1.2809088291987005,9.017930348404727,118.66204998584027,True,6.058829800829343,2.459244691385165,0.40589433475232123,0.6530133347003608
486,0.37954992467887194,2.0718057349984473,11.258993258404738,70.29816921879947,True,4.011796993095204,2.5183043313824345,0.6277247666611112,0.6238395182791128
487,0.31178848181847013,1.7823062781454697,11.045240356049595,98.3294576661643,True,5.643205111970205,1.1547395382306846,0.20462476825116357,0.7351414846365918
488,0.349125143359774,1.2617723488205725,10.055470488905911,78.03631804274617,True,4.501976743325304,3.6522097077840394,0.8112457962380322,0.475810502634209
489,0.34353322250201573,1.396691382895086,2.465751054010975,86.55737772848859,True,5.143926451099869,3.583883281882116,0.696721330670623,0.49264249330584287
490,0.316752747376744,1.3776870597926059,10.477140790117394,86.93808890994111,True,5.007004923018627,3.384545922506175,0.6759621719056944,0.5383837067899968
491,0.3884821195477419,1.2684437370194863,5.471351096164781,66.79179597098188,True,3.9465906507166086,3.634112501356742,0.9208232682294709,0.4381985876351342
492,0.337589840162407,1.6521176272254572,9.43343892863539,131.04637436373235,True,6.05898717369107,1.0548241078041907,0.17409248073413616,0.6696487199354784
493,0.34632268441966246,1.5127232585850248,3.319125963068835,124.42011891835091,True,6.059043444413307,1.939123515429738,0.3200378959516607,0.6259691426530942
494,0.39258556660568067,1.5250430736997642,4.431329268271195,85.99031403133193,True,5.086144387635559,3.659951300988541,0.7195924893296187,0.4980202636623394
495,0.4150769373036594,1.7197163496077428,8.035741389086237,109.38912351809086,True,6.058130646192486,2.570798975457354,0.4243551560039551,0.6481874740177038
496,0.3682624138479854,1.264804997133939,2.603710529954261,54.69381830342364,True,3.268728835553145,3.1550451231556367,0.9652208188207602,0.4192913932118403
497,0.35837107842730365,1.0201370512845678,4.064557988546497,127.54966121633998,True,6.05906582331319,3.730116765407762,0.6156257208917524,0.5088252214190723
498,0.34831112244444135,1.8939465666419748,9.012623471910581,102.70608031941603,True,5.947587842542347,1.1755379749646337,0.1976495355909094,0.6955266619210438
499,0.4413907645959647,1.4669987148418713,7.005771502996765,126.47659676394822,True,6.059012445111483,3.059641021252016,0.504973549562617,0.580370927847587
500,0.4056433677826515,2.2716652078808925,3.9152351241921997,105.1407142434627,True,6.057398972686384,1.1141233214033026,0.18392767694963344,0.6855134927730862
501,0.44013014859644783,1.2955861802588298,2.172553674045846,138.01362624644122,True,6.059145840667904,3.154175705406281,0.5205644142506056,0.5039562405037818
502,0.28304702133862353,1.8259843495486676,3.609763137466352,110.33210328057888,True,6.058440214389775,0.7736339997953106,0.12769524372920354,0.5918545025196393
503,0.38640811805481007,2.146419191927787,3.757928231140028,123.551515560439,True,6.059002870933306,0.8591553066563123,0.14179813493370588,0.6536034090502869
504,0.4357812309120263,1.8197259673079664,4.386928069467324,122.34318268987029,True,6.0590104679592125,2.05877661102224,0.3397875976463982,0.6192547917788005
505,0.31207463652510714,1.6014184997718968,7.39493111322353,138.05382675884516,True,6.059051248320503,0.926939508657945,0.15298426612827903,0.6603551021929541
506,0.37125119347754554,1.8059544460193737,6.240948487223633,97.41299730601132,True,5.713380661793234,2.112154831187061,0.36968564781820923,0.6622476697936399
507,0.2870949124997338,1.3048048633056684,11.844890843041771,86.20181899804192,True,4.9209901885907215,3.352534673011883,0.6812723749754083,0.5471526801016813
508,0.2911906893429511,1.0514340399042377,9.629498563007523,120.79477307454582,True,6.0588928193625025,3.247995255824591,0.5360707562683596,0.5992268683932518
509,0.3519998956386813,2.271233298384528,7.701993136185943,114.81062701697202,True,6.058591622659898,0.5192440143905507,0.08570374878024663,0.4347410690053448
510,0.4030557913549648,1.6564093333113525,8.516838224746168,96.5781876815478,True,5.616366280351797,3.0402704000151157,0.5413233838845496,0.607757351001466
511,0.32054661459103495,2.2164682404145006,5.487775311194865,136.28538554955898,True,6.059001291330999,0.42466404736403,0.07008812623486714,0.37800707297530645
512,0.4002625268251774,1.2779977856271794,4.260061762761218,104.08926962946458,True,6.056476464233315,3.8207918205409492,0.6308605082682543,0.5029991237146052
513,0.3773715368258205,1.9803680090337115,8.133380493686403,85.07840906737601,True,4.96099314743467,2.183574828477896,0.4401487290114527,0.7023328085496665
514,0.31816686611160805,2.254393842372643,4.004345393439268,54.45267253287501,True,3.2378321194431146,2.1527491374155288,0.6648736123433686,0.6214813467816489
515,0.41345463959134265,2.3768006429400437,9.107479680467177,87.88591842052595,True,5.098567043147954,1.2557813129830844,0.24630083361770228,0.7265021527634916
516,0.41783398931475324,1.4440524208605625,5.4924879350318445,129.87629891816889,True,6.059051440960016,2.684376813132522,0.4430358182777205,0.5738560329342661
517,0.4437729989708349,2.024871591070222,11.365702346040955,58.30482864404508,True,3.3031742568907054,2.359857475811478,0.7144211271593113,0.47680099637491047
518,0.28125124357324655,1.1906083934774365,5.083050552655637,121.5261174519023,True,6.058991464915832,2.4804700057282445,0.40938661493273815,0.5984603099044992
519,0.39857699519935474,1.462610137528933,2.498492996816399,64.80360186799686,True,3.868015004886441,3.7222272052570133,0.9623094017357082,0.4300398205975102
520,0.38341169379465767,1.9620998624270611,2.2365998253229606,66.55184053435553,True,3.9731137144824746,3.2107213739319285,0.8081121268259867,0.5060009133325276
521,0.3489626409160455,1.860052393428858,2.388223910829394,93.3643012706579,True,5.537926147528931,1.8885752389905812,0.3410257176927647,0.6321496061557377
522,0.28826907610123614,1.2104001180526462,5.173193505505736,112.87163197764323,True,6.058628976120237,2.851120844073403,0.4705884541388727,0.5949921773099542
523,0.4496113841968205,1.4288396268840415,3.6154995436092814,89.7195807366785,True,5.314400917962551,4.10463032091498,0.7723599299859792,0.4480639131246864
524,0.30490168675290935,2.2963790498320193,7.529380309727795,117.2192690100328,True,6.058676766640966,0.3914066159543257,0.06460265682259334,0.3500699535119134
525,0.37513649557582157,2.2434019361399677,3.94096527887823,82.7178391720341,True,4.9006671144639435,1.4485333383952919,0.2955788068363298,0.6822791256386722
526,0.4371984447714653,2.158967230605983,2.091432066950463,134.5103236419228,True,6.05910374001705,1.2607787610383754,0.20808007506318543,0.7084157157888518
527,0.4258309692477129,2.329627857586568,3.507404163825428,129.40100375855758,True,6.059048041661713,0.8475360675705697,0.13987941038640953,0.6543746502273131
528,0.41496487743849486,2.392290167935754,10.934929376332615,64.62825492188956,True,3.688807193291616,2.3921180581165524,0.6484801001437012,0.6303801309432773
529,0.37857751118638516,1.3127203298437073,7.369458752792626,72.98418879732742,True,4.274024053018036,3.7625458820577005,0.8803286634292189,0.45409053635961705
530,0.30437171797566853,2.282475392500377,4.998603225939032,97.96131762185779,True,5.759819219095981,0.4837409397449818,0.08398543797020529,0.4051840257114616
531,0.43279781722116806,1.771461124196983,5.1533049612969855,71.27024342524112,True,4.214784124378684,3.833319818578846,0.9094937499661216,0.46889666001494934
532,0.316032372841392,1.4229810962896554,8.958989428499219,85.51595077576626,True,4.966753900425443,3.282447682333012,0.6608838988482686,0.5471158307141128
533,0.3349107811699282,1.5070536053687071,2.4924789032223114,131.38106792649,True,6.059091049827623,1.7480474132738655,0.2884999414761388,0.647305998496857
534,0.303178260566632,1.2941695454210218,8.441176216560336,98.20200774390878,True,5.711127893939031,3.1316264453426648,0.5483376494975927,0.594314851923043
535,0.44516388211093827,1.475924238063831,2.251165622159464,100.6787120572042,True,5.958830909380316,3.7862142282623545,0.6353954803956837,0.48413632009388685
536,0.3000337809320877,1.6480530683169954,8.759528292486802,93.51525788693765,True,5.433005344587688,1.8175063432848093,0.3345305642107261,0.7254685074072387
537,0.4470445422889565,1.9884300468210068,2.746718851759475,80.86846192650823,True,4.808886140858954,3.265782745286705,0.6791141752221601,0.5294350311483353
538,0.4169545341092973,2.2474005828087558,6.596987948734543,134.24644128236375,True,6.059030540434109,0.754166888790375,0.12446989394714975,0.5943139410179117
539,0.37289667992118175,1.9650430571184694,5.3579291123920365,57.60308939212273,True,3.4056477223502415,3.0891896807752177,0.9070784569119686,0.4988295182533933
540,0.2913519016325565,1.3103010899079155,2.383036324939491,94.84587038156035,True,5.624664902638496,3.2006202263793107,0.5690330502849902,0.5471665902651499
541,0.33152025000265356,2.409797244272104,4.490531284356418,100.78583130658342,True,5.926822275227729,0.4921565019759293,0.08303884933971956,0.41527558040358725
542,0.34295713634374103,1.4548731159629988,6.387911283568186,99.17341824591252,True,5.811641439283504,3.009719146969854,0.5178776389447921,0.6078532120150664
543,0.33971227225739237,2.3986361487001906,5.678240350284885,120.57953944012816,True,6.058854634789279,0.434941758753271,0.07178613532925565,0.38275389986534547
544,0.34592486029922687,1.408132065729212,9.928716391192324,127.8963602789526,True,6.058975198760276,1.9659977915983557,0.32447694983148595,0.6629489183253847
545,0.33118829862822763,1.7965243052305018,7.055809317225849,107.77360532333668,True,6.057895974061472,1.1898190499023464,0.19640796986228884,0.6852004968817789
546,0.39300525089229604,2.385122516109103,3.3759088632368632,50.10871270328675,True,2.988169098582951,2.8008658017546186,0.9373183743459648,0.5139010855296071
547,0.34032760680827967,1.1890528007709946,11.854424069733428,111.0846261918438,True,6.05803325525141,3.323439033000091,0.5486003283523024,0.5737142181045005
548,0.44415871155285336,1.9472058635970007,9.072010719833969,134.92328444530415,True,6.0590213007353855,1.3960155695485517,0.23040281594308254,0.6842373996688536
549,0.2960592601782745,1.74811581777167,7.973707214109256,97.85016839968085,True,5.699747809031862,1.1795075016296805,0.20694029650936913,0.70598684869069
550,0.2843249124237983,1.748547211426997,2.1255263570914265,100.34663115110558,True,5.937735153537078,1.2557287241317767,0.21148277780354444,0.6677128053448791
551,0.331822522399829,1.2163092737690102,11.006409688316829,57.45008047931779,True,3.2643107911752534,2.3814681239815756,0.729546993631747,0.43909377633078606
552,0.3938867152376333,1.2399218863796477,8.860001173315428,86.06950915453504,True,5.0021765778041045,4.150437473555609,0.8297263019406647,0.453973465899177
553,0.43054583480132236,1.4151382179965282,5.55038821180727,79.24605082777528,True,4.675627497595225,4.191242133618053,0.8964020627763223,0.4403690619666585
554,0.3675403083687366,1.6225527758592069,4.785262534774776,132.47083771486405,True,6.059063727629818,1.6103077282475335,0.265768409218804,0.6775078355763018
555,0.41928481098460557,2.402160662323874,7.322919191599663,101.47144796528181,True,5.918487376239295,0.9503558301094843,0.16057410782438067,0.6393300947739986
556,0.2849386380923652,1.9185600192994707,8.381473637952611,58.771977994501924,True,3.413532518320372,2.5624393070535696,0.7506708353592652,0.6154891100195101
557,0.3296367061368201,2.378759702145567,2.453304920712134,115.58050432732759,True,6.058776005938967,0.47850662038043335,0.07897744031325617,0.40683633138248343
558,0.3627820081978157,2.026037611465063,4.926257427665535,72.46056797451384,True,4.2873595860999645,2.4630430462894393,0.5744894956501582,0.6361992062256236
559,0.37663340000290624,2.4832598792733305,6.2681582791789685,103.9308272308253,True,6.051034973918593,0.5629482346499377,0.0930333797567489,0.46261569389532875
560,0.3184797661787319,2.403204526943358,5.653155608096313,71.18354528084177,True,4.198426145948375,0.7197991767345022,0.1714450014630204,0.544147887033692
561,0.3284171966902256,2.2613522803430346,4.7536905181271765,114.45678714468055,True,6.058667049597837,0.49609948746583027,0.08188261269428239,0.4233135520229574
562,0.32178700692406087,1.2014909624551229,6.0823304718363875,71.02526627566202,True,4.184737288740548,3.7958717870179446,0.9070752893451914,0.45078831155486165
563,0.41834779622371043,1.5733093603805832,7.645168986873159,93.89651089486469,True,5.4835157926576334,3.489879509725564,0.6364310128181766,0.5399403289391502
564,0.324037667205996,1.0294047455318076,4.534706406591749,121.30569055078388,True,6.059009036190298,3.6453725955370517,0.6016450171576473,0.5263073046824065
565,0.3296656429353312,1.1342599660656638,9.692708118544193,73.30582465456429,True,4.235712446249148,3.468594343987754,0.8188927808494884,0.4613069643974752
566,0.31242222922014945,1.468655077155907,2.861242402198603,66.67215453511422,True,3.974309307806153,3.759471178474974,0.9459432790222935,0.4659328656561619
567,0.44381850833368797,1.4980979786298412,2.061855259914186,110.04744023018361,True,6.058549399096354,3.577797287349085,0.5905369506243063,0.506216767255184
568,0.34462086152488763,1.8753681587489106,9.345654731068615,136.26336064119425,True,6.059009202731731,0.6671754846042603,0.11011296769502535,0.527204494019017
569,0.42819272382477225,1.083837798017652,9.910698270546092,96.95082210416585,True,5.601835624783998,4.297138788843501,0.767094766192679,0.44189958737318635
570,0.4209792810892823,2.0258589218289087,5.418304881870401,50.46333000374569,True,2.9820277013650762,2.7092055487155973,0.9085111944048709,0.45445399707081524
571,0.408417629438657,2.1181798127909963,8.690559856208862,109.5006105342689,True,6.058060907893583,1.1587395381867789,0.19127234866142642,0.6785878987359717
572,0.34551801743089405,2.193030766342427,4.2801396491143455,81.37813169809584,True,4.817452609892286,1.2219974093217392,0.2536604940985734,0.6870888773466568
573,0.4385581056296418,2.302519278635932,4.293504374279168,93.24322143715894,True,5.506712550184951,1.7660605038334434,0.32071049428104387,0.6540549952278756
574,0.4248630790413134,1.9974676185812072,9.689975713311114,59.05717272104626,True,3.3974307540254363,2.661594024627608,0.783413766851326,0.4865172252411196
575,0.4375943457306423,2.4049326227142043,3.252641799046878,129.13312796376977,True,6.0590499755211225,0.8564733452926602,0.1413543952852109,0.6587664947554681
576,0.37244292840407484,2.3955065172496672,8.01739142892907,82.20059820692865,True,4.794966444827627,0.8883923520039636,0.18527603106843019,0.6356796335579173
577,0.3860291557301965,2.275076409939624,10.67502495291338,100.44145655195527,True,5.773614336262976,0.7520867865739284,0.13026273366584498,0.5589538276476103
578,0.3957373019048238,2.352864470353175,9.673239397630372,109.34206371416533,True,6.057893854471984,0.6501456645176904,0.10732206277231944,0.5062941318705745
579,0.37076516434381174,1.174926942959934,6.012518556285853,71.19863394880022,True,4.19630959586597,3.823094453646525,0.9110611041217929,0.43779965235253737
580,0.373922229642324,2.050699766490151,8.227983632085348,129.06138752058183,True,6.058976989655483,0.7134697433459498,0.1177541595823948,0.5549639552741228
581,0.36854766798430477,2.2382604776926924,4.778955201962576,94.27108470163645,True,5.556903888212507,0.9832583657158408,0.17694356164798203,0.6531910392360158
582,0.4252162405431524,2.191376501281905,5.817097808513986,126.03304691248061,True,6.058999832325432,1.021633728366765,0.16861425262239427,0.6869109264160076
583,0.4141447251994089,2.112896064586418,4.9528580367707935,106.17396071682,True,6.057716902925117,1.4807081705432725,0.24443337222118722,0.6732776277561419
584,0.30168619990257595,2.3647228212952323,2.3121612720045315,58.27688870247467,True,3.48177873818326,1.3174014044984996,0.37837022498043626,0.6941817390132576
585,0.4324755228775105,2.2509481463781507,10.351360595540008,57.2320373014075,True,3.2707196578155333,2.446561916657655,0.7480194491177146,0.5113034722532963
586,0.4181484816503337,1.0119502012907176,11.825687260997958,56.667401141085,True,3.1918867828135764,2.2125398301115773,0.6931761621448469,0.41456777832553326
587,0.38734744105684077,1.776982182620157,6.7097185559350905,59.5915866422084,True,3.499239881704654,3.089235320303949,0.8828303930964083,0.47505766238067615
588,0.4131750502034306,2.171088795011606,2.1828687789840995,61.03420135131971,True,3.6476614707754345,3.2765204042977314,0.8982523270179443,0.4968101416915909
589,0.407798443644375,1.087374504369504,8.7400545403025,79.33324416994628,True,4.613459507757355,3.9399470227000206,0.8540114020888556,0.4389091136212535
590,0.3305893901652066,1.440211187690797,8.912611756152135,130.735114932923,True,6.059001380056308,1.6186580218301505,0.2671493073360396,0.6741018413191391
591,0.28325845681292366,1.4389860890354753,10.028683413588718,87.33116413438873,True,5.04238055362137,2.7167980654865223,0.5387927461237242,0.6221155502913307
592,0.38689884060960256,2.2678589175923816,7.762688860349282,73.97028957416553,True,4.321602879923369,1.941441148162312,0.44924098814853103,0.7204285255708318
593,0.42914903414794847,1.3275618603312587,5.258174763765576,122.71325263349297,True,6.059011883805741,3.497939681909552,0.5773119031600995,0.5407847510516928
594,0.43071587113432974,2.007548410456125,11.77433106787203,94.33877632996058,True,5.392659220325491,2.3405342998913503,0.4340222892389777,0.6838853575870112
595,0.2970129483502202,2.237321848245961,10.204246997028314,62.46461222342898,True,3.5820603989904214,1.1479608672891284,0.32047501700771797,0.7657349416554129
596,0.3466359837211972,1.9474283114887723,2.3550640683397916,58.99798038548857,True,3.5255064132831637,3.250167975736195,0.9219010249110405,0.5089049324926549
597,0.3855914139684782,1.5331961033756194,10.087039335875481,104.01097661229073,True,5.992002227423178,2.941378980457366,0.4908841600551752,0.6264149268827666
598,0.41256946762623226,1.502491798959167,10.102024053239374,139.28039399173372,True,6.059045005874516,2.0600740651999727,0.33999979587585805,0.6419238098700091
599,0.31278810251905875,1.5938578815421096,2.024380370536232,98.9800134971045,True,5.864111136361935,2.1692162126930308,0.36991389867123176,0.6060884374852646
600,0.3312893021665544,1.2506557968721221,6.896234633631897,54.18983563273422,True,3.1763862264870197,2.779827579624622,0.875154147327676,0.4352301992681533
601,0.30866150932064096,1.3455645496876905,10.112220612975621,113.57161646184079,True,6.058433095473827,2.4030312999379997,0.3966423763486423,0.6800077768974142
602,0.40951196824273817,2.4198010417230775,5.431590520474664,64.67114343140369,True,3.8212352569914034,2.3543061114318986,0.6161112711195722,0.6345488982157343
603,0.44843456243437896,2.1890969218199845,2.832564422900418,115.51517208241142,True,6.058861387471323,1.5886370104807388,0.2622005866920417,0.6635085576278317
604,0.35129488033046524,1.2613542727295466,5.299663128474335,118.0430842131811,True,6.058917695490913,3.140107770435203,0.5182621597207192,0.5719744455838338
605,0.3771444732870348,1.8931015144401873,10.406173393880307,107.86563794561948,True,6.057342605339157,1.3399735687939913,0.2212147563872136,0.7088511065489649
606,0.3072934763615327,1.5259557242719581,3.339656895714456,135.37886688224216,True,6.059092988632744,1.292460127646024,0.21330917516380155,0.7138302504138512
607,0.33740631157391543,2.056181987925445,7.405859010737553,52.57767422465721,True,3.0697723953800735,2.5842396163232246,0.8418342741671784,0.5317692024559948
608,0.295760175014902,1.5480081525110636,5.77651363169085,103.68693627869162,True,6.051790695404868,1.782891801008256,0.2946056614882613,0.669527124032387
609,0.425555060648655,1.5740017413486744,5.507814359789001,90.24097456356156,True,5.3154608514042065,3.6717788851702875,0.6907733850020359,0.5070137363009555
610,0.28892519827165125,1.0696297080069492,2.823987973602481,53.8007253008601,True,3.213636118670948,3.09361271558789,0.9626518377778579,0.4195319464813325
611,0.3958140830912328,2.02182132266162,4.6597546297613786,84.22680755946513,True,4.979174358673451,2.439671931117245,0.48997519576061216,0.6493921694513389
612,0.35551544684772446,1.1435611064865212,6.421713330191158,136.9075902786949,True,6.0590814235000074,2.875044488210306,0.47450170863515917,0.5659021345382085
613,0.33375046848771606,2.480657317633458,7.891876196826576,97.27081215518582,True,5.662960181225362,0.43188880157165954,0.07626555507197769,0.373794993792965
614,0.42895347330354455,1.136424104974935,10.598634217296372,98.57626700987038,True,5.674536635704038,4.225689704054285,0.7446757286694309,0.45205886803835194
615,0.31970579608669086,1.899490711332784,5.41454795960764,106.31334762723,True,6.057674971368079,0.9263696097860263,0.1529249446635155,0.6451057736910601
617,0.3977597341781711,1.461746056417592,8.587768749894192,99.91111512407831,True,5.804986440594574,3.4089275630002547,0.5872412619539378,0.5620915299785159
618,0.3736935177718678,1.0888601847552282,10.918158838068758,56.432732911777016,True,3.2070382945473495,2.342309565880525,0.7303653248740284,0.42274849125947567
619,0.41904784437088727,1.3771052311078456,2.3981330822837066,64.85251353588157,True,3.8719558232713323,3.7355985446808893,0.9647833588981297,0.42002331484344335
620,0.446812061961437,1.5803238698775557,10.749471249312693,131.43477625139286,True,6.058990500303716,2.566689229439564,0.4236166452663863,0.6443009417689645
621,0.3809956628959782,2.2192124929049424,8.706137470969889,67.8738782760743,True,3.941837499407968,2.237214290838733,0.567556194585582,0.6554612765269949
622,0.3176455802345756,1.4772935051855298,4.185204519683144,100.29190378662933,True,5.9117051508437,2.5787490629639076,0.43621070353887265,0.6136502134049109
623,0.33830566975243476,1.8505575229823066,7.490581668592139,92.95150363487559,True,5.4307044061208725,1.6186015097870323,0.2980463285688554,0.7123830019608155
624,0.3040930584847708,2.2875911941729177,6.860902746222277,66.71756299827236,True,3.91403840409793,0.9720010982201464,0.24833713874715133,0.7220798638996166
625,0.3257271203874129,1.0122377387826633,4.3102475186509865,117.14768822793445,True,6.05891720574563,3.7960875481044565,0.6265290346771288,0.51148037384164
626,0.44836143815808216,2.1489600061863,5.465298242937308,56.30283217738042,True,3.3271496259910167,3.028877623241683,0.9103520922475824,0.47141405034494444
627,0.2920247446978244,2.255018261941246,6.402686999696447,136.47111055848055,True,6.0589320109406,0.3637339653835862,0.060032686408560555,0.3352411626722489
628,0.28678984688294606,1.3644274353262291,10.42383633926662,112.6923511664117,True,6.058327869303278,2.0063871066614403,0.33117836306409404,0.705238758160704
629,0.4012826042544375,1.205329976011064,9.39225692970339,82.16531909518648,True,4.76133360752199,3.9785184247575676,0.8355890917772019,0.4519339900222863
630,0.349346127431799,1.5403275128187266,4.9931595336450165,60.771822832137175,True,3.5989391258494647,3.3266645725892343,0.9243458853458754,0.4619239195785845
631,0.3027874625460653,1.9058867551514236,5.375432831700935,123.12938795146597,True,6.058951401691031,0.6027256865564015,0.09947689733708426,0.4945560635797275
632,0.35413452755541647,1.3910265355620204,2.0968992667126725,53.03123543030286,True,3.174488705572212,3.0795605679246063,0.9700965583903394,0.4210576473372547
633,0.30739630787814654,1.977237638349553,3.3402095371041964,54.15864783073405,True,3.228670377815327,2.9758623706515,0.9216990347169198,0.5419302685094958
634,0.3172485754036508,2.217717038620704,9.59493801393042,114.95706194030556,True,6.05848856575613,0.42696053505693726,0.070473110648456,0.37269408967919615
635,0.3391168888398582,1.7024222580337665,4.65330141472919,80.76875782604856,True,4.7780004754984615,2.8312036816011643,0.5925498953211805,0.6002555882944902
636,0.3505051586856678,1.1624685413952298,5.360150340584751,128.42721827115048,True,6.059047760445777,3.0943791476780964,0.5107038713044303,0.5574919901155728
637,0.2992678284267517,2.437529529646807,3.7822834541188204,133.09253238843615,True,6.058873897395675,0.3634395202116839,0.05998466486782362,0.333140575390507
638,0.33077528206043894,2.111537498672069,9.218573894572529,91.50382527938353,True,5.3033553217720115,0.749494992934223,0.14132467984132618,0.5608146183141449
639,0.3474028715827446,2.48855320864545,10.607681401360017,104.44860523451834,True,5.990637593346984,0.41040218711782084,0.06850726332929916,0.3644201629167765
640,0.29167749809585297,1.0587412670436986,9.79126634142581,66.08675414728206,True,3.8092624943012603,3.057664582563967,0.8026920137791238,0.4543288654098556
641,0.34854366470347686,2.206452951061541,6.239793734837467,66.15050216649014,True,3.8938726297572757,1.9898264372313863,0.5110147728061207,0.6926123349201521
642,0.3400393253464429,1.7470033335253106,4.549920983804183,71.9799087426428,True,4.2651531796097695,3.0812678767781594,0.7224284209787919,0.5427562897435529
643,0.352186164256005,1.9736299188789896,8.177273975493886,53.887103780891714,True,3.1301707113931605,2.5752729157569663,0.8227260278116835,0.5085848162466409
644,0.4443307783796517,2.46560577531273,5.4543885523139854,73.76332180116762,True,4.355240022155213,2.3506427451061818,0.5397274853161719,0.6623813738354798
645,0.33754278852069813,2.486622850186782,4.684616297867201,97.19624173047778,True,5.721518280655488,0.48499531492790654,0.0847668907338251,0.4092170245725626
646,0.3521646689975576,1.571916057470848,6.628328203866413,99.58253031898309,True,5.82970128296031,2.688573845087049,0.46118552471041824,0.6395892182447418
647,0.39598665733633165,1.913198221837621,6.686161694836507,69.84980913622685,True,4.103680983087653,3.3286821796237214,0.8111454553465767,0.5192835890716463
648,0.37420953178359984,1.9306566922084551,7.0935230460264505,62.51390067664255,True,3.663701867327877,3.156856951182775,0.8616577072864365,0.5193751938202453
649,0.29826745756809436,1.004944858120457,5.575287476903833,122.49722008213386,True,6.059004160619717,3.5060538995227453,0.5786518389127735,0.5468416794523994
650,0.32875504772995084,2.449249452333926,6.03271627200823,75.34609427572536,True,4.435277333444013,0.6219360854724864,0.14022484699723392,0.48258100535170767
651,0.4485523155868911,1.363641882138309,5.391929005982282,55.88453514819006,True,3.3039409999466876,3.0332267489779854,0.9180632308588227,0.4265070094580703
652,0.4297983855545622,2.122486582804404,4.435566772209361,135.64313332764982,True,6.0590768967772055,1.0887495049623384,0.1796890060169791,0.7124073416598038
653,0.30401310878699417,2.496420328684679,3.8686443105688246,69.28275831004346,True,4.112600090247704,0.5811558798615271,0.14131106042613634,0.4503506505576844
654,0.3795182140255916,2.0171043353736096,10.215884661917158,78.35440326492159,True,4.51473875562298,2.269292494401326,0.5026409316762762,0.6673704398391767
655,0.39875541445659596,1.3060303028034554,6.17385831884184,57.74306790691421,True,3.40045351122609,3.061854956251672,0.9004254715270814,0.43347935144704763
656,0.3125914468787351,2.1906831286870614,7.792198130520161,96.37958289395074,True,5.6167302495368645,0.5235359068596798,0.09321008551244715,0.4272538690424197
657,0.36140547299440834,1.616319014246517,9.814587860052715,135.16265457962837,True,6.059012793814116,1.2894242720032194,0.21281095054290747,0.686348479583001
658,0.4381945402575643,2.330027386023044,7.112395121836222,110.59571331867872,True,6.058310121740369,1.1099899783151004,0.18321775478806848,0.6740063171557056
659,0.35790552586176305,1.597593041989321,4.970885320614034,64.34607276665233,True,3.8101497839070864,3.5148077093738817,0.9224854424934579,0.4715375527738903
660,0.3402040870656782,1.862680011241378,2.4821256547898614,95.63616831312703,True,5.667436434990969,1.6697065856539164,0.2946140825409323,0.6449941568229614
661,0.41155526072004167,1.527338787084068,4.041352947702004,55.99405625775072,True,3.3298263998541433,3.142574257926158,0.9437651939043467,0.4345420298624645
662,0.2967735107246902,2.1753652427372576,9.230034505686412,111.1360926715464,True,6.058125494072461,0.41388452234104234,0.0683189086700177,0.3636356527256628
663,0.36425081716688473,1.8724415651803614,6.112735649171439,114.75828729501204,True,6.058704848823363,1.2409126257079532,0.20481483364368638,0.6881568609222448
664,0.32442147379598635,1.0108259005627929,7.979470288215046,62.13984011626702,True,3.6229704783971015,3.1012000168046376,0.8559826902527483,0.43656906816478
665,0.4060685408255047,2.130702585457878,4.628029579552924,110.91893085418141,True,6.0584721468526315,1.2556149192814878,0.2072494333301141,0.6901970205721355
666,0.33342321312158474,1.163645637278987,3.2205241794111314,60.93184485055801,True,3.631872611882899,3.475367482121931,0.9569078691667465,0.4272819427912897
667,0.3747261402378446,1.9821495449740807,3.0219285907476423,86.33987259408913,True,5.123876537521225,2.132841366127103,0.4162554172624359,0.6374733997739783
668,0.36964111519022746,1.6693960894656779,4.557090004356217,100.91745575550357,True,5.940917294499006,2.475507194595164,0.416687705261839,0.6182855406431611
669,0.28471986772166324,1.8513866235175316,5.841271760043811,118.51963796776184,True,6.058852769241144,0.5979708054778065,0.09869373431774293,0.48507766498256144
670,0.3277869509450112,1.4141097619982466,2.234232538973129,75.66877928922212,True,4.50989148015251,3.7947301225710524,0.8414238212318862,0.46070610174367754
671,0.42337074848054407,2.119945620758555,4.133806073353206,54.469786841412215,True,3.2380399014120282,3.0303448334985466,0.9358577799418373,0.4716804750215591
672,0.3047983144042351,1.7428666421774275,10.270256767660419,109.47284116076946,True,6.057867534591105,0.88410730372873,0.1459436507451472,0.6223772337844515
673,0.39748056222869316,1.455259791564097,10.005625745755975,111.91253602866246,True,6.058295110301405,3.0760345188554536,0.5077393000590258,0.6177332112796488
674,0.39782532905133955,1.8114758879536748,3.6380334905815035,129.79081699820068,True,6.059064338447749,1.549982102713875,0.25581212149844235,0.684161121455146
675,0.3694464560619154,1.3761004446794967,2.308060679874587,126.86844663740884,True,6.059081401040968,2.598471484797733,0.4288556817129586,0.5508783735948928
676,0.32260968753566444,1.3813986960102882,8.470537578313952,110.01965233919816,True,6.058182444392788,2.606079085641852,0.43017507471303296,0.6537109189695647
677,0.29545551672172155,1.8770178971767497,6.540140028286491,83.01887345420118,True,4.874903882313067,1.4032653632235252,0.28785498075455335,0.7331182305168262
678,0.39914877801779064,1.1941453758640284,7.345697182223632,123.11481211068148,True,6.058982771673924,3.592931063986493,0.5929924542422603,0.5499263437994242
679,0.31336222982522843,1.6240068456414984,2.22993929549539,99.87995812592702,True,5.912459642573739,2.0119248587537584,0.34028559692256133,0.618054862312936
680,0.3590914554313701,1.4801444144676923,2.6732235923022363,81.52653463884954,True,4.848352638658479,3.6539966353430384,0.7536573569768402,0.48101313880642715
681,0.35682572527164913,1.7561943885762732,8.871076455454059,93.10385015056495,True,5.407039497484519,2.2898576248325275,0.4234956348844544,0.6950648592878372
682,0.338106556148711,1.213830321253478,4.369986463631621,51.11155584182198,True,3.036159578431229,2.8433370114220384,0.9364912936793588,0.4229975858648021
683,0.3677578214057705,1.460999429605255,9.988639774054112,132.37429831317934,True,6.059001151681786,1.8824895587023285,0.3106930518043901,0.6598637522869417
684,0.37263457053581067,2.41635278106928,9.266466520393434,124.58411172713171,True,6.058883627725022,0.45501174969048813,0.07509828173764332,0.39529609532336174
685,0.42143208570687707,2.467866693539376,10.944125110812562,92.4455834599725,True,5.3086712747703615,0.9352103599727378,0.17616656062645214,0.6578328261040993
686,0.3642043519655841,1.738162928988958,7.658968635482974,119.4266002053337,True,6.058882556626937,1.410344215667654,0.232772991139279,0.6830406176131967
687,0.4349127528030715,2.205975297988976,2.488873513306088,129.9774194486517,True,6.05907443685706,1.1828292761465224,0.19521616518711646,0.7122413122184716
688,0.43190882240434403,1.9959394109770465,9.23558961145281,91.72411172581761,True,5.318313427379983,2.58819639022277,0.48665736338480914,0.6600444834987766
689,0.42765607683486495,2.2264761785840657,11.241629234663531,97.90137080449948,True,5.613251246180363,1.4582802261768115,0.25979243796883744,0.7436332681232756
690,0.38228451308591826,1.826560667751575,9.294497389992916,88.55079059849692,True,5.1333245778906464,2.5412263243643807,0.4950449335133617,0.6580519341041207
691,0.3709438413272444,1.270791396121042,11.397773672670002,58.51960949881957,True,3.3151273494297855,2.3784212757331558,0.7174449199190653,0.43772935450727246
692,0.41584350479451715,1.2625067498139426,11.959191087711039,68.99902193274268,True,3.9137237348214198,2.860989250543752,0.731014615336485,0.45328796242888236
693,0.3565095690536584,1.8564633434673619,6.066229547199073,89.17903736054615,True,5.242568644161865,2.121054946046938,0.4045831518885212,0.6784484625328266
694,0.448924869272725,2.1088644638529708,7.638701288739567,94.72391503870982,True,5.5302696621530885,2.463066583878994,0.44537911066710145,0.6710369446587507
695,0.3618450594851874,1.1251725078567185,6.321811049799327,70.23418651168703,True,4.133991426432692,3.741960284729503,0.9051688546820522,0.4375000999381351
696,0.3659165861577525,1.6774810861804705,7.5815657521711675,64.96073742684393,True,3.797675964379758,3.2740266926493042,0.862113230132846,0.49074166664255037
697,0.2955605285855664,2.208710939326419,11.640820685143654,63.13661872664305,True,3.577307638500779,1.1236357751044972,0.314100963252745,0.7687861173053405
698,0.29277211435700673,1.4192586644396261,4.360767008918561,52.22391508763105,True,3.1020814051507415,2.9001747895841126,0.934912534780235,0.44758210166013557
699,0.4028567248845322,1.0709850328379222,4.84660257390871,50.73033220775684,True,3.0069573952299886,2.787333481334448,0.926961414802905,0.41287932874875155
700,0.388545150579105,2.4628806528122498,4.119693479671133,60.548186392217104,True,3.5971964063159536,2.174439667002922,0.6044817745244722,0.6444744159464744
701,0.32996988294725155,1.932816426217333,11.318356100443472,96.99210365570832,True,5.557752900118418,0.9518609632242455,0.17126723341801764,0.6780109405365264
702,0.38784937630947036,1.7701256852898684,3.034775178787506,74.84570420286408,True,4.453033121896482,3.416410034076987,0.7672096614951716,0.5031904704096126
703,0.2859760520389298,2.0889700401507865,8.83485853847181,123.27985965665862,True,6.058836224446832,0.40132613264202377,0.06623815494842239,0.35620369913625805
704,0.3421959845758906,2.065302455237176,3.3078269791215953,68.04845093469604,True,4.049634647847539,2.304641594799225,0.5690986459788879,0.6356191631187365
705,0.35834553623372833,2.305990640973671,10.394729728441908,106.4769862759615,True,6.055763812227461,0.5183252207626807,0.08559204698771562,0.42929033378765835
706,0.2863766356152278,1.7134456940282377,7.612673937642182,51.385100295230274,True,2.994843102339346,2.5152040164687794,0.8398450037346169,0.4924879290430084
707,0.41805593611107894,1.5079477344271397,11.798890229802197,120.44969531176292,True,6.058813751653858,2.8366598286667823,0.4681873292263633,0.6484576884475861
708,0.3502556620902856,1.1456301920875205,10.181580776578329,91.9560574605407,True,5.306522620747309,4.057181654245424,0.7645650351857084,0.4697089286946907
709,0.33842476466908217,1.585547147440463,8.508141443700852,124.92294519715534,True,6.058961084933972,1.398960841287981,0.23089120753169953,0.6854042031092407
710,0.289198110003456,2.4134252513386225,8.052808808214563,122.12395896807799,True,6.058691307196866,0.33322886781446975,0.055000139620686915,0.3181262849580855
711,0.38138719868107596,2.4508091335528235,4.2088372349239815,81.45211060167955,True,4.822573105618719,1.0475152105772496,0.21721085147611402,0.6602187432925919
712,0.31444476186964165,1.8779676479241951,4.843098822080503,56.82059067733179,True,3.3671047856471716,3.0538823833346274,0.9069757485280217,0.5275663589617059
713,0.31342072119001035,2.187759372328045,8.836209818943711,69.62272048216492,True,4.040168110895417,1.1778012266125046,0.2915228263487952,0.7642755680729163
714,0.4320088262033464,1.0274262391891171,7.546261051384266,120.04439461836118,True,6.058931109972233,4.070482001026047,0.6718151976223247,0.49519893222208644
715,0.32433477368195585,1.8201060376273204,7.128411388325953,66.3753087402674,True,3.890172848420332,2.945942740935522,0.7572781096685125,0.5589009001844016
716,0.4211497375795303,1.056157107339153,4.7679477926322225,126.1149379825454,True,6.059050192104214,3.959588641975462,0.653499891308931,0.4922870135567079
717,0.31247588954959754,1.348722833251716,8.416892707967492,67.21440191660075,True,3.9111183960285016,3.305431657813699,0.8451372019753123,0.478079873036672
718,0.31544327780410264,2.340812838868046,5.949407573738226,124.2852442634421,True,6.058874730227477,0.3981968625252357,0.06572125687607434,0.35701021751850126
719,0.37840666152930585,1.3986990202484635,11.057354803032556,103.68495545027332,True,5.94721089217531,3.2327707503266323,0.5435776213317,0.5787441551110235
720,0.3303062411043466,1.9351798252107935,8.027251633003686,138.77019163083196,True,6.059027710330838,0.5592835334958302,0.09230582202854654,0.46952148454637754
721,0.4394983861924371,1.463333632523369,3.359878853229562,68.27263848944284,True,4.063469437011721,3.869550552705702,0.9522775088352512,0.4291764738890844
722,0.408000793809699,1.3666548559390286,2.079267265867449,67.3708425564203,True,4.023512554559767,3.8859013691743463,0.9657982463036013,0.41664319205700995
723,0.2819024988795856,1.495292282536222,2.1100665089924076,114.03102025538264,True,6.05879858377934,1.66566256417637,0.2749163123916504,0.6381687023558036
724,0.31383216742413395,1.1730969901400845,10.72688464248219,81.88609623956137,True,4.706504637448473,3.7346191170380076,0.7935016333188292,0.4843512691437799
725,0.28634236409585445,1.9083015675036403,11.779253861357798,108.05013189450156,True,6.056803553938483,0.5087807481832931,0.08400152715081118,0.42200840832106756
726,0.4170727743698072,1.7937634188220835,9.880160466342584,113.62740795273295,True,6.058448511029633,2.086727770527634,0.344432698689882,0.68215686717028
727,0.3710415565291514,1.6325741414609842,2.7214780156051126,117.04328671172512,True,6.05893675586425,2.061428637997736,0.34022943646053827,0.6058340838755383
728,0.4117046620683794,1.6107448647139562,11.562718763463062,121.81302566698523,True,6.058863402723714,2.3723176396211385,0.39154499481778743,0.6835819422947673
729,0.34066924987861774,1.971359205406755,11.384827645035838,127.27810120647017,True,6.058914187329403,0.5734573270025832,0.09464688049251724,0.4658041216744384
730,0.44566505184689625,2.25399438775292,10.4341947715859,70.4896635064598,True,4.048628155867905,2.945696859175254,0.7275790084366947,0.569267729516592
731,0.3949149007790603,1.765307657512108,9.546579999482194,77.55853341433487,True,4.487835022483037,3.355742943809671,0.7477420464429193,0.5297379945635181
732,0.3381939593002432,1.79972703827801,2.732028527859931,79.69065632725577,True,4.73957635481731,2.5866800426086893,0.5457618675094421,0.6096873689829687
733,0.43439713347879527,1.109588569587146,11.081665833571547,89.44376938216728,True,5.134513178407585,4.090163369821204,0.7966019810839643,0.4475637195886075
734,0.31499266535125614,2.370935585342922,7.698776864336205,109.1294965961111,True,6.0579465516700886,0.4012358637898914,0.06623298181448571,0.35550834351719285
735,0.3680611367970104,1.7355831383109035,10.065925620286574,115.06241098031877,True,6.058548017358872,1.4902473272268448,0.2459743362530111,0.6973005122044054
736,0.35452089390228353,1.2696862920105787,11.768377971679293,119.0390742134258,True,6.058751170752666,2.9908157364904926,0.49363567708936784,0.629331821745633
737,0.44320359606031867,2.068093529137262,4.689232110665261,63.96004900956428,True,3.7914982092768104,3.4920912769158208,0.9210320259077484,0.4837938815381633
738,0.3094824245123691,2.2293149641700785,9.242410607121656,96.64986285103745,True,5.595302616297455,0.46722378952513843,0.08350286330613366,0.39529815297065163
739,0.3303916528327266,1.8617411431838657,11.678760265041696,117.50386909715235,True,6.058619014553399,0.7034919689519858,0.11611424439498984,0.5320607412027627
740,0.42562223271365685,1.207022654719187,9.839496192394394,65.90335195654225,True,3.797229185470694,3.044239667082956,0.8017002710110585,0.4422100067621284
741,0.4020381422097074,2.117092793720671,7.738397725572182,81.84724405023906,True,4.782384062548587,2.2686223178812717,0.4743705834182412,0.6894987247366751
742,0.4491012231493279,1.016362511378598,4.03265433281514,96.72571344807301,True,5.713371937099175,4.400409180121656,0.770194769142906,0.4165667293206825
743,0.3417841045237795,1.5025520542968422,6.712471376502729,137.4431212412652,True,6.059067219221213,1.5052202832462886,0.2484244238900783,0.6866062878094619
744,0.37939441803839724,1.222967499294083,4.811419345295036,111.20562050463224,True,6.058524722273141,3.69118326730657,0.6092544697781886,0.5260679074340273
745,0.390022843538021,1.6987913371362091,6.229502451785673,74.67771872212475,True,4.3958057986135035,3.6199707573781947,0.8235056149477719,0.4952132490950354
746,0.3169693600116795,1.9733190299112329,8.994696464076991,55.105300058494706,True,3.181956742207117,2.5020647497415633,0.7863289643611067,0.5594531261513969
747,0.40340637125937984,1.834292194510425,3.766045674345684,98.74301536756528,True,5.830248885765591,2.475387219330327,0.4245765948987056,0.61018379325726
748,0.4033086888018083,1.409838284100479,11.387184946199568,124.36372007680306,True,6.058924124417379,2.881676183573977,0.47560856092600046,0.6418372524557543
749,0.3277143153192289,2.4765924346571326,11.355103783802065,111.33058640778091,True,6.057912672595032,0.359007232834559,0.059262530220788215,0.3361516373708304
750,0.3697745162029977,1.1263044280097867,7.313775726264031,110.22144462497027,True,6.058304474684962,3.8184271239242853,0.6302798315733128,0.5217002701296076
751,0.3802928191238675,2.0854191866241636,11.902050073888786,129.37501623567215,True,6.058928333836856,0.6309215166460201,0.10413087626776484,0.499583428969518
752,0.35887324202713716,1.1186868727499226,11.823535320467482,63.324981416715474,True,3.5846262942250626,2.574195636038065,0.7181210605370967,0.44210816354750415
753,0.31980022379321243,2.1529763573164615,3.9686069697368325,87.58809749664402,True,5.1820505305998985,0.848584751607777,0.16375462697573134,0.603051169702777
754,0.36245440744681623,2.322181330124222,6.823369186789982,76.31443974805423,True,4.47819139750123,1.2289559718680556,0.2744313189815416,0.7327417948998871
755,0.33674657373857597,2.0134432505088595,3.4426287870928727,137.1393171227246,True,6.059071835127007,0.5916243323279128,0.09764273281891392,0.4960757901229642
756,0.41010829683451333,2.2928940330496848,11.13366533175531,138.79131438644413,True,6.058994314393905,0.567524648850223,0.09366647654743572,0.4709537062386939
757,0.375063794558217,2.067716508495102,10.531050470091323,104.94209941553953,True,6.023373503671623,0.9390538344577573,0.15590164446640162,0.6421143581645556
758,0.2993584192575266,1.149077422634457,9.31007317718916,84.34822556379233,True,4.890230483307297,3.971616460728827,0.8121532255556991,0.47826382610052987
759,0.419687488195407,1.167996261276029,4.094078449989551,111.03640064181621,True,6.05854707101582,3.988158210935041,0.6582697409440705,0.48441931609953537
760,0.3469477238572491,1.6795567897122408,2.1761763789042914,88.49986771672381,True,5.259190599956901,2.748056665269115,0.5225246381623125,0.5853301689571264
761,0.36187629122690923,1.6487684467571304,4.742695095876493,139.97108633504502,True,6.05910426610307,1.3503228780713539,0.22285849834695415,0.7120837013934502
762,0.4493269135077198,2.164563494003473,6.165567210431669,55.84561048819521,True,3.2880197985488575,2.935944725568444,0.8929218512808836,0.47278287957558307
763,0.2960948819055001,2.3029128713837084,6.181926968903738,70.00270093381313,True,4.1195722765719,0.7215665692156329,0.1751557008282627,0.55677171862764
764,0.33851252549650634,2.174386252218415,7.608922146448348,139.35785452952197,True,6.059020509542087,0.4503268444823056,0.07432337351773369,0.39646372370020355
765,0.2885341887560465,2.1156685741946912,2.653777620787571,67.9602735800535,True,4.050450363286652,1.3744985928755324,0.3393446332126447,0.6991399179105748
766,0.32629321664357513,2.3691654762105774,8.312951494617256,132.61181256701252,True,6.0589193666912005,0.3725861082183309,0.06149382186312237,0.34132810179860007
767,0.30016781170368845,2.0879136563032983,8.849918714450537,91.26661938339382,True,5.2981906177585225,0.5825885626783955,0.10995990984651817,0.46364773888702127
768,0.3876256600930144,1.5724573304844311,10.975654540647408,111.47419367358775,True,6.05816243089813,2.588504195670224,0.42727546928557264,0.6724837465731852
769,0.3951463133749573,1.4592917809911874,9.316955960953972,63.66797151490352,True,3.679682999155908,2.990961101824828,0.8128311874992853,0.45836055825560296
770,0.301826134058627,1.1956645695588857,6.601703429020418,109.9048586454036,True,6.058304648979063,3.180340536046984,0.5249555313437284,0.5917285000413948
771,0.3573703189967411,1.7842627934671114,10.673973700747675,124.18458736196953,True,6.058910023742316,1.0032829711499054,0.16558802940107414,0.6546804221881684
772,0.3819535208558796,1.5235606846540235,6.18562588422863,81.18877737509142,True,4.777244535372928,3.7690260456065556,0.788953970787751,0.4860151252301934
773,0.34053272769726345,2.3942765640966726,9.427672500014156,111.87286369261551,True,6.058207490158896,0.4204699020916969,0.06940500185487518,0.3693513231093988
774,0.4210928972272674,1.3867072928936708,2.743711564543635,95.53235267338874,True,5.660921899717031,3.8796928426633377,0.6853464703085322,0.47118214380517953
775,0.4080989776791668,1.334353435308692,8.205203103638425,70.35076225218555,True,4.100688131177777,3.5222125579940404,0.8589320731841195,0.45169453340259436
776,0.44000051961786935,2.028492985779933,7.9383426283817045,75.08091078328738,True,4.383522844835942,3.319433399690378,0.7572524467622825,0.5260836481631705
777,0.42048913116994613,1.606046720925598,5.078491033300197,58.17851660694679,True,3.4444853631989125,3.18406896575451,0.9243961375981716,0.44337610715110776
778,0.3035695511621535,2.2827576634614504,7.1427435054082835,92.09153991943892,True,5.383879265978205,0.47227383534882855,0.08771998999554467,0.39531256127898784
779,0.40621144308890034,2.4229950037694485,2.993646946524024,138.23272238104954,True,6.059081543797789,0.5731696915343912,0.09459679447970139,0.4850275307594507
780,0.42023621470552974,2.0535007171487227,6.553343744698443,130.6645619444734,True,6.05902253631035,1.1201204090263461,0.18486817012376472,0.6950995798979811
781,0.3201038143421034,1.3171052443478808,4.257291307141684,82.12420051678984,True,4.863542055275985,3.8028976242369015,0.7819193462327536,0.47904446864932115
782,0.38262144375432094,1.933042039655603,9.832866021891679,115.38945026090822,True,6.058577664910716,1.115427336062615,0.18410712839794102,0.6749330618162941
783,0.29393164308975434,1.749967781779468,8.55639315561243,125.07075402921583,True,6.058933388299116,0.6467093298143545,0.1067364977247094,0.507718831132776
784,0.43692334004951794,1.6074573867412,5.611115464725216,79.41305575702415,True,4.684174727711616,3.995606610941294,0.8530011887266401,0.46114063361801616
785,0.441559216301222,1.8721202320589925,7.370019921224488,56.20713513848065,True,3.2858127558706225,2.8319055577335086,0.8618584709898222,0.45543465054622656
786,0.42289970431875834,2.424520379173382,2.5813245977786905,109.41297272960352,True,6.05842389841763,1.0129237286801063,0.1671926140633155,0.6834237795413194
787,0.3558320330687688,2.387362155947608,10.209995876915826,71.43806621799305,True,4.109310004051233,1.0601036145358353,0.25797606252405253,0.756325801987519
788,0.3829049220156575,1.6891571595016621,10.584069306229479,55.745071280939335,True,3.1762402713010065,2.3466783121844688,0.7388226682307178,0.4603390971395749
789,0.40086403016347466,2.1347073150984035,2.0554198687258376,106.28095537627908,True,6.058034418738671,1.424395596240185,0.2351250418509103,0.6628783005042518
790,0.37843151039071476,1.741026724743752,5.669287143588365,128.76282840636966,True,6.059028805205792,1.4531570835833785,0.23983333473094828,0.6892935446684287
791,0.44807893158442424,2.4904820146951714,10.039519044999928,86.71151479646144,True,5.0052806939952195,1.5994845613341901,0.3195594131719874,0.7580831813726667
792,0.3921084857137767,1.9422968993460872,3.6700670446207546,65.0447606958054,True,3.868994242539511,3.4286609314381056,0.8861892048688133,0.49884090729827557
793,0.30033958526952315,1.5565115612188425,2.901609942229141,91.26319182923172,True,5.411147728136801,2.449853026973551,0.45274184887521063,0.6152677263743578
794,0.31707130452392723,1.223976491282216,10.359978181892426,82.60217446200977,True,4.759104712516651,3.798330690837244,0.7981187471768525,0.489895092508164
795,0.39475535372492554,2.051307001984604,2.4225424341347357,73.93218004004979,True,4.405521534198229,2.771296928374473,0.6290508188104516,0.5773454868569878
796,0.4201600961229084,2.151939591289965,5.1613649454701935,66.2511166488166,True,3.9190952289886716,3.1746325719773316,0.8100422129310061,0.5267669397614885
797,0.3037028195986636,1.1257837610741421,9.034024852661776,128.07379149003833,True,6.058993789641622,2.787645900079479,0.4600839672166693,0.621848472278117
798,0.3941929583335596,1.7082250583723968,4.191760612595575,62.9425375903714,True,3.7385394432257857,3.5036047286525553,0.9371586904081136,0.4627456478695007
799,0.35985282412909514,1.944929425520023,10.299228481406386,136.31306924212012,True,6.058995388893695,0.6518025496106415,0.10757601017578153,0.5163082467924003
800,0.3919652718414353,2.116057945678131,6.945416598577503,84.30577733223015,True,4.942416004327492,2.0081372094623315,0.4063067956448915,0.7062800975087762
801,0.32582109971491047,2.2446874719226884,9.464981918776076,109.21718429978692,True,6.057834295523962,0.45349526672548,0.07486095601204551,0.388628065357691
802,0.35963569357731545,1.5496784849101128,4.903241488045749,105.90344281368007,True,6.057655683244944,2.574892037142502,0.42506411255173765,0.6107390616244563
803,0.36161779485143897,1.6175573400442416,8.894267819127215,122.23634442790333,True,6.058924209056361,1.6125159969881973,0.2661389945393188,0.6766777742560555
804,0.35519484183687333,1.617240254988496,6.698597056897336,134.67512297506363,True,6.059048504992739,1.3741269593027556,0.22678923236386972,0.6945415258122258
805,0.3472966891295065,1.9256410973851095,3.436200368012029,124.66870015863142,True,6.059018585595196,0.9084278028083231,0.1499298590976488,0.6739534088153194
807,0.3691949120159261,1.3446373662692472,5.3078032496907195,78.74995445764375,True,4.650611184439486,4.085395316662302,0.8784641748447292,0.45243955620702625
808,0.35849594413655317,1.1431750511432708,6.134178733063728,80.81903541585763,True,4.757080963855278,4.237986669459172,0.8908796595348639,0.4361684398747294
809,0.44813390079627907,1.793286351482167,9.48822397838202,96.33550637271668,True,5.5772271125469794,3.127260391952646,0.5607195706478062,0.5909390617097854
810,0.3599936487121599,1.9408277755664987,9.600404200505334,102.99650337923774,True,5.948207382671816,1.1585702895234384,0.19477637798886424,0.6958670765355444
811,0.36363023905267333,2.3503328361604567,7.033272315041049,118.67891419249293,True,6.058818218789256,0.5064654044041681,0.08359145069471584,0.430670516543882
812,0.4322452490102425,1.5606455698668198,4.515143204879573,84.85011441471451,True,5.018753106447938,3.9381768683591645,0.7846922900629476,0.46828601275627024
813,0.3064969717665622,1.2411332683634917,11.174813448537986,67.64881994778816,True,3.85981450571321,2.9112868689646287,0.7542556422479391,0.47487785767323487
814,0.4244063780206774,2.268768438633623,6.972173417264975,116.8230661193459,True,6.058786013891246,0.9800175373481734,0.1617514688753232,0.660111747525495
815,0.3641432580635696,1.9152279127317902,2.9396411145346963,129.67353127101887,True,6.059062105186166,1.0271540699226538,0.16952360812467596,0.7043262617528465
816,0.3801012108711593,1.6508289404440326,10.684056105510683,64.72564649178203,True,3.7029177452395716,2.8223005962087946,0.762182902884384,0.487796623500091
817,0.30703411891358223,1.4363948651933476,8.185201593904129,83.72323568734362,True,4.88179915130359,3.2184935076249177,0.6592842941450144,0.5528584790878908
818,0.29023045886554416,1.937717555216393,4.1364794055482275,103.37810850013165,True,6.053078049682626,0.7118452700807522,0.11760054376270193,0.5478500235641093
819,0.3083489051646355,1.454099981059364,2.978380864987683,83.25026340827975,True,4.945221546580544,3.2359407129538256,0.6543570763156953,0.5376681248183091
820,0.4292885055837713,1.6652247925231103,8.293621824744584,54.90075965609992,True,3.1878328622281176,2.6432419612133597,0.8291657923890906,0.44296788391993536
821,0.44454378819162754,1.064020951815327,5.821857616848975,54.526052528915194,True,3.2164324779135525,2.9181583010874714,0.9072655251200651,0.4174596496366374
822,0.3853923353819984,2.4321749695626553,6.833236275640709,110.85257933812147,True,6.058312061494308,0.5834925832178004,0.09631273154883994,0.47807576774746474
823,0.4132307827383031,1.4728813256744973,6.692565089588475,73.22151664007328,True,4.301908818658548,3.8432083553693888,0.8933728066713895,0.45526688370404855
824,0.3334857149911552,1.736127265329655,6.872603886935555,124.33880844044128,True,6.0589700975387535,1.0390777791161525,0.17149412563337155,0.6775891062802755
825,0.38497988671261785,1.8622606195211744,4.488720304590596,91.40002659835756,True,5.397976822615467,2.4668638367549627,0.4569978563857004,0.635995073082877
826,0.3105389113779221,2.0597144771700258,11.744690572614873,57.73885242962179,True,3.2566031619534983,2.1519006069254196,0.6607807276200597,0.6516573923409434
827,0.2936340323935414,1.2459463266249535,11.680333058215776,59.40783920569898,True,3.3582494145094626,2.3773996717181842,0.7079282621018337,0.45612435655550865
828,0.43541858540432643,1.178787520801453,9.888540527992374,94.68212123559164,True,5.472187999948928,4.247620455647345,0.7762197599364254,0.4473243766895014
829,0.30679731586215875,2.0874236605084384,10.969572211794908,100.1159949600858,True,5.743787422076105,0.5048671181029031,0.08789794625101528,0.41991917085956576
830,0.4295139404189138,1.9889244732881828,2.7064615954495994,53.33893929808601,True,3.187128784668158,3.061433021627929,0.9605614421215437,0.44708503809885247
831,0.3289086338791771,2.0463648443476643,10.837967488981164,127.49680525617227,True,6.058905538053121,0.48583014656798046,0.08018447284195322,0.41204621319176793
832,0.3849319497686077,1.3470827229040014,5.930279271766698,61.46262631067733,True,3.6245189920887007,3.2933371983570994,0.9086273807767382,0.4416374886247274
833,0.2958927728738441,2.2470679944677836,3.9881665621937126,73.60918926425198,True,4.365925900078697,0.7962012603722063,0.18236710347233667,0.574285313615472
834,0.3970004032616973,1.2745876548384731,2.348538308864452,138.44656532264185,True,6.059143569066504,2.8485645587505086,0.47012659896246195,0.5275672831447569
835,0.3548560881889365,1.52213367020547,5.134211992433558,63.85534203792605,True,3.778748461850406,3.4833252183711765,0.9218198177354826,0.4637173340352465
836,0.3199072454034748,2.266996084310676,5.136022373994546,67.43346688161927,True,3.9875942095908528,1.2839799519251278,0.32199363436653966,0.7368594696823205
837,0.3605142227702879,1.1504554674560792,5.904835661648668,50.17477553114443,True,2.95708906805422,2.658551476919862,0.8990434226822943,0.4175819037254782
838,0.38216670857889556,1.1467532922621426,2.4375225432936567,101.55396571323544,True,6.004093976636871,4.001929511837759,0.6665334565731427,0.45804339109166037
839,0.3739623490446194,2.4531395431386303,2.71661028599068,126.19998670263965,True,6.05900181918436,0.5128633018385718,0.08464485028123189,0.4383356430680254
840,0.2921279645474958,1.6462403391584792,10.757074260891793,98.93316053894492,True,5.68683071796043,1.3867314130763808,0.24384960303051348,0.7527895527841308
841,0.3060682505073409,2.4555022615856688,5.7515297749340695,93.66586651297058,True,5.499130286802359,0.4204508315377837,0.07645769596455006,0.3639842457101139
842,0.30761352068160225,1.8036692185902434,3.555536469606447,72.9483662445753,True,4.334845109576349,2.4710662359988125,0.5700471812798666,0.622255019303191
843,0.37172731106454887,1.8496276163822019,7.597463756837691,95.34090486069846,True,5.566243807304531,2.0499687908488187,0.3682858426284999,0.6916794663613031
844,0.411834139006326,1.3345634522971828,8.347725373863328,127.71705792754578,True,6.059002550799804,3.1445100543314477,0.5189814706244618,0.5908201030823568
845,0.3300406267684168,2.1348502931699382,3.1003880521300218,81.65494254126332,True,4.8487298533507,1.2209468086268764,0.2518075548760764,0.6768024855841732
846,0.36022277238803124,2.2572360644259204,3.027255109667353,138.47249616503663,True,6.059070150676397,0.5116329511146531,0.0844408363645596,0.43912254459874145
847,0.35187266187474614,2.2882986147642703,3.1243085649925293,61.6685614894091,True,3.675192817119218,2.0939713721112976,0.5697582348217166,0.648525511477438
848,0.3349972006823867,1.8212287421720714,8.77129777322611,77.67828813368482,True,4.514579450246519,2.3964838760741887,0.5308321411739312,0.6539061517371358
849,0.3207936435695907,1.4004173724661704,4.4965402145077515,79.8508416480847,True,4.727270156049539,3.655289477290034,0.7732347330757732,0.4928284193604866
850,0.3003091496696981,1.8873741829358868,9.982382880760776,69.57917611819985,True,4.007590303886109,2.049632099636143,0.5114375333348423,0.6838611055002604
851,0.29157037077511566,1.4351406191732123,4.632420505518779,127.43367302112128,True,6.059035114463125,1.49620040457847,0.24693707435479095,0.6847776953786724
852,0.41264199208216756,1.4934243914666487,6.466705769257633,121.9489710251347,True,6.058976671588398,2.778374528673153,0.45855507939177875,0.5918351539822511
853,0.39377155029818744,1.2497092135193748,8.923502437548628,56.51455637926986,True,3.2679117322167306,2.6514204327678197,0.8113500761445828,0.4312934927455987
854,0.35440729731886955,2.182909909965983,2.6097134852272976,65.531737234168,True,3.9087548801410845,2.247179393008699,0.5749092644375766,0.6301963125184784
855,0.35192183474592886,1.379993298194284,11.376704979670148,62.04188241357335,True,3.5234536639072345,2.571209018249824,0.7297411186609886,0.4608797226836012
856,0.3110118937750139,2.1606035031860777,6.384568201627491,88.39046875300718,True,5.187937632917254,0.6573170538751865,0.1267010323533067,0.5020281847662993
857,0.4203414353704502,1.0241337901472414,2.00218735939622,72.06990806339935,True,4.301247819205419,4.153590229154033,0.9656709875231827,0.3932777713793758
858,0.32377630837298893,1.8923140737326265,10.994620258170475,125.70971265843795,True,6.058900294223343,0.5856605218589324,0.09666119153954571,0.47148601953904734
859,0.28558205322418617,2.0625082459203936,4.06996457322915,74.94816922657034,True,4.443943957672551,1.1144286227571654,0.2507746797375975,0.6973142718673682
860,0.4460675571353066,2.3888591060888555,8.034797840343035,94.3986037290586,True,5.501484534584957,1.4919982289745597,0.27119920443203044,0.7021397476846922
861,0.4027502876458472,1.019247496894302,11.096604628949402,55.23095538664691,True,3.1305113867475565,2.248499698910046,0.718253160946373,0.41380472170195715
862,0.33097211143121885,1.838633769448741,5.696540601701665,63.60983409970846,True,3.754543727352725,3.1205479460516767,0.8311390604716515,0.5355844721331575
863,0.28705491564055574,1.1589736819255578,10.56004567077947,54.95979722344234,True,3.130708846573394,2.312802922084272,0.7387473685442415,0.4370053144391468
864,0.3436703069530043,1.0143232725963114,11.834897785084285,106.5743668719594,True,6.05351452778366,4.002921408156445,0.6612557696499016,0.4878016345391081
865,0.3907166526117591,1.3879078313469995,3.204966421079183,131.66203103144596,True,6.059091928073746,2.585682122840034,0.42674416456032405,0.5609358426273459
866,0.31512613747905777,1.561905234408549,4.086901426993927,58.626443471474914,True,3.4847880368482116,3.2699087871578003,0.9383379283278426,0.4700703309963079
867,0.4094286191797405,2.362774927027268,10.472803939103828,116.35487935023903,True,6.058593935584418,0.6454955438387439,0.10654213678977624,0.5061465683774986
868,0.37625805171622956,1.3394428732473518,11.702236642177013,102.58554490597545,True,5.8662158270599996,3.424107218377247,0.5836994954366219,0.550223378087312
869,0.3196247292318338,1.9998182117351515,11.855339448700924,88.35960667073768,True,5.043133750886262,0.9154464275981535,0.1815233291080722,0.6938328150184572
870,0.28514741737261556,2.311221069955906,10.63080838204352,126.42966579910701,True,6.058754974162385,0.3276370709076981,0.05407663328603143,0.31936822433106427
871,0.44713550161314514,1.811687702986959,4.986618031116413,122.95642398999217,True,6.059008502180746,2.1717036606997864,0.35842558397436663,0.6114724431407521
872,0.35971226514673277,2.224376219089734,9.067058657226974,76.18988849311144,True,4.419251925907087,1.4480582400702326,0.32767044385527017,0.7662624161756884
873,0.2932722431867509,1.5035424816186662,6.769354318341509,105.44826393173409,True,6.056940010883467,1.83252934809991,0.3025503546026729,0.6762534715067909
874,0.39562405015785257,2.1056812753424023,7.833039787690692,88.97656088719873,True,5.193728248328161,1.8194188629695345,0.35031075481378865,0.7158023656485311
875,0.31940480765551876,2.167322118135291,9.494996788481501,74.1359807098395,True,4.2872370174932035,1.0726090932157826,0.2501865627767297,0.7546024561019467
876,0.36672395505766914,1.8080746679758835,2.472517205914782,79.97855285868297,True,4.759451957081818,2.887979263259509,0.6067881952169609,0.5725436583289061
877,0.391717083319041,1.16179144447021,2.4002046333096,83.98817297626121,True,4.995509202719342,4.314513053146943,0.8636783314898722,0.4113613606752273
878,0.4133660251910425,1.9412715540127983,9.96040545138595,90.78100828064487,True,5.243807322576318,2.497802148805141,0.4763337009068354,0.6666508351577671
879,0.4416181985036778,1.8863708720022379,10.90228324291288,129.48055805649227,True,6.058967624515124,1.5430940763747656,0.2546793731214653,0.6815456992396172
880,0.40830572714151003,1.6803488206536956,7.954451720504041,116.89785768433781,True,6.058779671895633,2.217443479313281,0.3659884662251633,0.6405938476332977
881,0.43372199302441955,1.471425756028098,6.774457067260892,85.903091226768,True,5.040319774736752,4.053660694681492,0.8042467295427119,0.4604962773883887
882,0.2841788025301073,2.3938867118055986,2.1597563878662362,132.88925789334598,True,6.058840522882629,0.3832656387828967,0.0632572581066302,0.33824497955725175
883,0.4499597545908305,2.3596267159555566,6.431474370270004,69.76421044418625,True,4.103393760717404,2.8455960273674155,0.6934737910382538,0.5730789150543534
884,0.39609059477978115,2.0780558672913387,9.059227776782572,99.53133878067825,True,5.769169134396586,1.3837884040897659,0.23985921921398137,0.7090485047957178
885,0.3163044523829946,1.1758419264313882,7.355570556524279,53.454863848811925,True,3.1234307652933673,2.6845272276042227,0.8594803052572478,0.43169280337336113
886,0.31286694793082387,1.4526467858961574,10.712599599624028,137.66010584147674,True,6.059016170655549,1.1790869249064584,0.19460039248894895,0.6844563482474166
887,0.3210452721478875,1.0593610262232989,9.22068158980289,65.3651060615808,True,3.7823172166816845,3.1065719598242576,0.8213409351608341,0.44669506680806936
888,0.417670756840698,2.270110580421784,4.083537661475967,128.2640401648202,True,6.059033685662595,0.8584843882080802,0.1416866835118444,0.6561652053305189
889,0.39411264627150966,2.258555618365842,3.6818865432782197,63.88185563000984,True,3.7998670432716994,2.633969540043445,0.6931741321600525,0.5793039074845416
890,0.43030455910491194,2.093872050276677,8.760477468247903,137.2016999317601,True,6.059031311576321,0.969039156182123,0.15993301673993449,0.6619742740883563
891,0.37639226536188164,2.1971408570861115,9.995696333190676,112.9782691475433,True,6.058342182099749,0.6566881612837282,0.10839403611502972,0.5095487364894358
892,0.34359383786830633,2.312269919437317,6.57619025910718,126.3136797428725,True,6.058933128416542,0.4503739635502018,0.07433222219237527,0.39458744534768675
893,0.35120390058714324,1.37016570050248,10.653388401409282,62.62758422979691,True,3.580474169188522,2.722202578984134,0.7602910816700833,0.4618696104786557
894,0.3361152910966934,1.6425574930808935,3.001273594139227,67.77168295688998,True,4.037484473389614,3.5443096473669375,0.8778509665428785,0.4870272483697744
895,0.43616491217586123,1.3601559825678777,2.5429915061224877,135.60248849795747,True,6.0591257169163795,2.9970523347947533,0.4946344530246879,0.5211596638823681
896,0.3831122132356817,1.959399465269834,4.773047767448015,131.15821039185738,True,6.059044805201373,1.0090259090479872,0.1665321748704996,0.6973699364183319
897,0.29106875460869325,2.041530554057613,8.390980586298456,110.10523679858476,True,6.05809299472726,0.47353414847488373,0.07816554630096142,0.3987843323715943
898,0.3148664908004972,2.081434899667487,2.934778013515447,126.99510460486836,True,6.0590065031655085,0.5335108186021018,0.08805252450601775,0.4504964521679793
899,0.2896160961445251,1.5295878643724004,5.425243600261966,98.89527576607635,True,5.81244366809246,2.004633543832764,0.34488653280843734,0.6631779170203878
900,0.36472061897785224,1.2249024812537366,2.5724939543323075,83.06509782557856,True,4.939670330714418,4.182133587825462,0.8466422469170338,0.42859721507764004
901,0.3416304781771772,2.054496997628168,11.979284016311285,53.58890858661125,True,3.0039824398311405,1.988298027190291,0.6618873668589278,0.5455452159328456
902,0.3075230886795146,1.6118306661725652,11.756719761974695,75.54526195647591,True,4.303015042533133,2.8781418171593303,0.6688663155276824,0.5928381976072883
903,0.41220772292753827,2.194832306549765,6.396987216172372,116.20874602439213,True,6.058773820994838,1.021627552380719,0.16861952311878345,0.6717918584020168
904,0.2966289322196512,1.419130196149283,9.733397079687752,68.81160728080832,True,3.9705712976379903,3.1837936393610744,0.8018477444933545,0.5067673091033109
905,0.28343214603232153,1.1932918666604244,6.052745423664189,100.36240191331561,True,5.885495444128518,3.3208684723797566,0.5642462055922103,0.5703307673254465
906,0.31836318229649,2.138079510369453,6.475574185616831,75.97974021925025,True,4.465276497654753,1.177236733082721,0.2636425165834697,0.7338078324786381
907,0.39019036797288276,2.3086076738970918,5.484468056584938,97.7465686047324,True,5.7442826570722065,0.969526353775969,0.16878110142827218,0.6496673996663644
908,0.40651409703854147,1.9859382374431402,7.562054895895448,98.10221846175178,True,5.725018779325521,1.9618265052433403,0.34267599476319416,0.6840839282809368
909,0.4217101191817182,2.0670875158483266,5.5659772699684105,63.92595297005314,True,3.7756373427092056,3.3830257583404,0.896014487427681,0.5026836569501016
910,0.3586014913788392,2.3822273425388185,3.805920833223367,114.43205929363388,True,6.058710316302996,0.5426732722701104,0.0895691069450648,0.45937292344911596
911,0.32292059656517064,2.1956830917018806,7.023249783888135,60.062479969748374,True,3.5196909992121097,1.974442120049894,0.5609703012258398,0.6782398331606863
912,0.36302399925508116,1.8528556161409773,7.213513352369468,76.3605413343612,True,4.474118297844582,2.762970338349423,0.6175452132502824,0.6027260689181415
913,0.40033371377326143,1.2045976378186245,9.848411723895975,119.11626786997093,True,6.058834288613703,3.5987083733483747,0.593960521434195,0.5589509614032817
914,0.44539652494752485,1.895187210337453,5.47560266572205,59.4024219163975,True,3.5103996536985123,3.2101941652038604,0.9144811081044977,0.45884605932323197
915,0.3137269226499254,2.4250687407433436,9.8155499266292,58.11442471250168,True,3.3365528154264914,1.0846161845047009,0.3250708873811311,0.760827770954509
916,0.36888955974790194,2.4644351420792083,4.17894389502781,134.23421351708936,True,6.059017761230089,0.44598716606435346,0.07360717258795592,0.39403430958386965
917,0.39463270013646634,2.439568133796197,5.548200336622676,119.81251289522902,True,6.058895205128624,0.5875752540696477,0.09697729275335339,0.4910039145768619
918,0.3753448183474928,1.9589906121041794,7.426046632041777,55.000475837109775,True,3.212991717131638,2.74017627657116,0.8528426207763218,0.49156788573430354
919,0.4147826271030699,1.230571363148991,9.573609188580539,135.94759994112317,True,6.059037587098049,3.234266102452994,0.5337920512887975,0.5872815050455822
920,0.3445372821395844,2.430871747387573,9.042871437381265,74.23308295279794,True,4.304384883007134,0.7303133060605197,0.1696672871758409,0.5755291247947887
921,0.3728043199153448,2.2201790834870025,9.483259934926645,130.05714713416023,True,6.058951955443805,0.5319577735341057,0.08779699483442115,0.446867183791289
922,0.296862713474851,1.0282139423286978,3.2898054458961288,129.5779877023374,True,6.059083639396713,3.1170601999747403,0.5144441611116459,0.5333707319693559
923,0.35334715810052053,2.235593091946714,10.641240247458642,106.95093865932674,True,6.05638432377746,0.5408983997882169,0.08931044842458911,0.44253393013642395
924,0.3940445500229406,2.1632144618246367,7.839876110624193,114.64564880436595,True,6.058609488720598,0.8728590505867125,0.14406920469321005,0.6184904846258066
925,0.3393399156519903,1.073316952915905,2.502129722471091,72.10920623811441,True,4.29861461566752,4.1224318859331905,0.9590140672084951,0.4108669357703856
926,0.3100848294612624,1.9681351747181475,6.293343616032902,120.88984580716331,True,6.0588983885462815,0.5746180991211393,0.09483870866812937,0.4736272918815785
927,0.3993026820154606,1.4201993536988362,4.575662010672134,59.775873247553065,True,3.546429080725961,3.3174542002096143,0.9354350882805543,0.43736121653317817
928,0.3206306589873784,2.330684229198451,5.035739104024962,126.23754351386907,True,6.058921327924439,0.41528517147482524,0.06854110641127709,0.3695563940659672
929,0.35031792741020623,2.045648648637508,6.005326583860663,99.07361566796632,True,5.810469709627948,1.0336517212350413,0.17789469232104946,0.6636974314819621
930,0.3317107456029674,1.9626137952088203,2.6557448150640397,77.97058881787078,True,4.639235520158836,1.9764736044560154,0.4260343317056569,0.6536294977419321
931,0.4173753232244527,1.2634004840687072,5.835190569493157,57.86379856853342,True,3.4136424712148505,3.1040450743083134,0.9093058515889753,0.42921003687060066
932,0.3604346823416597,2.3794323103767643,10.800318607535978,51.6241893911875,True,2.9253083360423964,2.0206402403669106,0.6907443620458154,0.6120669296489578
933,0.3029012503017548,1.835065635110602,6.234163543857979,127.35612667839094,True,6.058982129715632,0.628786966494687,0.1037776565490874,0.5099960538481998
934,0.29859332351567025,2.2414564478361614,11.801021024975974,133.2751453022925,True,6.058863646268922,0.3415167421569066,0.05636646772323624,0.3253093029994649
935,0.4249920485337976,1.8241082797118353,6.8107175199954915,61.587015958096316,True,3.6151090529870498,3.1932780441870294,0.883314444290007,0.46888059048361974
936,0.3673723383565268,2.131962235395428,10.138749144735975,107.42556223621621,True,6.057126611046979,0.730701444975414,0.12063499607928978,0.5458973689467395
937,0.40007868639818744,1.4640997968774323,10.694575707782226,101.05198109885131,True,5.81143051105089,3.3342763451219186,0.5737445089950798,0.5626665538790157
938,0.42429168730503547,2.0021865158915473,2.202676987064035,79.4595282813984,True,4.7319669662687005,3.044771699067916,0.6434473699356381,0.5493162393475961
939,0.3246877593321712,1.1962913899408976,9.300360760490861,104.17257146290605,True,6.02005179851327,3.440308865035499,0.5714749607113228,0.5612315354825239
940,0.35930600500391263,1.1947548104086059,7.534558048822912,138.68380893286457,True,6.059077349760992,2.6379548464140594,0.4353723668040179,0.5874144666987342
941,0.34774003477773785,1.646657477673127,10.617437235437293,52.18983560215099,True,2.964965222023039,2.1435056544161806,0.7229446195505914,0.45569764480205954
942,0.3364687257836063,1.5665270151055373,5.520300639553862,54.096743276746324,True,3.1957380499779324,2.908267265594345,0.9100455732328961,0.45564350356192884
943,0.39282214187906844,1.5483866380545668,6.646037874498324,70.2728913410285,True,4.12971965527508,3.6820889137243165,0.8916074748611605,0.46737939655074223
944,0.3914601210455172,1.1724413057442373,2.0812098945842483,115.97171751467634,True,6.058928509700517,3.8127760154487778,0.6292822252885827,0.48265336290071215
945,0.3837777771459843,1.7628729131615561,7.620335099866754,50.21482149995891,True,2.9256411190368867,2.459951047064893,0.8408246080006909,0.4479805481727972
946,0.35297039104905326,1.0173041063309027,11.540198869977385,82.79924529270414,True,4.734300822457391,3.6804784264140276,0.7774069634433654,0.45939342569398445
947,0.4090853346408278,1.3414763915191368,5.08889220750307,79.01038532171145,True,4.66953856867573,4.213425517056293,0.9023216009652129,0.4370381256303846
948,0.3923680202598996,1.1738848587393016,3.312188352527911,87.1856109470163,True,5.171287001471056,4.280919449797054,0.8278247655910951,0.42540397431625676
949,0.33187984249435687,2.2361662296469165,5.542923592931306,114.56269291776916,True,6.058653186634935,0.5078654464477697,0.083824809046356,0.43052205776776376
950,0.4377586756404964,1.3568450276304607,6.08843806093899,129.19198069145835,True,6.059042586065003,3.26830630012754,0.5394096928191614,0.555569327510451
951,0.3418782877199228,1.653881914293501,6.836669502232162,53.931668656258736,True,3.1620497567436487,2.7612280666413858,0.8732399168458885,0.46474542166061594
952,0.38430046689065117,2.171651373781452,10.722161219415796,122.0838099643628,True,6.0588518884143046,0.6408865512649111,0.10577689685572443,0.5042230756885977
953,0.4200320538953914,2.0387038037043146,5.992845575512947,97.23243836169738,True,5.707785931549126,2.0603315169549874,0.36096860352921495,0.6568124170820999
954,0.3082686358262042,1.598290130561204,11.28657084776188,72.59715749897155,True,4.145934424919068,3.0256913801401524,0.7297972109626929,0.5701852570049644
955,0.3870346760556291,2.221279185928157,5.277308276003335,110.83860121189963,True,6.058418599364278,0.870631434045059,0.1437060546025024,0.6343644412304883
956,0.4296235506101112,2.133591262795316,4.82864629474668,117.3502471082516,True,6.05888246014864,1.3665897778657858,0.2255514588464652,0.6896438620686016
957,0.44201547342315006,1.3955317283161621,2.7126204378267125,139.74705852171314,True,6.059151540956707,2.8379094451029436,0.4683674646392576,0.5335253834933553
958,0.34957983190237624,1.4308973632950979,8.198548453716462,71.35520660147337,True,4.159520312649526,3.5524079137042337,0.8540426892257259,0.4799337841410032
959,0.4370217246602428,1.156720043556185,11.161024862963519,118.38726592066124,True,6.058754565946783,3.852666922716567,0.6358843027526603,0.5202788737912134
960,0.38568198241755824,2.26026795601399,4.481736859754294,123.72763419876848,True,6.058982467813246,0.6868455599083513,0.11335988568328725,0.5579103684313353
961,0.3176584763437641,1.2433687418779784,6.631338404422423,85.42825478009445,True,5.015459168961232,3.8815125705062323,0.7739097138956761,0.47899575230204494
962,0.43714491725593135,1.91928752062061,4.937879914509216,84.14250359312916,True,4.970575468325441,3.1939849635543482,0.6425785070376134,0.5612453314345709
963,0.41018882683659097,1.7759567795395539,4.4519806771953085,120.86510494807693,True,6.058988004532994,1.9205844384242345,0.31698105970623497,0.6334930093442961
964,0.3594066351914005,1.5546718477324215,10.766468779441585,61.336335088344164,True,3.500818849278145,2.6265149893901647,0.7502573262057652,0.4746535837944599
965,0.33920505294149944,1.9442288353508672,10.821620450040923,117.43953304653513,True,6.058673405046203,0.6686040440884403,0.1103548581330638,0.5143560376536849
966,0.446859313510801,1.814256906839049,5.582180970509912,97.55341755909373,True,5.734602520456668,3.1541698021544042,0.5500241369655078,0.58791608334012
967,0.36571229042653947,1.5426497182374002,11.393146858692473,54.670833979291395,True,3.087731372759769,2.163364906989289,0.700632485738455,0.4472689462861883
968,0.32521052068576245,1.3554100906495326,3.9200047999124723,103.48644601729143,True,6.0551852014173155,3.067974581919852,0.5066689919247626,0.5799313683456928
969,0.2880748359748308,1.8212853034070307,7.04490010037885,113.07116362435005,True,6.058507662194292,0.6640166688656932,0.10960069804140468,0.5147579929901083
970,0.2868240144051925,1.0398140505667213,9.44143556854284,103.0791368410295,True,5.960193121593625,3.6980343455469904,0.6204554567450353,0.5231958715158016
971,0.4119221724266864,1.511470510462725,3.40006553898731,71.11177738017312,True,4.229947955355198,3.997093861197889,0.9449510734848379,0.4391320734723889
972,0.2980260409485443,1.409308920681927,9.43928770963858,61.40015081242823,True,3.542556873927007,2.835964285121235,0.8005416387225147,0.4809342362209805
973,0.4356761519477712,2.204107624029442,11.020376904107584,85.65709635920061,True,4.915335176572058,2.210424829959487,0.44969971539174497,0.6910897699584231
974,0.38256855957401614,1.1699499500826867,4.239332520824541,132.2963458681876,True,6.059087205144026,3.228595711387102,0.5328518309896741,0.5331403234899663
975,0.34390781524403224,1.7673922814940914,2.7964756326601394,120.08613447420751,True,6.058993792535568,1.3347720567488583,0.22029599343594689,0.693402906985801
976,0.3953131787341417,1.8364986292822567,11.26093547326152,121.01534450529476,True,6.058836506515015,1.3199040530860557,0.21784777517379356,0.6933784266579845
977,0.3333335036206025,1.7171350861586352,11.707443470232937,59.24864614598654,True,3.3476097140705288,2.3475890019828523,0.7012732076011033,0.5065200089308175
978,0.39110643829227215,1.5614602195478016,4.553020436604797,130.94127898946218,True,6.059064007400767,2.055820062802989,0.33929664058539954,0.6221891274372213
979,0.303075910353095,1.5343413624747329,2.971697694273448,54.57062739604507,True,3.257512089748718,3.1162156400145613,0.9566244281398641,0.4558499348121954
980,0.43672148383018994,1.8303498684531896,6.7932699956638105,64.0434675461072,True,3.7603042030336917,3.330529841681987,0.8857075549885095,0.46970917066090756
981,0.37220737496669276,1.4300799568928229,8.767316924532352,123.58271084684328,True,6.0589549400440745,2.415517569708442,0.39866901035096175,0.6350102732997831
982,0.36915319763212623,1.514567547120312,11.692342859139139,127.86862507772385,True,6.058948569578052,1.8207549820050817,0.30050675642752317,0.6874720584267684
983,0.3706516358650697,2.3049729813198727,2.872514546690967,60.33814026517953,True,3.599420209533523,2.376998359405222,0.6603836787684414,0.6005667345951449
984,0.41274087150466787,1.9062631738006097,7.037511514352629,115.69580518042997,True,6.058735898542025,1.6401039484040398,0.27070068342122566,0.6667976137760321
985,0.33107879149164526,1.076360756728287,3.409045574267139,59.287626465936285,True,3.532556684803003,3.374109479666257,0.9551465923198393,0.4231137061289756
986,0.37875488577055616,2.0913387104325443,4.228951196696933,83.83589908495581,True,4.9623262203778395,1.9193323254817833,0.3867807637474592,0.6680931497104874
987,0.44695056158860946,1.6897785043179425,8.947872886850831,91.62684381271944,True,5.321062114743017,3.5610350299655176,0.6692338772176688,0.5214458852906914
988,0.3326197286163716,2.243713812333051,7.079655305241337,91.68829969435649,True,5.364296541069405,0.629207042653809,0.11729535044093084,0.4883471939780697
989,0.31060092837552145,1.630039812828682,6.059469987537401,52.81718147136093,True,3.110608698627242,2.778518522303155,0.8932394883128041,0.4699290843343027
990,0.4186931793765983,1.8174027039198213,6.416526008443756,118.11767682360379,True,6.058880459823491,1.90876093383978,0.3150352522213958,0.6423230701389069
991,0.3935306864067344,1.021682230842474,4.607510162206106,61.73788244613566,True,3.6620807200026073,3.4329692807528476,0.9374368134491594,0.421906671092136
992,0.36105327231399575,1.2136424933334224,11.25023075055025,51.52347578600613,True,2.9063054733881892,2.018196895414952,0.6944200855328967,0.4151059161731747
993,0.4475756395919227,1.4213522651310107,4.4246181909826365,112.3608961121521,True,6.058630072323249,3.6786098474377176,0.6071685848987829,0.5237189562349363
994,0.3723903442008718,2.4406454519626593,3.4875325792111838,132.32066830155242,True,6.059025215351378,0.4731329089673063,0.0780872982288568,0.4117956884790597
995,0.38301257611571893,2.4921692360320717,2.5870937648857333,78.6544598445705,True,4.679100109523165,1.1391488190615424,0.2434546798310819,0.6620361453762933
996,0.35306837333502117,2.3274461238476998,5.573899344598835,137.86399611833366,True,6.059021665557713,0.44406371681219986,0.07328967304019786,0.39383391968662185
997,0.33686581241479135,2.4932528012027957,7.900101891594378,55.69596111261649,True,3.24248778012505,1.4842362614281615,0.45774613879066656,0.7393910232622405
998,0.3404281421678348,1.521757319922063,10.538811428123145,137.34436430412904,True,6.059018547489585,1.2648012055300508,0.20874687799958824,0.6867034019160241
999,0.4352019051431255,2.435910106048713,5.198301687680978,137.92188408252645,True,6.059064698301565,0.6721186038409855,0.11092778131736886,0.5549485022945206
1000,0.337229131502494,2.1689821633030775,11.035740660721267,118.02915602778816,True,6.058652661947549,0.4734809129641221,0.07814953907787182,0.40290785842220833
1001,0.41187423655334265,2.039361895587138,7.012523496918071,119.78813900709596,True,6.058904270767368,1.2317817327187432,0.20330107188881805,0.6872984120968035
1002,0.40646626581692846,2.4612908324672187,4.358681069789121,116.0522434748046,True,6.058808729189138,0.6801390127994121,0.11225622778331812,0.5506718373126369
1003,0.4332609696987385,2.1032177475619447,10.07217425943652,82.2403281271175,True,4.745609090301629,2.6079296944359434,0.5495458316964291,0.6274217287269748
1004,0.40356869824567576,2.3991604211911652,10.764561311084586,77.77754284343342,True,4.4640658569650284,1.5177243839076433,0.33998700568891116,0.7739414341449189
1005,0.34526115574238797,2.01535496098013,10.743425607608613,75.42939335358815,True,4.327858448236211,1.8977181546218085,0.4384889610692352,0.71227409299562
1006,0.33790230033489593,1.8737898307816496,11.066740188269835,90.56016853200356,True,5.1968843585698705,1.5762962993365859,0.30331563886681645,0.7643170055528361
1007,0.4461341973650488,1.8760711102574747,3.627445614253648,133.95402229681423,True,6.059090417612414,1.8227024477807794,0.3008211335619936,0.6530070013868414
1008,0.443060568124157,1.9453403953799493,6.8443799009234505,80.22232735637394,True,4.7077409236185765,3.3510769523340738,0.7118227206433205,0.5298939438556802
1009,0.31048836734005697,2.101864874668742,10.703105787215135,87.80803001453125,True,5.0470971460132725,0.6387860779416092,0.12656504510641123,0.5081194823424218
1010,0.40856739688451843,2.443934874577416,7.194323590357444,112.23839074011536,True,6.058432849430321,0.6738860630934723,0.11123108563575783,0.5293012430323434
1011,0.3203341524092821,1.7903051513157802,9.588792551968176,76.80807152201413,True,4.442125157313162,2.3183405346299493,0.5218989678427267,0.6592188996961172
1012,0.353578828445302,1.2522118603504933,11.565251984785496,136.14489331564442,True,6.059009086027036,2.4608056645083494,0.40613995284861487,0.6539343031768752
1013,0.3465084908669698,2.072913551643987,9.765859027664812,52.301765425889926,True,2.9957110278920274,2.2546798384257256,0.7526359576852316,0.5309182582555265
1014,0.44445009179767325,1.6862849348135098,7.673024423183969,104.72899648688639,True,6.054999993489285,3.1885714772010214,0.526601400599434,0.5974536906505632
1015,0.370017820310363,2.4649722564243586,3.8541922463677443,61.133623837017176,True,3.6349504147053846,1.8672300385609766,0.5136878981916778,0.6868255065668576
1016,0.2838999039445369,1.5904081434700983,9.17359342413063,53.6137153329623,True,3.089458881347883,2.4335981573688588,0.787710162469331,0.4853722467728274
1017,0.38056264237769893,1.5931142426119973,3.798035710806994,116.97587965453668,True,6.058910124417825,2.242173888957309,0.37006224600051313,0.5997651708408602
1018,0.3602893290196112,1.4828688857937815,3.9348546419291557,52.99670308353341,True,3.1534797026295034,2.9776638396042703,0.9442470288048372,0.436393174772693
1019,0.38874481723274057,2.3780695118438855,5.954218793801196,95.29471879502597,True,5.595237216215237,0.859923934881183,0.15368855718736762,0.6084047003581619
1020,0.2990085949610746,2.22529434819828,6.3563536437806984,121.76106565864879,True,6.0588391183504315,0.4066368438525793,0.06711464620689409,0.3612190826829056
1021,0.4232640879340517,1.4365575823485477,9.947303620088732,114.72723396904277,True,6.058548648392808,3.289970638535615,0.5430294992198119,0.5944047261675198
1022,0.3005637740911758,2.1781163993921937,3.4244952440035092,116.92558341732398,True,6.058808201657765,0.47543109132205824,0.07846940776107987,0.40676300827938805
1023,0.3033889467081221,1.386110158530104,11.653903641245385,88.73045567197283,True,5.073652679777605,3.1045712326457076,0.6119006224095322,0.5760720787750979
1024,0.28946975840255895,2.22203365285465,7.206566230207292,139.4192663259704,True,6.058942063541381,0.35784507156081224,0.05906065247167192,0.33174016575349796
1025,0.35392492158805783,1.2380059307580948,7.712201385771111,128.33123732418144,True,6.059012478048326,2.823913763885708,0.4660683195680299,0.5980130282539897
1026,0.37444286970913954,2.0484283874410307,7.47643999486584,84.16724568291397,True,4.922921724361656,1.948806642557233,0.39586382877333487,0.7170648889986668
1027,0.28162219724514637,2.3758610645557363,9.298391888308904,130.6027516698563,True,6.058764098971698,0.31714754280033824,0.052345253523596494,0.3130623136956081
1028,0.4331894811260443,2.1546247632891857,11.11116071312183,87.15794559790652,True,4.999522837643862,2.249912824877458,0.4500255120222194,0.6875380936165323
1029,0.43558489196191574,1.863351112408909,10.288410077476918,65.63824025079062,True,3.768372146399389,2.9355235006664007,0.778989809557753,0.48762719072427707
1030,0.4054641611873953,1.2446513411185212,4.865564804898347,102.94766388225993,True,6.04084172136375,3.9111140406561344,0.6474452106275648,0.4927822759371754
1031,0.3582002970529311,1.1513855757964873,11.477406147083919,125.03843269779667,True,6.058935707361231,3.268530981814711,0.5394562906227324,0.6009330933652843
1032,0.338752133263782,1.9923185366706138,7.37634430311546,122.42179326937415,True,6.058918602088155,0.6519081199361327,0.1075947974794476,0.5184478805028254
1033,0.4381486685187779,2.3841172555621934,3.502453498433876,128.6590834186842,True,6.059044998501338,0.8872960497821651,0.14644156793713062,0.6711157788948157
1034,0.4084772411065897,1.6001080218998696,2.5764536299442886,128.44419311200437,True,6.059085365522061,2.2682763708215474,0.3743595334914231,0.5838641679764129
1035,0.3790768087758697,1.9033532700723153,7.104832582155014,67.08276509260237,True,3.932514097677749,3.2818927801574134,0.8345533413587648,0.5266138377276435
1036,0.35067967463618416,1.0628085933253006,11.404843795105046,134.79393163510497,True,6.0590082806079675,3.2638719718433804,0.5386808897900829,0.6013705204924285
1037,0.32603301754117786,1.6829382413551657,10.133750066229858,97.36079763204509,True,5.616352936613215,1.8640410362881794,0.33189528103485555,0.733615759644235
1038,0.289737767723592,2.441894511645228,4.527095643257818,84.69471539087422,True,5.001356353198493,0.44117286190045824,0.08821064342242223,0.3725978127554339
1039,0.3973078458481992,1.7011966844522912,2.02774537626342,104.66566822061424,True,6.057512518221956,2.6315386382446895,0.4344256211322065,0.566667574882644
1040,0.2848854784986036,1.994289827418402,8.665699967509688,61.95216380747169,True,3.5938713034818828,1.96905499570984,0.5478924617590348,0.6876710937167934
1041,0.3910407057777597,1.473813340203889,11.52990296924753,66.4968130458974,True,3.7807304733691565,2.78921486892882,0.7377449645182567,0.46951712988513616
1042,0.3918993986483876,1.5749053396365538,11.220189928180906,107.11819223717693,True,6.0564083268710585,2.7500236714272193,0.45406840539894255,0.6506444801784901
1043,0.34086036806694686,1.2157787049322644,3.3010547336019638,123.4599998689604,True,6.059047761613575,2.973018820851373,0.4906742672811731,0.5464718656218701
1044,0.4167980003698719,1.4065106100996683,8.371730064001245,82.26955323984484,True,4.793426625147987,4.052898349369264,0.8455117114146166,0.46062914863806137
1045,0.44662331123004884,1.7926544604087065,11.446502881448389,107.62320579850916,True,6.056819063499946,2.7298653966176785,0.45070941826025424,0.6543061967914658
1046,0.4057219021705965,2.230894874164607,8.274479326561963,69.07397379603559,True,4.023052394105034,2.5402017714492295,0.6314115558552952,0.6131785973818933
1047,0.4013740830648471,1.3206300663439414,5.439596141203963,131.95743447485415,True,6.059064629441167,2.8541781262187507,0.4710591982053167,0.5620408177250402
1048,0.28224804952057675,2.356123086236835,4.858601021056643,92.14163866471276,True,5.4259769422709665,0.426833966378242,0.07866490604724108,0.3656658289105863
1049,0.40366501422669765,2.1633365424980124,6.724124975188551,93.06039369868924,True,5.453383714442262,1.5682371784231728,0.2875713979689328,0.6917080050865487
1050,0.33608257069912556,1.7223953263834577,2.5194709273615765,118.46235076273229,True,6.058967541484284,1.4208620421600229,0.2345056368814859,0.6795396479242108
1051,0.3347615745894477,1.3676866891296378,4.88904969556696,127.35222692007301,True,6.059040629156738,2.1542250010475277,0.35553895953117914,0.6129529289246785
1052,0.34082185145737937,1.5098481359910667,6.86650364595493,130.71394882401552,True,6.059026547951197,1.599325376666884,0.26395747963964294,0.6732812013929692
1053,0.4017668049150122,1.7806648863001737,6.622162248567259,132.16165141146655,True,6.05903640169767,1.4930199976532335,0.2464121188040572,0.6852785369690606
1054,0.33595728621882226,1.8136966233830891,7.920120527038594,64.59419628596363,True,3.768149959071598,3.114474659173889,0.8265261980022786,0.5440982204428013
1055,0.297409552986736,1.0704894290159035,7.068327685538973,112.54312340311765,True,6.058525171527243,3.5081955835404357,0.5790510865627194,0.5606012182789022
1056,0.43893143503668486,1.7328454373061715,4.706983976699746,103.31705940561369,True,6.051847353636031,3.1169831333644593,0.5150465554111727,0.5829122049527657
1057,0.3322276839509416,1.3545581645099314,6.570118995678209,121.63852592463813,True,6.058965360424683,2.3104552934357256,0.38132835492457445,0.6178765293056889
1058,0.36196275293411573,2.1139202522303564,8.62966418618021,61.197265878609585,True,3.550869085400028,2.7231465315607535,0.7668957841215297,0.5869240365600819
1059,0.3650523339339762,1.3968488838801032,7.732315000307907,80.52551119174967,True,4.7066573659423385,3.9172102417706998,0.8322701095932483,0.4762087067517231
1060,0.2930234439089862,1.714128907908747,11.442618577284582,112.5721043087552,True,6.058220373598212,0.7575465514314008,0.1250444032595441,0.5624244702102921
1061,0.4053989695021476,1.6853024932309484,5.785727551318173,129.64906459289858,True,6.059038118088794,1.854744994018318,0.30611211843693786,0.6469081612047436
1062,0.37611835941381216,1.0646498500427226,8.963298708940536,84.50825752252885,True,4.909026211837871,4.150940149128844,0.8455730260961043,0.4412809093497363
1063,0.3983891258457645,1.824601932698548,11.665769092353276,67.0068207177903,True,3.805960688753936,2.7702298341875116,0.72786611863153,0.513082856104794
1064,0.31408240912272445,2.4861511238981224,2.7702190629247316,110.19744455884637,True,6.058348594246738,0.42468976005035963,0.07009992136366383,0.3688291178527763
1065,0.4324934705041793,1.5408342391175576,4.803584324618062,85.15323733710846,True,5.032012177258669,3.9685272312777,0.7886561263132053,0.4661479663081489
1066,0.3963067012792817,1.3243661332083214,4.667885419284786,125.60830237598336,True,6.05904164662426,3.056155049529542,0.504395782001639,0.5543071344153128
1067,0.41397758824822095,1.842432297748043,6.915008720243923,78.23846693925765,True,4.590487933141061,3.381747903455081,0.7366859368130624,0.523190249275987
1068,0.4393064115468853,1.3886031412247624,6.043941987092731,82.3531070101076,True,4.848125645922495,4.224210492397169,0.8713079653680039,0.440044145565194
1069,0.386725596385814,2.4873574474866724,4.353554483594028,78.54349954306697,True,4.650882472856877,1.1264694980018073,0.2422055393951625,0.6753515390064408
1070,0.4093693754081795,1.7399834766757598,6.816922416526209,80.45916092644674,True,4.722192745082264,3.510778956021053,0.7434637139022356,0.5119693801664531
1071,0.37699378841246745,2.472882794517162,10.48545103227498,139.49526248110925,True,6.058970513508256,0.4033435780004572,0.06656965520812773,0.36343945099718145
1072,0.3314254863127172,2.3412964384650286,8.614578275527808,126.18206252444847,True,6.058879549422979,0.39692630008700186,0.06551150206060845,0.3561984536434655
1073,0.382843631655818,1.9048075804395317,2.5959521039883633,73.20186667662033,True,4.361031146674788,3.0478619772762157,0.6988856246991398,0.5381870288910524
1074,0.31472718896046104,1.4278080342222514,2.1373347969760683,98.70403722201044,True,5.848096554212217,2.857881265498252,0.48868571833681534,0.5681768147085635
1075,0.2817448982137862,1.582214604486202,3.225013446287267,137.95923659709882,True,6.059095247343395,0.887321712261262,0.14644458884357486,0.674389281435686
1076,0.4366539616856522,1.3531557812158361,4.442232429075065,59.74950839957849,True,3.546819164774593,3.3300681454550434,0.9388886184352947,0.4287544263381813
1077,0.3732501014795351,2.2122794154324197,8.722398224070172,65.48908822244276,True,3.801197613277627,2.2885177255288474,0.6020517632482533,0.6425898639411409
1078,0.3606430198609608,1.3001351960947882,6.92998469447568,119.67711451870389,True,6.058925489372502,3.0221753665166595,0.49879724908610057,0.5946357090070333
1079,0.3357655456421611,2.2811591050359747,11.915731829039263,134.4471370387173,True,6.058913517069931,0.3823685458987868,0.06310843434578331,0.3481369424265113
1080,0.30211493968958153,2.481586876251227,4.591907298817484,50.08734880972989,True,2.9706922436531116,1.5316022357710122,0.5155708199135345,0.7035468142416947
1081,0.4227828681057402,2.030086776688365,11.784705994710883,73.99663489370354,True,4.211704162006617,2.99070574081489,0.7100939728373522,0.5690856207567854
1082,0.4472085951542757,1.1035597282290288,11.879491157704102,99.27771258883898,True,5.6739505232643355,4.258799358153583,0.7505880322169979,0.44984069910814073
1083,0.2894292522993515,1.4488944578380543,8.53579874489686,123.07683599876461,True,6.058937231756068,1.3458252104314719,0.22212232260432413,0.6911341862411722
1084,0.41599845035879596,1.09448128921097,4.12744364880282,66.74847814649314,True,3.964275854203551,3.7473206191147224,0.9452724171909533,0.4203631847617908
1085,0.4047691687329589,2.2104065423094403,8.25715726572475,58.04445669796346,True,3.3740437493801805,2.774649281639149,0.8223513053584022,0.5311490299165071
1086,0.4309829318325127,1.4897877734588674,5.996169832966999,63.550527108512945,True,3.7465178476834518,3.4027728192912434,0.9082494619357672,0.44375511891420105
1087,0.4173158351851064,1.015125760521837,4.184085484080066,50.4469243449322,True,2.999282003653635,2.8222590852422815,0.9409782347256078,0.40968569879703276
1088,0.37250924398563945,1.9074610356221815,4.835537592904301,111.25888006338016,True,6.058495272500591,1.374995092198948,0.22695323349347615,0.6830289794312532
1089,0.43283406293834026,2.278514585007765,10.497569208453992,51.31662393357297,True,2.916702169925132,2.1057824800377984,0.7219737763255585,0.48272130074948194
1090,0.3664243637862359,1.7285936133849162,3.9767026636249727,71.91595361054988,True,4.26955030363299,3.448009699172691,0.8075814673593976,0.5038149248013375
1091,0.4254567002199894,1.6516614018622908,10.937623332743085,68.87350531476547,True,3.939101504341631,3.0145014208000585,0.7652764005897057,0.4793384819036848
1092,0.4482875370328565,2.156926025457264,11.14357997091832,61.019652760598206,True,3.4702880368887,2.5349486986233885,0.7304721313266279,0.5020555928919639
1093,0.32041647643565563,1.1971257751892408,6.072047312957071,50.66736363804912,True,2.983299727861769,2.6683204948606174,0.8944191795214262,0.4253725521951415
1094,0.32575349443149376,2.4743535687827274,8.24551857449612,59.7188205789553,True,3.4716902124261826,1.0564563471710202,0.3043060534000579,0.7487034890609352
1095,0.33979563022210113,1.270509921425585,4.018874617371127,75.94377787493757,True,4.505737930670879,4.1310359495725235,0.9168389314106059,0.44281752392603746
1096,0.3788684283394125,2.1963135420958553,11.033483756909261,92.83305903700571,True,5.328251921331095,1.0012249845600025,0.1879087174072427,0.692109048202572
1097,0.3022087880619569,2.289563500955908,11.623994919256612,113.46078668953606,True,6.058165062350145,0.3635674850041228,0.06001280606624541,0.33860437514551434
1098,0.4082208909130044,1.9355099536003693,4.1632033048301835,64.8302406097414,True,3.850126771587987,3.54685539916835,0.9212308086430742,0.48816931780080264
1099,0.42890467092163814,2.429682613099266,2.9592149433792407,122.1449763832362,True,6.0590007135481425,0.8531442119872599,0.140806092014414,0.6531528587216084
1100,0.4330171693323348,1.3901900492769586,8.404902886059705,72.8027090054327,True,4.239701741098514,3.628601032417441,0.8558623351361655,0.4525282953646932
1101,0.4428201912918627,2.1988033417159625,5.615403889503154,135.8430977312542,True,6.059062213969152,1.0370466217096306,0.17115629202795152,0.6995483470383266
1102,0.3220856230179042,1.8286274280338974,11.588143597562457,137.79264730951303,True,6.058983594146651,0.563625780080061,0.09302315666022895,0.46187612105314946
1103,0.3102818884102603,2.4083870104319254,11.593714899921757,62.5651145036513,True,3.544774556817171,0.7376064245632127,0.20808274623408055,0.6171015931995387
1104,0.36597454907901905,1.7522395204604362,10.449988823976263,116.8470202715717,True,6.058657716384016,1.3439060780471903,0.22181581151431554,0.6964123507336071
1105,0.44733907878133133,1.6733647664155036,6.561932030311419,95.21472035877272,True,5.582446215871389,3.496588405648186,0.6263541591689814,0.5443873425733701
1106,0.4338846623922768,2.20946555053706,2.5340662689116513,51.478785286795905,True,3.078229289390813,2.957904066085777,0.9609108964950273,0.4575325745926566
1107,0.3654898668487342,2.3739776259189904,6.448459365189819,125.82941203894181,True,6.058943012437521,0.4814425689145858,0.07945982788190985,0.41767002457295765
1108,0.32905933421929995,1.8419709971824603,3.387120831907091,86.78446877484436,True,5.1449942065961185,1.9246713554602781,0.37408620460500447,0.6562861642688782
1109,0.3611045573091686,1.0583227824238624,2.073518062556035,126.98141965548145,True,6.059092590224112,3.6701604889964243,0.605727744599571,0.48800034919341817
1110,0.42602652605086944,2.052013984102533,10.82561043111706,75.11396055585928,True,4.307693206415672,3.0049050992954327,0.6975671096586152,0.5663671000975223
1111,0.2975006809956097,1.570406456093786,6.508093255492062,133.49797883615196,True,6.059034646161182,0.9724365964700591,0.1604936517546017,0.6764014890066625
1112,0.32525784884045505,2.431734805929987,7.120788788760394,87.2161851167072,True,5.1033534661475075,0.4825296049778107,0.09455147643184307,0.4018603708824444
1113,0.33536446059097974,1.9212546608211298,8.647360100710847,67.71495769647285,True,3.934090165496359,2.623397951342224,0.6668372713850175,0.6023320403439394
1114,0.4188773368849448,2.3720619524929782,7.994775292982454,91.00289738445386,True,5.306466182487212,1.254435521955929,0.23639753440734415,0.7020517620464339
1115,0.30979922250554504,1.1766889343318785,9.74336414570762,53.82637907500856,True,3.087148383875789,2.3755822401080864,0.7695069833752661,0.43193841959938917
1116,0.33634013205901453,1.6636365191338935,4.649172342492275,76.65536626327172,True,4.537816403882233,3.086410818433821,0.6801533036447459,0.5536301381512772
1117,0.344175688897908,1.9080733936221987,7.350471913014663,131.93246225483563,True,6.0590044575539075,0.7053927347104455,0.11642056705058458,0.555937537426979
1118,0.31912992850678934,1.66071962578605,11.327521730127119,130.88054435151744,True,6.058956729724329,0.8162635305960793,0.13472014523418088,0.5891390711679998
1119,0.3877344128189361,2.139821623461339,4.025857515258661,66.60634385699427,True,3.9562057941066477,2.740667729535151,0.6927515584800417,0.5737248874150258
1120,0.4043159683318662,1.943023060551108,7.571047933658272,87.42913299227203,True,5.110740417385398,2.590885203320588,0.5069490899023312,0.6546293238375127
1121,0.34444152171753606,2.0355398493210175,2.561120845982424,63.49495553454081,True,3.789247487003523,2.64876306926121,0.6990208684827314,0.5641258058003742
1122,0.4478504871302098,2.307599785049545,10.922375389521479,94.6017305966981,True,5.434516303728678,1.7650539228474793,0.3247858363469178,0.7504827466067536
1123,0.3194403291831007,1.3366695918656049,9.453643059335874,134.89890808053997,True,6.059026869823534,1.7368775941865469,0.286659496896592,0.6677126827917648
1124,0.4145142919353362,1.2261295676926343,11.145719024684258,98.34032483137466,True,5.6439991639295135,4.066402609306283,0.7204824967541521,0.4714257781746132
1125,0.2828033976157818,1.2546587336795625,8.69690963080878,122.47428219858081,True,6.05893632103805,2.0847424731158486,0.34407730377973,0.659110227722639
1126,0.41335389515323784,1.736951894437232,3.567941721524351,119.51655278348976,True,6.058984881329786,2.128189546798978,0.35124523141769204,0.6072471371907668
1127,0.36153571389527,2.0422589494898933,8.462055063547156,51.821792141856854,True,3.0011711805290258,2.423637872995773,0.8075640232452688,0.5028575986297428
1128,0.44474041869826664,2.124908488801103,2.664428684958733,115.86648561488947,True,6.058884663016141,1.6811231429257458,0.2774641268858343,0.6499614940115763
1129,0.3468583467277093,1.728026093313436,4.376184064588024,124.10396303706008,True,6.059012658551761,1.3046935993737059,0.21533105687314355,0.7012576123823768
1130,0.4269577941468644,1.0964396501425868,10.371133103559307,102.8367247125386,True,5.921945705566367,4.224251039229979,0.7133214739303283,0.45489833109315425
1131,0.3329776656878891,1.670831584991125,2.641379041491254,132.22933747091133,True,6.059083103376509,1.2637128171018999,0.20856502469782567,0.71022401240127
1132,0.3443250788362379,1.3093369308308476,9.506146953336808,73.52072957021562,True,4.253260818266662,3.496267980286348,0.8220205930637444,0.4756696098932478
1133,0.2935444122825291,1.647638889679361,2.192484205745275,109.7559475232998,True,6.058483019005837,1.404259539003821,0.2317840183092982,0.6656113722296602
1134,0.4433133715409491,1.0683507347234842,2.8192928435598708,71.89852524520026,True,4.283079947297776,4.107149756979822,0.9589243739358753,0.40343607339966203
1135,0.3995908632663385,2.265977776085518,11.655051707516641,95.02279378212621,True,5.43425845832902,1.0113045106127285,0.18609797792424002,0.692915063552614
1136,0.422514780883416,2.229043842192531,5.055099936775275,95.43864871465152,True,5.620965862343126,1.61761800973778,0.28778292723227256,0.6667265699158187
1137,0.3025483147863623,2.2342871814281455,11.524647552473215,133.6242525523467,True,6.05888236643687,0.3488847988095536,0.05758236877847276,0.3285541705619748
1138,0.3270048613779515,1.9294931886163296,10.813748117005051,73.05142530955678,True,4.186687306894603,2.041030588820703,0.48750490285232195,0.6861025294758227
1139,0.4334445712357752,1.7704569195708868,9.554877582792663,97.30833185211604,True,5.630985785646061,3.0013623444384407,0.5330083325888,0.6109597935527149
1140,0.35004083762280525,1.3200680309736057,3.1436288071388736,57.88339130526887,True,3.452264157615865,3.3055020701840188,0.9574881640768764,0.4315649667524313
1141,0.32359136627157026,2.0607545622433716,8.286224868112496,137.29832777021812,True,6.058998297453464,0.4636927933396442,0.07652961274713174,0.40328762895464676
1142,0.3027329302219875,1.7623180920560981,5.2034827855130406,92.89056448987711,True,5.471439659230738,1.5153777468341145,0.27696142902308285,0.6902243430539157
1143,0.38844616627385953,1.3019768539678707,7.495756656564263,108.49142107595273,True,6.058047847444644,3.5686456532771866,0.5890751844725828,0.5532566340821963
1144,0.44882518319841214,2.434690698116974,6.82755385466405,59.35661012018994,True,3.482718461248233,2.9992736101965356,0.861187501536249,0.5285777698970713
1145,0.3054423781952698,1.9399070488832082,4.795750707258765,84.69584319871652,True,5.002989367793886,1.2977504847264865,0.2593950115266268,0.6989629994869784
1146,0.42223287866360454,1.70967320356462,5.127471208608394,90.59392683944685,True,5.342054247848388,3.346756928850187,0.6264925014938131,0.5534873630075294
1147,0.3842402805375131,1.7043373364453114,11.66382273991493,135.0726467998677,True,6.058989419067578,1.2255694909256318,0.2022729214658763,0.6836963745842111
1148,0.2971929653917096,2.479597958684078,6.22394330103369,119.12098807668174,True,6.058657894983905,0.3468475051025462,0.05724824063588552,0.32361519415112516
1149,0.43653305811933735,2.0618636384103075,4.793342680590092,125.44711807332803,True,6.05902050557159,1.4361356281269062,0.23702438815090715,0.6923451364548834
1150,0.2802020377531151,1.854307739005714,6.14006704962039,97.625673555849,True,5.7244126961327195,0.799194644438832,0.13961163998164378,0.5807395355502352
1151,0.3056955065993322,1.4077586281227275,3.2057142070227562,136.39019907491507,True,6.059105583445522,1.6120275525207453,0.2660504145900793,0.6764057465818651
1152,0.40154095764480857,1.3037700580074267,3.160679306615897,96.78633596894579,True,5.727923278171816,3.8997161292476807,0.6808254824412304,0.47432962249244426
1153,0.43906261048910766,2.34439973623194,8.128384358969274,115.37209516051578,True,6.058653434945709,0.9729665233245035,0.1605912161459062,0.650133897772744
1154,0.40638343766715623,1.671588011438293,11.837767016549412,60.6869516110865,True,3.428418812245706,2.418470577232852,0.7054186520603908,0.46590410015061323
1155,0.4262666946407643,2.29154604199692,9.201807044018349,126.50451797041774,True,6.058947598763371,0.7697483083535289,0.12704323577755222,0.5784409275795865
1156,0.4236407119508872,1.5507828617756079,9.49575269090678,86.66010856490834,True,5.019285486154169,3.815999493790406,0.7602674731925372,0.4895258498122508
1157,0.42167841283062346,2.0738012340206455,5.968635331366251,137.23487604657845,True,6.059065658799035,1.0221508608564374,0.1686977693288502,0.6957215559608865
1158,0.33955729309376376,1.752796544445469,10.571757438507975,116.50761354327477,True,6.058620066098685,1.0484762083173604,0.17305528270111573,0.6687497989794688
1159,0.3458460690788582,1.4404826860255446,7.889120751253595,80.59005824620041,True,4.706666016168136,3.693004819012596,0.7846328603573198,0.49633235704440937
1160,0.39651794333683993,1.2647493054199515,7.402631161240842,105.57324685447628,True,6.056888855414333,3.750877866555562,0.6192746732016723,0.5256523951885876
1161,0.4147018001159991,1.474003897431556,9.94040801894305,111.46032158863297,True,6.058252352750065,3.1986560038533396,0.5279832891743691,0.6032015569450877
1162,0.36896864979328736,2.1801522215632985,11.370777932266703,56.26388093263731,True,3.1820097867939166,2.2067047244114306,0.6934940092169957,0.5711327616176192
1163,0.4088492694778919,1.7559066633637388,9.52291633873053,79.25584570746739,True,4.587610112957782,3.460298165121363,0.7542703237460595,0.5204486161409956
1164,0.3973950227750769,1.546669475612735,8.822128513560173,80.18799461612937,True,4.66068748619138,3.8030595247008776,0.815986812239295,0.4891335180141163
1165,0.4092266790086498,1.0930626750640533,10.807726153537622,102.55626127513887,True,5.8934187227614565,4.180469065738409,0.7093453328867803,0.46042199610024603
1166,0.409575763393349,2.4156936124973982,8.160945506238331,87.96468449912331,True,5.126661173462945,1.1211130777121177,0.21868288926822735,0.6948376087244066
1167,0.42340563373795986,2.290544724694274,7.434212411820556,119.33120838302067,True,6.0588696119795955,0.8815239115304642,0.14549313122492608,0.6296460798387455
1168,0.4063070321576951,1.9275390655248446,8.15169941183059,123.79359726596496,True,6.0589523738238755,1.2867632736756895,0.21237388813861863,0.6855118922936567
1169,0.34501553397731316,2.111400711031559,2.839612241628693,131.50064140646708,True,6.0590502254993694,0.5975267530830971,0.09861723056336782,0.4978859285831083
1170,0.3525097502151828,1.3119650791362034,8.336199641092282,80.61182817139772,True,4.697604289200739,3.9567893264897727,0.8422994111245138,0.47230518089608786
1171,0.30924026269890814,2.077489097003709,8.663572455041548,120.53961130456356,True,6.05882206078403,0.4640252125753073,0.07658670413490588,0.39668442322673414
1172,0.3924671911099423,1.2387035547680967,6.537641880930162,89.49899467205213,True,5.253720266975162,4.157911293610799,0.7914222840807478,0.45100604885412254
1173,0.42350320366199223,2.4326091048489684,7.918000243844662,135.87491365493804,True,6.05901390851768,0.5910895924791544,0.09755541106255072,0.494395534318663
1174,0.2909309819782,1.794641129921394,7.912375448100225,57.615092338368996,True,3.3565128258920316,2.7883841801907114,0.8307384255115029,0.547094312989433
1175,0.3093269119913491,1.4181667253780212,10.443288424968763,75.90318840470874,True,4.365658933090808,3.4121827652982697,0.7815962762080696,0.5230385895473608
1176,0.3444186194291031,2.3535272959466367,5.634567762933656,80.08574475815693,True,4.719946385941194,0.8146008300328949,0.1725868820161306,0.5861708783384163
1177,0.4314557746321086,1.115990194940519,4.691032111253042,63.26393325572349,True,3.7509503685217314,3.511723574517756,0.9362223515374702,0.42320716668793024
1178,0.32244798895718596,1.2843241139355634,9.322165354064852,125.68127933242525,True,6.058967713438093,2.309882337844982,0.3812336435993757,0.6466177183350972
1179,0.3432956948735129,1.800557223094612,10.302466944301202,104.12831210736755,True,5.99013043141529,1.3157795311547675,0.21965790999377086,0.7203756413478319
1180,0.3879970223107013,1.8748426999788173,3.2736633364277123,90.65243995180971,True,5.37148059702719,2.5139823893812867,0.46802410321888405,0.6173626985457181
1181,0.4182890363915438,2.280747544724826,3.955978615836112,54.803332183959135,True,3.2599232206810433,3.038274158229502,0.9320078886995271,0.4973098979677273
1182,0.39044855996774974,1.9686924777147172,10.158417699287924,138.15877407404406,True,6.059015860416132,0.7941600268916814,0.13107079518968923,0.5907355738200493
1183,0.3268058227539632,1.4273224930738846,9.595453493421799,121.20143250398289,True,6.058892053757754,1.8929788115962698,0.3124298625558505,0.6751452363498358
1184,0.3976670470243357,2.39646284879345,2.894343975196421,114.50127470162857,True,6.058772814008173,0.7543497402784912,0.12450536823800333,0.5971013348913741
1185,0.3462821982088953,1.0658307715107773,3.881104307423282,75.27713337730233,True,4.468742804169678,4.201438408283132,0.9401835353699187,0.41932604541318685
1186,0.4290839150793171,2.0754726760395177,8.532784110063774,72.2922292140042,True,4.205947168501295,3.168796982170801,0.7534086509460218,0.540102170651485
1187,0.42502114475516173,1.4604168967037254,8.41401663586856,107.39615897250917,True,6.057653037722194,3.461581213242115,0.5714393333005653,0.5673960048089248
1188,0.35816905078920946,2.1208880969115658,10.70537937675508,97.81047987557609,True,5.623303962702376,0.809221140903414,0.14390492604894306,0.5924488418413456
1189,0.403214714748098,1.425257920069975,5.424673921650502,100.53805489482329,True,5.906961284937848,3.595046181342976,0.6086117731142032,0.5354286469808311
1190,0.3179523587434245,1.0783721827466746,9.650390178328983,99.02717042091831,True,5.727288070555347,3.915632305749292,0.6836799995935271,0.4895180149261389
1191,0.309202735397305,1.003545633555912,9.331705916165912,107.97936597090592,True,6.057695154911502,3.8031718475884064,0.6278248987991486,0.5177002915069111
1192,0.38580678063785945,1.129967940313704,11.431779565713317,66.4071199752107,True,3.7788685957331576,2.810540943186342,0.7437519649028851,0.4454319309759289
1193,0.3219896259216382,1.3559150641373678,8.45496970941435,83.38662506798154,True,4.855996085332807,3.6532099929144874,0.7523090893645384,0.5033017257726193
1194,0.3063133981582892,1.0471885600868611,11.983621672831063,69.72550288841485,True,3.9555273767648704,2.8949446968689516,0.7318732550997173,0.4595048414112828
1195,0.4077287676958782,2.3200017635544086,6.200418489830425,68.96366105429365,True,4.0604058635304,2.370344133157173,0.5837702468236095,0.6461990067174361
1196,0.33006780949321607,1.5138489870291756,9.858405507405797,123.94626816893066,True,6.05893119128257,1.5047898842541236,0.2483589657560686,0.6890309535610912
1197,0.38487836929835967,2.363736586431716,5.117544590867527,92.88424283273362,True,5.471490375775495,0.9293118681361552,0.16984620355919758,0.6355020803325804
1198,0.4155516904650968,1.2580334633369468,8.513420842574558,105.11683454951142,True,6.0551683613100415,3.855489646500907,0.6367270761843471,0.5080950257326284
1199,0.4208290598270414,1.8703905900515188,8.435786753796648,130.830889920569,True,6.059005029574898,1.4232570351295621,0.23489946421606095,0.683169762343002
1200,0.43925286757935933,1.8090934548374222,2.809769675499489,85.30418163562328,True,5.067108049876994,3.442610603617889,0.6794034328321575,0.5145845968402591
1201,0.325405744095376,1.4809527385048042,3.7429569961618636,116.57323837976371,True,6.0588909339691694,2.0061394648607123,0.33110671354278587,0.6212798560863924
1202,0.4220829190457196,1.4563157379176572,4.862412473778032,133.80435650299438,True,6.059081711704153,2.579618753173758,0.4257441764138587,0.5736798034468675
1203,0.3008668447482997,2.1032945417513744,3.6978598590920915,135.76928376636323,True,6.059020986925505,0.44111611454444216,0.07280319964170899,0.3856413118266886
1204,0.36531990824949023,1.21262454485642,10.012297140740557,120.13014268448096,True,6.058863106863574,3.301508496761137,0.5449056099354905,0.5948058103521161
1205,0.3107092630716471,1.6642940138930369,4.456675481604792,121.65331854770963,True,6.058979812040257,1.1488625504398666,0.18961319992465975,0.7021337222035817
1206,0.37083004113602724,1.9776983731756403,2.379105376071718,136.2013705680685,True,6.0590989034275,0.9246575691352489,0.15260644922171354,0.6859858529894143
1207,0.4284281206152049,1.1328182702458376,11.417031934043411,99.12652833454906,True,5.680417479360253,4.209698824552174,0.7410896892434539,0.455630766989509
1208,0.4144120053739139,1.0714448903434781,6.393338936106097,138.56780534623297,True,6.059097536069753,3.621174939883132,0.5976426222430502,0.5251269193384314
1209,0.2826287358542683,1.1672419347118,4.59938514613684,82.39297962434776,True,4.8743102139923975,3.959552620334367,0.8123308625224366,0.4653162093606005
1210,0.31435029103219947,2.347431263723334,5.648625341540148,122.8806916197806,True,6.058858985028662,0.40031370574288644,0.06607080751211653,0.3581566362378603
1211,0.2923764385241205,1.8457739037490088,10.16931050208794,61.22048380421118,True,3.5109033350341408,2.5893828829816075,0.737526111056096,0.608709557086692
1212,0.4263583886257637,1.4449184316604955,7.278991559933597,78.137088291179,True,4.577465139113776,4.018770868743542,0.8779467995078166,0.45334970146317755
1213,0.3895815251810159,1.8901560054926692,7.1545662711585605,128.48226922532058,True,6.059001835749386,1.1585085906029255,0.19120452873400387,0.6906856239614414
1214,0.40516564102142605,1.3107773233787703,11.194883697799392,122.30245804187496,True,6.0588938639644505,3.250027322769682,0.5364060496420591,0.6024892888949589
1215,0.4205470411993625,1.1193353362649578,8.093642802912179,89.74511639060636,True,5.234284934500341,4.329269824929693,0.8270986159722618,0.43347550839746507
1216,0.37055371190109804,1.1881635469241456,10.263533124136039,88.59929611836026,True,5.110188244748554,4.078580495836415,0.798127250992708,0.4655373511928982
1217,0.2990873851550563,1.9205234993177145,9.287832901222458,107.04899585409116,True,6.057143038579618,0.6014205972457095,0.09929113336355036,0.4744745994822708
1218,0.4300508503047006,1.6670616466789663,5.3324034304629215,111.17505111811494,True,6.058488294918613,2.890311123787045,0.4770680379478842,0.5934364736063342
1219,0.40229613844506507,1.1532396767041806,2.368062497322306,92.55364394811215,True,5.493592152740103,4.222158652724907,0.7685606312472564,0.42288960114874463
1220,0.39686227259229734,1.2860523719990873,3.0869866779472677,121.71468647103501,True,6.059038112274017,3.3842052161324343,0.5585383609449369,0.5267582425941364
1221,0.29947691274516647,1.1223659065759635,10.124454728467587,109.54872327254856,True,6.057963030380596,3.3275814386880915,0.5492904829561223,0.5809020050580478
1222,0.2991765240457243,1.866250213861703,5.813874881851577,93.99737641075635,True,5.523628824289337,1.0630529540726221,0.1924555374535676,0.6743070544589451
1223,0.4463074209649628,1.0912984636384895,10.381540033168069,65.14335913495184,True,3.737002820737793,2.9177030315525876,0.7807601897866773,0.43518417939180676
1224,0.36838122529903783,2.100620219447885,9.250556061168174,105.04434219589174,True,6.049917254422042,0.848192369666114,0.1401990033906907,0.6007054297612222
1225,0.28930759954142377,2.0767836305476433,3.8341005676764874,58.87047277052659,True,3.5013446158076404,2.0678272591058926,0.5905809013400743,0.6443715796636003
1226,0.3056096358100576,2.039820877522639,2.9206028267702315,59.57952393706817,True,3.553907013376565,2.3606604103650737,0.6642437186678701,0.5962723593658943
1227,0.42308198841068984,1.3590874657656902,9.04939711279492,130.52904761704968,True,6.059009858852571,3.0780044828688404,0.508004534498602,0.5987067885361577
1228,0.38902207160097,1.5535441197930062,9.023380102266241,98.60832939834268,True,5.719533857771356,3.105105711783169,0.5428948912618358,0.600304145012744
1229,0.3603463497049602,1.921999057097456,2.6853979976352,111.67664339325285,True,6.058614678629235,1.3058449294095298,0.21553523349416537,0.6866495340423335
1230,0.31609187794919147,1.4131292894323138,3.158621189622525,54.325410059477264,True,3.2411581929678612,3.0988346053102562,0.9560886636245045,0.4404944332247567
1231,0.4304946775187025,1.166243985008357,3.118919439724589,107.30817678873903,True,6.05820573907892,4.073182914112239,0.6723414637171962,0.461781286224181
1232,0.4331090834435105,1.0357849809809072,4.541211417395937,63.516659550137376,True,3.768052353961129,3.538812037771834,0.9391621202002918,0.4200652086070913
1233,0.40420305718218413,2.2133118177783437,8.001844859276334,127.843081912423,True,6.058971928034744,0.7329424065875836,0.1209681139462412,0.5679305463335682
1234,0.325019077256516,1.814706729928868,9.0768416580721,83.60654626735982,True,4.851728452942061,2.02434213142101,0.41724143283275883,0.716781694616059
1235,0.36866704087287216,1.4049599867632412,9.207023921557418,117.45572807748958,True,6.0587672921304785,2.7819566061752794,0.459162148344708,0.6391709654420628
1236,0.3930898220977934,1.1291494961350304,2.5920240951340547,87.26976102582847,True,5.184633781391829,4.327362795306092,0.8346515834613876,0.41385276906087265
1237,0.2947342744984948,1.288231650989097,8.728860944244568,130.96661805888922,True,6.059006582297026,1.7854049076324578,0.2946695771628613,0.6649832297419147
1238,0.3136397776596336,1.745514519793643,4.013861064045194,80.3193492198381,True,4.760515341256144,2.4067403050177503,0.5055629763778243,0.6429719172886954
1239,0.32718701278475887,1.985317760603528,4.328195486032543,112.06784119274695,True,6.058557855909894,0.7823967559911046,0.12913910778749207,0.5997498188246122
1240,0.44624650637068347,1.4648806961838794,5.657568207883667,118.97403364605952,True,6.05893909771737,3.392693253256996,0.5599483999657879,0.5562052249977691
1241,0.34015996907377666,1.970493070808936,9.90314775204401,57.14067872504217,True,3.2779797678620457,2.4909430668285104,0.7599019039867796,0.5473904650836312
1242,0.2973373517560798,1.0332840751163397,3.296866724089983,103.54681397877017,True,6.055961454889568,3.8418839343194513,0.634397025631252,0.4921527957588183
1243,0.3861380514671527,1.7320953958510035,10.772089164658777,56.37146113741946,True,3.207564239886161,2.3506500520778304,0.7328458220251443,0.46564793899814827
1244,0.44486046633608056,1.2203437900041731,2.1459405924964603,125.51386978825471,True,6.059085448336775,3.8048772468881187,0.6279623021214465,0.47922321275928237
1245,0.3988375935564088,1.5773320492062308,7.318446298661117,126.80777197513356,True,6.059003154216884,2.1027170830439346,0.34704010371417393,0.629180001630147
1246,0.39123888790364125,2.181000395970908,7.626834471314677,77.84646591283034,True,4.551451292914818,2.0963186089408383,0.4605824547005806,0.7060590378819849
1247,0.34469185126142876,1.9096726753974362,9.19996560994483,99.32652746921161,True,5.753381973185428,1.1865957017744009,0.20624316398680342,0.7055935002177334
1248,0.2843601795663399,1.2997334800972329,8.78702250147045,105.51994051546222,True,6.055859774393222,2.673081113927476,0.441404063751676,0.6538890052244173
1249,0.39269568687986517,1.076896638148646,11.228234060851396,108.15731464772591,True,6.05732189170511,4.045995685061903,0.6679512427104931,0.48381613420965675
1250,0.36761645731931236,1.9227528042245794,2.7611656923984857,64.39250137356372,True,3.840578169154062,3.242234719371871,0.84420485056447,0.5074982349727004
1251,0.3377112720459095,1.744420309468524,9.561129879570037,123.36571490739917,True,6.058914810238381,0.964977977452048,0.1592658104090561,0.6469861009213229
1252,0.3775203400537648,2.293447870495005,5.498825272273735,113.3810699520522,True,6.058604162107576,0.6716635558988434,0.1108611056156531,0.5362220194478322
1253,0.34415762891603136,1.394705328477261,11.239015167720202,69.33689315299785,True,3.9568473145579484,2.9878823679314657,0.7551169227426372,0.4844766663008664
1254,0.31829194369384256,2.1471349675493925,4.641995753117965,54.6153149929775,True,3.239115804263543,2.5227848008969516,0.7788498322833324,0.5842679675289766
1255,0.3527668447687767,1.5588700494293521,11.970604432743817,84.75667175428686,True,4.832826657916847,3.175855081205605,0.6571423529133016,0.5611215945689758
1256,0.29516102432715186,2.016543100987213,5.052825579227893,64.20550522995197,True,3.7993667211742164,2.0004779360628864,0.5265293094541363,0.6754162466692515
1257,0.4191796797545668,2.360480851122146,11.43996271784288,121.33167611781664,True,6.058815105411026,0.6454175261314329,0.10652537086913601,0.5070745637907748
1258,0.4046910539561939,1.13085640363725,9.121925061185252,74.111082294667,True,4.298380072962905,3.6067607661194985,0.839097684452397,0.44492352390023715
1259,0.3734238628787475,1.5871074281711888,4.445577425063167,118.90566543788002,True,6.058952371317828,2.102868790614379,0.34706805099987986,0.6160834562553794
1260,0.40263453684895045,2.351386941875293,6.728418836449069,58.57709222451784,True,3.438449086575051,2.7904318934076047,0.8115379414232016,0.5644649973600688
1261,0.42711410830249763,1.0217508313384343,5.458851738318803,136.0926214327858,True,6.059095058355588,3.860104070916691,0.6370760045418905,0.5001592030727453
1262,0.4287364749914973,2.3927648165310433,7.523872382708585,53.98602401503474,True,3.150733812704059,2.655492841585397,0.8428172608165745,0.5147094841257092
1263,0.39096252205432475,1.986909785713633,5.745915899662604,60.87763915102936,True,3.5927104663855034,3.223380899827319,0.8972002976544465,0.5032848909099021
1264,0.4317633120583638,2.12833777464198,7.02698679673837,93.96250313060641,True,5.499620274357731,2.1353419563727862,0.3882707986820345,0.6800795831427258
1265,0.44369566740524435,1.7641291058178075,2.413489743702921,83.87847886294136,True,4.988441229661731,3.610653570036449,0.7238039707809265,0.48569406022802575
1266,0.3913566366877342,2.1613652841621165,6.496882124261487,65.19391303210708,True,3.8332681129948813,2.8126324564291334,0.7337426899240974,0.5676210118109659
1267,0.30505151907801215,1.8711226171223259,6.523528385125825,129.76953593334215,True,6.058990681892948,0.5826438664198155,0.09616186870216246,0.4821622279477431
1268,0.37677651617568697,1.3783706997346117,9.74507842994109,70.95995048353271,True,4.09665850050658,3.3260306103366,0.8118886672944092,0.4699251320847315
1269,0.323478522025985,1.107137866195383,9.798250003836461,98.02772101765822,True,5.666131275333194,3.9013081863808097,0.6885312035329424,0.49019447347055234
1270,0.4315401707177804,1.1390639865193375,8.09791649488216,136.4426789205018,True,6.059061250613385,3.607176386418628,0.5953358510864134,0.543028097080466
1271,0.31808568860447434,1.0851897976447804,8.571080367321244,89.67126589300707,True,5.218112618255131,4.100958988930138,0.7859084862567502,0.46108735612168283
1272,0.3633053243726658,1.8907821472491784,9.822938846751562,99.37585110918833,True,5.7397611592912465,1.4976019509947367,0.26091711996944184,0.7277805728965059
1273,0.44053578827820117,1.7782267321964986,3.620025884132929,126.60999734634393,True,6.059055803223467,2.1397286989296456,0.3531455672996595,0.608049253620369
1274,0.36205140266143804,1.6100174033243848,5.5108603792642175,64.09121787052513,True,3.7865014482375496,3.4555038557974624,0.912584849903028,0.4731129788154185
1275,0.32823212322874007,1.4017790829437753,8.479885998762125,129.8473518537021,True,6.059002930522334,1.7677393173092668,0.2917541611350357,0.6629268091708931
1276,0.39272483514917245,2.1419120951458663,10.874176469297545,93.7270363067179,True,5.385223488800771,1.3374069487660791,0.24834752941031693,0.74721852440143
1277,0.3621516509409915,1.2558724890857667,4.784141234269658,94.74745325559307,True,5.587751726433096,3.8209285185844672,0.6838042750735333,0.491973984348792
1278,0.37615596366781423,2.222547964359749,7.339416481541606,93.78831237646259,True,5.48122747295485,0.9973056864919153,0.18194933368716448,0.6555435823310121
1279,0.3249138752595102,1.2514249738094259,3.859731126452157,50.78722333299617,True,3.0234047130444073,2.8595286093957486,0.9457974967950473,0.4247209523214095
1280,0.3672420764777031,1.8382698746200954,8.552841748959494,125.17005658391241,True,6.058954767909882,1.046307142666856,0.1726877296078237,0.668612854714882
1281,0.3114030334251193,1.2932186038559448,10.647802591167105,72.58037818303436,True,4.165335980835385,3.259585082773915,0.7825503387412661,0.4898411283983175
1282,0.36390208091836274,1.9502675650074075,2.5535017655182397,112.81211665712371,True,6.058698348065684,1.2657064798518578,0.2089073274717416,0.690096533146562
1283,0.3668513421471694,2.380391685808485,6.855627472004434,76.39249837032781,True,4.48197721073787,1.1230790896172216,0.25057670684414934,0.7179962614605491
1284,0.3971252916747542,1.5444700857979652,5.388863045271886,83.89207529250757,True,4.948962896004829,3.748987474401677,0.7575299215575325,0.4894088665347316
1285,0.34140217415260954,1.4863277816096603,8.268405152037086,139.50817585677294,True,6.059061456246315,1.4358664044515992,0.236978352971046,0.687366469645363
1286,0.4454668498491782,1.1396237916905103,11.13552048241012,77.11324992440528,True,4.4158958643838595,3.451266592922289,0.7815552492435953,0.44967838195929266
1287,0.34817898541209413,1.2817923975344567,8.231707832869084,68.1310416313164,True,3.9696108836115447,3.3921225284981547,0.8545226794148669,0.45954095291579433
1288,0.4297297155918022,2.0648370011483816,9.344686183610348,65.47983235213651,True,3.785200461524496,3.0423094145384932,0.8037379910159891,0.5173545205949153
1289,0.4199673960701025,1.4915578520540973,3.8227238482617443,101.37642038156662,True,5.977612778584281,3.5808254820271777,0.5990393848955953,0.5279748593706541
1290,0.30465074799738406,2.3575453562200153,7.149371733465813,112.12632016579991,True,6.058313587459263,0.386751213567648,0.06383809751417042,0.346631091649531
1291,0.4228298480106106,1.1801998819018527,2.9431681392254525,54.37641731842691,True,3.2466522033201963,3.122788819197996,0.9618488903752822,0.4136207575454791
1292,0.4091894472489026,1.8075011405310568,5.16641783412122,90.38184427443828,True,5.328819754356113,2.9850151333401413,0.5601644024270106,0.59987541081667
1293,0.2800988371317368,1.4139648572329997,3.794128041410885,87.03281774379776,True,5.155025347162853,2.965771622398711,0.5753165935509839,0.5838632518376672
1294,0.3302186702909388,1.8804967878920253,5.107478948491606,86.74122585219942,True,5.117585943609224,1.756289607863309,0.34318712518282984,0.6879044174316125
1295,0.4374490791985805,2.108211315664599,10.199983961546573,101.89967489805166,True,5.872074928302922,1.8743080030658827,0.3191900692601641,0.7211171849805722
1296,0.31705538525754146,2.049350372176887,4.46488673006146,89.93612861945346,True,5.3113663017316295,0.9659275664710897,0.1818604689637344,0.6476491849079058
1297,0.42799393197999724,1.4938206328181585,5.461957916267281,78.18432751182482,True,4.615021626034122,4.121335764437996,0.893026316754149,0.4480603448938134
1298,0.28313459524794293,1.9549938046743922,11.985598225589936,111.9211600625224,True,6.058022637555943,0.45215782195668214,0.07463785611390539,0.3886082691586008
1299,0.44953734058005457,2.483991621361242,10.556233451922019,90.16057065703572,True,5.189506045595668,1.4394550383241278,0.2773780443990026,0.751763507700002
1300,0.29196312910437133,1.1813708815862727,8.524148848497036,100.73933703335273,True,5.8532852169403835,3.353790262453048,0.5729757116134747,0.5688834534193088
1301,0.2882305394255227,1.1987352107919915,10.984739556125152,68.49815519552212,True,3.9156496242609475,2.9891757026443644,0.7633920267338912,0.4773535343743398
1302,0.3587887982860014,1.0951951144820642,11.212744057772333,52.553970487294926,True,2.968496364897462,2.0813965794673974,0.7011619094703837,0.4127063720042088
1303,0.38863317102256534,1.3938167606203766,4.822976283756644,126.65980708162627,True,6.059042690672821,2.6558116731709167,0.438321993878542,0.5732870102748717
1304,0.4086581153394886,2.4264716004125177,8.678535765803726,99.85447969386746,True,5.795643871610796,0.7898977020893792,0.1362916217055002,0.5740653797211279
1305,0.33711129852194877,1.1570793538202977,6.104506175711432,132.93036809042923,True,6.059060465781852,2.778403121362234,0.4585534567699207,0.5732199125437547
1306,0.2872691563342404,2.000918288226158,8.859311826074338,110.56979979388362,True,6.058124033797299,0.4776826315938579,0.07884992597195821,0.4010122032529786
1307,0.3677035971724497,1.3650730808093634,5.975998757781955,69.08380527422628,True,4.072573778068419,3.7007178109185657,0.9086926382641936,0.4529828586296727
1308,0.3099704947262135,1.9266962299551245,11.3614375935812,75.62178850929328,True,4.319466135513037,1.661020112289527,0.384542918078056,0.7412992192714247
1309,0.3072693480841311,1.998169233158278,3.332811940546725,52.71958272365767,True,3.1434203560302194,2.9237458121839937,0.9301160777225322,0.5376561429035718
1310,0.4136932098537315,1.2225300448799437,3.108470285017847,119.9632415809539,True,6.0590170123289635,3.7389117483776038,0.6170822331030956,0.5026598689678985
1311,0.3479608352923652,1.0535102023117602,4.69745305058192,106.55593445469887,True,6.05791738125238,3.955794627195107,0.6529958033824007,0.48957641802820895
1312,0.303026250181001,1.478633597152826,3.702603476586411,85.81720373671396,True,5.085633713318129,3.0112981461116286,0.5921185669006632,0.5774132676116039
1313,0.2903480596725298,2.377146974666212,4.761241368376132,119.84558825151962,True,6.0587394989578325,0.37344911747778925,0.06163808784682465,0.3387306154537102
1314,0.39367882253478986,1.1009328205492315,10.227866825012228,125.99626999799783,True,6.058968762046016,3.6604538348056446,0.6041380932238984,0.5547320007815655
1315,0.441019682088271,1.7848111984329305,11.284225677942855,119.98014516859796,True,6.058807061163219,2.2456892671503965,0.370648750567616,0.6873809894880911
1316,0.3778886802027186,1.0479626959258592,8.988360595396102,121.82585644783798,True,6.058936294766557,3.8013902129195665,0.6274022415787801,0.5347140194798077
1317,0.43734205869020176,1.1856322011870553,3.280218300299633,50.230614118585464,True,2.99709936883075,2.8669330562441426,0.956569236929442,0.40988834916896266
1318,0.3145248553890466,1.3233552174514884,10.888090622939156,104.19095889766601,True,5.979009449045665,2.862140004134824,0.4786980232305307,0.6300068629296223
1319,0.3221959261847386,2.044210236998695,8.804111069462095,86.95708727397013,True,5.05188173906342,0.955659797881314,0.18916907545394876,0.677829009113299
1320,0.2981086046430935,1.6290230025082137,7.195069193380222,133.32297307933374,True,6.059020374418343,0.8239974359822948,0.13599515846840132,0.6158363195547687
1321,0.44097302350275325,1.3186657853276498,4.216075190433559,131.33503285698305,True,6.059080479996453,3.317879078914217,0.5475878872822233,0.5297756342651816
1322,0.29246889384003877,1.0077936622226547,9.973339494060795,100.15482390092022,True,5.782341299575538,3.941410039895791,0.6816287444300662,0.4883533907796087
1323,0.305256673549311,1.8679988751423555,9.951187990801476,100.64374279018386,True,5.806139757856534,0.7946076082710806,0.13685643842724649,0.5837162373738054
1324,0.31799573116584473,1.5000689424502818,3.893688544196406,75.33083484775678,True,4.471022440590885,3.506923688467454,0.7843672750620289,0.5003707965333528
1325,0.368607908342324,2.420789980572694,8.086370192135506,93.63490493333228,True,5.453740238421857,0.6099883713066683,0.11184771269619177,0.47999170813694114
1326,0.4071589581718415,2.193525827847184,9.365006522537398,96.47174527907946,True,5.586451392267227,1.3163287663451706,0.2356287872059953,0.7141073463177587
1327,0.29783436557154014,1.9965386747816303,11.992872922626114,103.44870891819713,True,5.898117196261525,0.506626285606749,0.08589627312388266,0.4222440777482266
1328,0.31193050839784375,2.0952713449460654,9.353274860065788,69.37717734748473,True,4.0126133599952585,1.5077763425603459,0.37575918915898926,0.7561510060241408
1329,0.3426415973426621,1.720811543123783,3.592965570200426,118.43023354177843,True,6.058945358524096,1.4285648462835712,0.23577780649131924,0.6848891801678221
1330,0.35241264884331913,2.0067743625884535,2.625680875248681,122.85314810599765,True,6.059014638611308,0.876340649712197,0.14463418591658153,0.6606311940418021
1331,0.3214676518402739,1.7003902076283355,3.166988625723261,135.95354462737765,True,6.059090091872281,0.9879942432508795,0.16305983708282934,0.702658108902444
1332,0.43355778968879943,2.0452421451638547,6.296170796572016,80.026584392221,True,4.706900703579554,2.9647453895396283,0.6298720912648459,0.5866161303624091
1333,0.29765902572816144,1.4063793802282691,4.213210949837923,123.9000978473498,True,6.059021426299876,1.7503803290921134,0.28888828837844793,0.6521093382020409
1334,0.32924091961185725,1.591250609720233,5.365852857199183,90.98252913594465,True,5.35988100033046,2.6960753565401125,0.5030103012312938,0.6309091744849891
1335,0.3631011268833351,2.223968245412043,7.155656271120982,82.68879066192851,True,4.843113698252252,1.2178534164116679,0.2514608353818243,0.7185111480734445
1336,0.3095546596051899,1.887197937601413,8.216382952484187,136.0513068116203,True,6.059004451383907,0.5276441071597444,0.08708429105696198,0.44480582139287783
1337,0.28215337481457026,1.64109716427179,10.655433919707457,52.84610788914406,True,3.002409589447202,2.166129940203962,0.7214638361859169,0.49093559962477507
1338,0.3237190907124954,2.0127617920574337,10.960478211499542,115.52322617901063,True,6.058489385156399,0.5378110799752339,0.08876983118810076,0.4405164274202926
1339,0.31114437081946916,1.357437497941778,4.573181330102203,60.26814145215137,True,3.5754193772585245,3.3374928978133815,0.933454944905631,0.45309283952465007
1340,0.2998352085461141,2.3896920504773096,2.739289069934925,57.29449163472028,True,3.419521329909287,1.2650173344255373,0.369939887013103,0.702305300132021
1341,0.29250481765741115,1.5655361256634768,4.567860745163358,76.51471725915617,True,4.530620321050882,2.9547433061305624,0.6521719095289819,0.5700382070632002
1342,0.3390046008726783,1.3080132273206213,5.784273311443864,128.70513381372623,True,6.059037935115528,2.3459848953886926,0.38718768895510497,0.6016927722173935
1343,0.28050743136768114,1.8553019980609664,4.981748938629091,104.82431947961135,True,6.056845492460215,0.7285278970147961,0.12028173707282026,0.553521158209954
1344,0.32596327164176264,2.227958815566776,3.4289180021835937,72.32769327849118,True,4.298871848970573,1.2958773104652461,0.3014459039470001,0.700584052375985
1345,0.4336613750827028,2.071227470478193,4.621082932570831,58.9464974412292,True,3.49642540676025,3.2417042132528002,0.9271481116070852,0.47611139712241224
1346,0.42532977114855125,1.5056656721959492,5.444570005141825,124.96141575713901,True,6.059023224781985,2.7482707342439396,0.4535831325094199,0.5753157599801675
1347,0.43168627987297387,1.3990523635534413,10.107190610825533,58.712554496830634,True,3.365732904069174,2.596257540904646,0.7713795523601318,0.43713568288924165
1348,0.30346183853111114,2.480152216520334,11.342831325131563,102.27147600574006,True,5.84401934601544,0.343771642188663,0.05882452158941823,0.3333927072742746
1349,0.42608846469382844,2.338505728892697,3.9465608147003524,55.21816239811962,True,3.2846010170018443,3.055040077989097,0.9301099470454745,0.5019581275238285
1350,0.34071704557832005,2.4150990966264057,2.9130789599839773,79.82840574623478,True,4.743187326418424,0.7901050957936058,0.16657682723026954,0.5704685804917591
1351,0.40014301616125386,1.6624529871662859,9.608226722119719,103.81264625401067,True,5.993721406112339,2.744498703394553,0.4578956073259828,0.6516113578458493
1352,0.41487574702553587,1.235636415311106,4.508661756324701,95.55013838331449,True,5.638469451248953,4.094291766264487,0.7261353105952499,0.45609841319508027
1353,0.3807818480504215,1.2871084505842427,6.941363457201863,71.48891547367361,True,4.195376054737872,3.7357881640933273,0.8904537079279156,0.4487557742121986
1354,0.3256423414336417,1.9577800431854917,5.519261232774639,75.85909668605962,True,4.476464771985751,1.9775953275431257,0.44177613993952386,0.6969827965671107
1355,0.2929722924560254,1.0528829275755562,2.0160727798883293,83.34472593741461,True,4.961662947988823,4.201500677600328,0.8467928437789952,0.41980864598064116
1356,0.42391073987563643,1.7795155079048477,7.115246755604255,67.55821747081626,True,3.960612022229573,3.478038768159018,0.8781568981354309,0.47791445538162547
1357,0.4166011337514629,1.5957992495867983,9.863213455085614,96.51006886715989,True,5.57697325772191,3.2953735453360995,0.5908892499660646,0.5638141720069285
1358,0.40115406725361735,2.4284298011051755,10.021341636082662,138.2858668392764,True,6.058990923284643,0.47945256939147946,0.07913076211237549,0.41590119960684957
1359,0.3509044511348363,1.6995968585202685,11.580280261952376,92.69800043900281,True,5.304540389119016,2.3004836313052173,0.43368198987118733,0.6840606427826712
1360,0.4379190210433313,2.266141092917059,9.050906490861486,117.78175582610534,True,6.058765354911079,1.014862910472984,0.16750325371989563,0.656875791513766
1361,0.30116835491056815,1.338047095278486,6.335866756305048,71.80915817614805,True,4.225772540320494,3.7682484304803356,0.8917300669937481,0.4785608835279138
1362,0.42479432111682663,2.101415799977724,5.874970749886632,119.00414920129074,True,6.058909247119582,1.3049391958739145,0.21537526684267227,0.6905077796941108
1363,0.31427646199954007,2.0018690857123187,5.740341720690534,114.23613202072616,True,6.058645769843673,0.6174318031434485,0.10190920984630855,0.49797082555212135
1364,0.4426748490897322,2.2580155393218124,5.804040386457423,115.02214099932671,True,6.058731783786949,1.2689364506283332,0.2094392846410503,0.68874220528981
1365,0.3451367482043944,1.5316669788375208,9.169468912758118,90.73670253965682,True,5.263387110625668,2.9590020376176396,0.5621859033784611,0.6021383741302428
1366,0.2953803078101773,1.692392673115714,7.861019256206761,120.95863729573651,True,6.05889796569623,0.8127068666308656,0.13413443686165083,0.5943544855736409
1367,0.35135593764498146,1.8106775308817733,8.81683714390107,119.92716814941632,True,6.0588594641755105,1.03167287877407,0.17027509630716614,0.6631372378551093
1368,0.2835747191272126,2.226094201948473,2.6465855267202567,134.36922688590303,True,6.058951199223604,0.40090304729038045,0.06616706986214912,0.35234466992592406
1369,0.36906218430189225,1.4706617877633374,4.397134519293292,78.08005115418237,True,4.625365536890413,3.8740761256323215,0.8375718837211781,0.46911519753493325
1370,0.4455777962706123,2.4902497641852666,4.833248164526426,134.5835229634489,True,6.059052676472767,0.718462149647742,0.11857664688038155,0.5843364475113688
1371,0.37146987383493163,2.245065563089227,11.470597375118203,110.74355695622813,True,6.057932782097312,0.5773959153287124,0.09531236745231969,0.46595859001826634
1372,0.39692497108900965,1.7614405861282787,2.3034369446610787,136.77515428871703,True,6.059120000841304,1.6212450736268553,0.26757104553165256,0.6711637381882696
1373,0.42838984285662873,1.9500074355565293,7.785697851753257,67.80872709337599,True,3.960631720781628,3.381995851059021,0.8539031370459221,0.5009817341988683
1374,0.42858303245261475,1.4242703053292973,8.469882359450883,62.318529459328886,True,3.621801398358368,3.041756429390028,0.8398462794698645,0.44533089894753175
1375,0.33090044757990933,1.159369879775337,2.4344364196683608,114.27682780052395,True,6.058828011473769,3.487742684443281,0.5756464249915078,0.5190056480977407
1376,0.42374563357900275,1.7189781108386473,5.049157536403473,55.3819988751897,True,3.2793969716043136,3.0270550173068593,0.9230523305100187,0.4444120040403039
1377,0.4264731928201767,2.2528063842444404,6.139494283933361,110.5008265780553,True,6.058357405408185,1.1748688002677323,0.19392530378266365,0.6830162147710985
1378,0.4404402127425763,1.4160046658079843,5.354449197019733,76.95584996289709,True,4.545085330375154,4.153037435978697,0.9137424567639312,0.4362864577225847
1379,0.4304350363178091,2.475105442831907,9.75927208653949,139.25434131325855,True,6.059010608076026,0.552224619525831,0.09114105507420196,0.46634509874625385
1380,0.356292288086169,1.0320628321134802,3.5128528830848924,131.01469151670221,True,6.059090583804199,3.5794332978409247,0.5907542144044954,0.5100345029197464
1381,0.31873605545482264,1.5363135656679772,3.5734682688141115,123.43108194361297,True,6.059024604720775,1.5939461304367422,0.2630697570026121,0.6690841611303058
1382,0.40996886173301583,1.7066420795424113,7.983284311875783,100.45213556669853,True,5.849603113785778,2.8861472184849117,0.4933919724712809,0.6305664990348228
1383,0.28284590078882194,1.3297399356263042,7.225801942052303,58.786152571991096,True,3.441275606676646,2.9934673026796186,0.8698714211880604,0.4645823820741608
1384,0.29969468063837534,2.3345449911135567,5.398153048882401,98.41995266123479,True,5.777497506428059,0.44182499595510455,0.07647342044951623,0.37798001545719684
1385,0.316468245661981,1.5778377781929454,4.967007836991671,99.60800488584452,True,5.860760618010295,2.138023853685682,0.36480313615189636,0.6449607654219776
1386,0.3009481954758304,2.1735324641164198,9.920142119375459,108.38202492143681,True,6.057503714183041,0.423890918516027,0.06997782230385244,0.3703088379588908
1387,0.28053797168435296,2.0106589054320123,8.308560692997546,88.06710429580212,True,5.127023916534588,0.6188754309013617,0.120708512575004,0.48507364501819206
1388,0.4087452304332917,1.3463679269280486,6.951689558658715,120.70044482518388,True,6.05895057236038,3.3209294309857444,0.548103073514926,0.5727339048398359
1389,0.43407926583704914,1.4580003380309394,9.526648177480855,64.93328278545914,True,3.7486261322666214,3.033499762468684,0.8092297432271451,0.45202171930723445
1390,0.4109059978187324,1.559977114914231,4.524494002770366,116.41213921977857,True,6.058871734310755,2.7428678233298553,0.4527027380027345,0.5782944761583964
1391,0.3004057165835394,1.3215646605337232,3.4816886559808435,96.07297256494078,True,5.682066445603774,3.194179393347037,0.5621510103632068,0.5642273400121822
1392,0.2825335013561504,1.469590571335825,5.9592598338994875,79.20415622359687,True,4.6650730456032345,3.06619489862143,0.657266213979495,0.5642253451365273
1393,0.3992123951788903,2.3336029548900528,2.683370044772922,74.60923269782094,True,4.442039327713835,1.983352361489636,0.44649590315770554,0.6559970268484805
1394,0.3083915103794869,1.234242446027883,5.595746546840259,134.6111537777452,True,6.059071756870946,2.1527196822013686,0.3552886924899345,0.6162798537693863
1395,0.407015649406711,1.8584615769496518,5.883378300033982,138.97773686318476,True,6.0590835036817845,1.2792679834054037,0.21113225830739257,0.7094164396575029
1396,0.313939079394305,2.301287058711963,3.6471567009107586,81.35174205023955,True,4.82280503552775,0.6870853174102344,0.1424659119223649,0.5160649058743143
1397,0.3589233900520569,1.5965397146374556,3.1778663510021152,82.63439900944883,True,4.907067167785446,3.2995443060172915,0.6724065909834229,0.5310877238727021
1398,0.34616530787696165,1.2039929232042792,7.382150800558839,95.73648782963261,True,5.595443433260788,3.8261594864931396,0.6837991541026831,0.49633486677733085
1399,0.41685720279361876,2.018939708744752,8.867127661703645,67.25862511471786,True,3.902205885466581,3.1809656546921175,0.8151711488466924,0.5260454690845981
1400,0.42759980920358015,1.5174495219469981,8.775513581662334,139.01403144470757,True,6.059061222363557,2.2187898877728567,0.3661936736310674,0.6215942834216417
1401,0.4348234149331634,1.9985825833632094,3.7097122198202803,134.3030922269096,True,6.059085415628071,1.436506997129606,0.2370831402086615,0.7031033272867924
1402,0.4338135220978603,1.6684682172773242,4.909764375417022,63.19801005427718,True,3.7435385986336596,3.4753918526990297,0.9283707810485781,0.4498502731163385
1403,0.4421556140249743,1.3917612210021602,5.561864370123439,108.57979213319155,True,6.058219708196639,3.751740897226978,0.6192810888239914,0.5227308571951621
1404,0.38697756155065666,1.91062327505571,8.281972041782026,133.78690677641097,True,6.0590152530157315,0.9692369732403766,0.1599660890039783,0.6619613611430935
1405,0.33997235274933774,1.5765161714059166,5.241791771605442,95.1073446226417,True,5.599842309298618,2.720683095510581,0.4858499481302979,0.6265259227553961
1406,0.37936411616137167,1.2057942283679361,6.301325751730075,92.76040714854193,True,5.446791802189938,4.093481376620281,0.7515399018876499,0.459986865030352
1407,0.3467199870595169,1.8525222561871675,4.252893632197242,80.50191027314924,True,4.767970680788187,2.468351933351823,0.5176944445773696,0.641794675189578
1408,0.41137423762095093,2.2891966528481307,9.714433913584966,128.35990873567204,True,6.058948885696341,0.6534875229534136,0.10785493247783189,0.5180910093186291
1409,0.4146176813408014,2.12371644561439,3.4947594573599168,50.60467836261304,True,3.0165608764561376,2.8575216854998704,0.9472779773159735,0.4612183267647114
1410,0.38970172686359517,1.1629022714560633,5.336080242098972,79.50309981608942,True,4.694405220600857,4.271742891238679,0.9099646686853164,0.4269132855930753
1411,0.3499020693088026,1.3500793383483853,3.652097965819098,60.97634308877236,True,3.62943254370337,3.4468352038971006,0.9496898378444714,0.43935642560929367
1412,0.2938180586358499,1.7611129542388464,9.035583094089542,92.59497946319149,True,5.372131722031217,1.280019363479481,0.23827028630554548,0.7418014921919216
1413,0.28317978423136586,1.8652297136047524,8.303556294823801,127.66086860976223,True,6.058936997604143,0.491627068262591,0.08114081206934363,0.4152459352811171
1414,0.36713249091547334,1.2851504006631798,6.9393336942778445,84.03139738056687,True,4.928165264454411,4.062970156541771,0.8244386984841863,0.45936027616900077
1415,0.3674294248839519,1.5819884525087795,6.352358163398119,136.7541479101962,True,6.0590686184019775,1.5699833265133052,0.2591129801278556,0.6810190969454322
1416,0.38954715558338704,1.1607279692789318,3.533714289814294,117.81986503091711,True,6.0589601060338,3.777971974117014,0.623534716849304,0.5049097867455914
1417,0.379139140570534,2.0231257873863173,8.561924052308349,80.38090176840402,True,4.677395736734985,2.24756722654551,0.4805167988874092,0.6868805430135736
1418,0.3953992568026231,1.787838144567336,4.617420547997779,115.25432941813648,True,6.058798578838113,1.8595021059887602,0.3069093784506291,0.6395290987793012
1419,0.3802009821902683,2.2843164544276098,4.106227844028865,84.94834776077599,True,5.0280940097022375,1.3078160897026794,0.26010175767977095,0.6797064391807321
1420,0.44669625557040765,1.2007202389246916,11.939133456200521,99.69871782400678,True,5.695793549379969,4.170103443015057,0.7321373934750505,0.4613832890371494
1421,0.28030425171914686,1.9014886074214885,2.1096508070375326,135.7162125268907,True,6.059059160030964,0.5411160486315014,0.08930694260274166,0.44869027196329236
1422,0.449169606953441,1.4313309703629749,7.052271795629929,56.88024955418686,True,3.3324563690602345,2.9170451603535064,0.8753438416888034,0.43230491299601104
1423,0.32202957438905944,2.2391082959045523,9.716252611854387,62.00190058263362,True,3.569112686445889,1.5739748030886773,0.4409989096354468,0.736749106168233
1424,0.4171794692982105,1.7035744887251782,8.670729556266839,74.07258280856847,True,4.307184449614263,3.6088490066826107,0.837867300297717,0.49114941942572177
1425,0.3798899876683649,2.4991770905216613,11.51968358183299,123.18086295962843,True,6.058814782382908,0.42384211649310005,0.06995462507378458,0.3745837969190342
1426,0.4312544135971364,2.3466890889819325,11.55548068902012,71.65223133925696,True,4.0815963157306685,2.389769634422026,0.585498772921697,0.6402733759265717
1427,0.3783401020049185,2.325537934568544,10.796138662983962,57.17522792391013,True,3.253655073134657,2.2898439385060483,0.7037758726833795,0.6178924574062257
1428,0.35072144453257853,2.3997354643715143,11.249479284936514,96.29607658946,True,5.517188412695104,0.4784992636731608,0.0867288241547324,0.4065608455893144
1429,0.3961247691221981,2.092002432495142,8.354508303665638,131.58048518069697,True,6.058994881602156,0.7814596823340042,0.12897513491996315,0.5918301022809418
1430,0.36400011210039784,1.0577017342887125,3.099657199419676,102.29500325826456,True,6.033272645671855,4.067988147019468,0.6742589612517775,0.4569878609397371
1431,0.418906961765953,2.194088827600102,7.216747432989337,53.18048586101275,True,3.109702874680971,2.663789454648439,0.8566057793935444,0.48661311223146075
1432,0.33049796337882176,1.9605259573562692,10.173622445802724,83.44011198113633,True,4.811295548933952,1.4969017570894625,0.31112238727906333,0.7662819290419391
1433,0.3013621300796381,1.0300782459364681,2.08922049355373,113.63214664410054,True,6.058801937208455,3.704972087015142,0.6115024266203656,0.49453832958220323
1434,0.41756291691668046,1.81849897371693,9.180429697098369,138.72286611613873,True,6.059043467443305,1.3323278151159967,0.21989078346688118,0.6878822774548805
1435,0.3608588361254509,2.1290197445341565,6.2760612364056705,78.3096375743675,True,4.606045554390916,1.755209581836341,0.38106648340963756,0.7181517304009675
1436,0.3311121948272885,1.2796992703341226,8.16908429827075,125.55707098179798,True,6.058985027833405,2.4487914521404033,0.40415869009269556,0.6239446135862217
1437,0.323097664709763,1.8010244400147262,2.9298160029979994,60.15278983244228,True,3.5882741866416574,3.3380234887977034,0.9302587581585651,0.5070816945561498
1438,0.383040427820161,1.6841853356472567,7.1795704554752495,81.29257300008098,True,4.763137351879349,3.337819606423368,0.7007607297124014,0.5330001526222352
1439,0.31534785608242405,2.207880093000349,2.7888015714957946,88.20260774727194,True,5.231866411909034,0.7572635419325168,0.1447406111533727,0.5617799615733245
1440,0.29452819834883026,1.6180668302877026,6.731276770178993,62.19806792082022,True,3.6523770088511505,3.196132739187714,0.8750829203672632,0.514854185567307
1441,0.32611505085575165,1.5156900306257852,3.9132079635374897,87.63726618067766,True,5.188679190613968,3.056539228204934,0.5890784756425187,0.577228499454181
1442,0.3804401174521075,1.9174402950745135,9.76099341336892,76.82558699329567,True,4.438738292751227,2.722483213372629,0.613346188446982,0.6026945895352998
1443,0.28091436192092917,2.0338547334630306,3.9938827769163505,127.9833099879461,True,6.058967217337693,0.452443703106221,0.07467340338326249,0.3923151759039927
1444,0.3448798348491456,1.3708382640445487,8.061380363602236,93.4660569689867,True,5.4489929933525225,3.4078013409644936,0.6254002060787796,0.5488926579126798
1445,0.37562538027477976,1.4852542385747898,3.4676750008724824,131.72602735781675,True,6.059084023862434,2.143879123871783,0.3538289146393356,0.606981725480852
1446,0.43603929667275654,1.0541968253790825,10.465603870715931,51.22334001802636,True,2.9126144388422506,2.123005087543875,0.7289001452549821,0.40371635726837907
1447,0.32710599920334954,2.192152730025933,11.075900050261104,72.69391828341404,True,4.156748929768123,1.138365132518764,0.273859487727652,0.7711498483207961
1448,0.39830874163115776,2.004914361696952,3.131140389320327,114.14185411600522,True,6.058772732654273,1.442622528517622,0.23810474367894421,0.679581796339022
1449,0.28837085303003873,1.4943195536568634,7.816702048215644,63.797173396471024,True,3.7237902514641803,3.1761328316077266,0.8529301107544613,0.5029898540864877
1450,0.35901481579630506,2.498046066729387,9.851198623576568,58.34460410118729,True,3.3497367260007884,1.5452963303843255,0.46131874137739676,0.7347416614606277
1451,0.34047675532501137,1.1869548244730095,2.046473677250465,104.68263439217239,True,6.057545337829909,3.693966413883331,0.6098124253093381,0.49376524026084434
1452,0.29418968309816645,2.4664337859009384,4.877431197745242,62.73163880959851,True,3.7133191265036274,0.6797475193882149,0.18305658528957325,0.5270665973236608
1453,0.43022228414760555,1.3437125948544986,11.607381864152277,56.534279046005764,True,3.191125844036306,2.237283042120614,0.7010952094859345,0.4261566709510842
1454,0.3540944789107665,1.7250985695861014,8.358246330241284,65.73154772690168,True,3.8250353252188822,3.1955307822327614,0.8354251687989056,0.5126269544134701
1455,0.40990584564379584,1.2416158600465914,10.881395409049606,83.20217055984187,True,4.778540514992529,3.803565669528392,0.7959680696637013,0.46311790431769717
1456,0.415203871547792,1.1273811897149142,5.886566379002209,129.09883226548024,True,6.059048071551005,3.7302537930887993,0.6156501399293112,0.5215080412698536
1457,0.28446034211070764,1.801906127617604,4.296645303625391,62.27157317042007,True,3.696781711394667,2.784058198040445,0.7531032166327497,0.5602842183504206
1458,0.3130367063261976,2.3810099767850477,3.4972526612533,85.59066229306384,True,5.070266637802271,0.5555702004576212,0.1095741585492702,0.4449995860731226
1459,0.32973571071491176,1.1826155400639597,10.362633194934013,134.14107022985155,True,6.059012014036883,2.5574358845128997,0.4220879375363674,0.6370872041329392
1460,0.30674295552538755,1.9147503813532636,10.378646321585853,111.71446670414089,True,6.0581756470515815,0.5869988393949946,0.09689366462668968,0.4677943796444848
1461,0.3824707065943762,1.2108331017360139,3.3252932801147645,116.77012369568473,True,6.058926780951279,3.6406954410860335,0.6008812406401828,0.5162075892929332
1462,0.30013649103855483,1.1321609968363842,7.435025692981807,135.41613799685655,True,6.05905548199872,2.402345295964851,0.3964884135988109,0.6075799550027638
1463,0.3750279857208199,2.01831155233697,4.1147832886147935,51.403064928033146,True,3.056399322781816,2.856860169395365,0.934714305195946,0.4758555209117432
1464,0.32661558040701516,2.3368647110941247,7.602227750590018,138.95363969335864,True,6.0589700592031965,0.3777489698601948,0.06234540956122035,0.3459993958358103
1465,0.3103788607386232,2.318476999766152,9.271769941380146,64.14195047764196,True,3.706533042020373,0.9971686491025229,0.26903001748474414,0.7422142755273389
1466,0.33714779276758455,1.485000911861266,8.430868685424363,77.23780052012971,True,4.49808842947734,3.609796201457833,0.8025178379779601,0.5071677714592453
1467,0.31925909472755143,2.454103641834596,10.00181445793411,81.57697627398997,True,4.7044844446356695,0.4491090032220554,0.09546402129869001,0.3920908546581532
1468,0.32299984819997707,1.5646337732551376,8.449171914097299,116.12849940919317,True,6.05870511924928,1.5233862983761883,0.2514376039751787,0.6871180983705201
1469,0.28870337223645853,1.0396176982938592,8.456437516948185,66.18735443266243,True,3.850021822346895,3.2601631103699034,0.8467908133524745,0.44994900423299633
1470,0.30793851755823654,1.2593323760341946,7.001073969320284,122.36180837751785,True,6.058968569512069,2.3997758523337556,0.3960700282237989,0.6190935407632807
1471,0.40193313751286236,2.262968477018926,4.1486971534178725,89.14288773689965,True,5.271367298262623,1.5052780170488735,0.28555741459051703,0.6717204782023081
1472,0.42952836520578763,1.092936359509425,6.205167618796558,131.87351688005188,True,6.059059404544879,3.8120078590033994,0.629141852635415,0.5137284443770382
1473,0.3576459921180987,1.7448644870331855,8.899862261893542,133.5750281262767,True,6.059008252789712,1.0144227928743108,0.1674239001749579,0.6665191487286202
1474,0.4301850886561267,2.4408694164257945,8.492354118903812,107.3722491768938,True,6.057545596749546,0.8498375264456537,0.14029403706043467,0.6029233228204385
1475,0.28536917417170193,2.4549795144121966,2.189308146535532,104.5940978964278,True,6.056899767228962,0.4187167424156641,0.06913053847797575,0.35819564007348115
1476,0.4266704859544721,1.669838958471734,3.381822853636044,51.05194120605333,True,3.0446007943972604,2.902855463250865,0.9534437055238117,0.42823666519819836
1477,0.4300001600159788,1.553399739607336,4.405194138045516,93.51028410398854,True,5.522180361525525,3.6716717287804106,0.6648952928741532,0.5098363498272915
1478,0.31565503409899376,2.388045573556874,2.508679296682093,77.37824362013137,True,4.603629822498653,0.6938451509376704,0.150716972843199,0.5140162233626597
1479,0.4431321756000398,1.5289171153878764,11.895655991554031,70.82181937679394,True,4.022681645153803,2.9653064158793145,0.7371466791193065,0.46853978596290347
1480,0.3987054111325542,2.145242999070085,5.861265711884318,123.5163945599536,True,6.058972233954396,0.8929403547337428,0.14737488805935064,0.651767196506253
1481,0.28139727304967205,1.5691230247884853,7.795903002464328,80.11322275013248,True,4.680141384714377,2.580071097532415,0.5512805886503946,0.6331637632330986
1482,0.34707541650224605,1.84896554725217,3.585037706451125,139.40384992635023,True,6.059099821305506,0.8371444318326581,0.13816316887353824,0.653179038466877
1483,0.364378698136686,1.1475629982031073,3.7136623365081673,136.51013023897534,True,6.059115302909217,2.983550135081098,0.4924068920834993,0.5353887630644238
1484,0.3994046161037342,1.5119546715164498,2.296721967087784,105.17737882083901,True,6.057727422776657,3.287202450385887,0.542646147798962,0.5377667346271431
1485,0.30799111697247733,1.0663042578664095,8.329261357187296,108.59827479793064,True,6.05798623298007,3.639089766847043,0.6007094811532588,0.5435232095126428
1486,0.3754518316345206,1.5840518562525734,2.9997147054153404,102.7549656960987,True,6.049315335939722,2.836735612569906,0.4689349876863771,0.579860575125906
1487,0.3386186884579796,1.7255109636375963,9.938264845203483,85.21449166711403,True,4.922037317971022,2.4058546859445262,0.48879245128037246,0.6634438987937479
1488,0.40295607331413585,2.3094658145097493,10.54784886736827,65.22615210365981,True,3.735768851884996,2.4333612894586882,0.651368268738271,0.6251833445246442
1489,0.3165885855590836,2.1376935371752914,5.911659720071566,60.426101176028816,True,3.5623433885559517,2.0888458792776574,0.586368480362698,0.6588427820862255
1490,0.3219037730417638,2.182633303332187,6.607512201713417,55.431031925343646,True,3.254455484283516,2.376773637991878,0.7303137650737097,0.6135483763452969
1491,0.36443097744383096,1.6905695098933258,9.906136019157623,97.59710852683726,True,5.637025526466289,2.413494919127917,0.4281504328473171,0.685593393426311
1492,0.41637222658485534,2.391400587714812,4.023072219356781,51.032893777618305,True,3.035496182603452,2.82570863359823,0.9308885479060975,0.49816645995202835
1493,0.33358948713071,2.4182534432038416,10.210155040668116,92.38005400127251,True,5.3233838353631056,0.449259670882992,0.08439362720729834,0.3879202071267338
1494,0.39426076579669894,1.517991286126135,6.994198637599085,54.29003383847289,True,3.1802941327067678,2.77258329229289,0.8718009016144451,0.43985661642533014
1495,0.39674742615799025,1.1548455770817583,11.460863036688822,95.07485553458505,True,5.446846576394287,4.132471479119909,0.7586906334078405,0.46414703413293346
1496,0.2956682969454378,2.3242253563997783,4.899786380517098,132.78298932016986,True,6.05891199278625,0.3718238794743059,0.061368093795882823,0.33979395819668134
1497,0.38582924707062766,1.5006375531384335,6.154458847815816,128.53904779267808,True,6.059030287788636,2.1832015571588657,0.36032194154217845,0.6154119353215011
1499,0.34812064239817675,1.5708880517033506,4.300693813289907,91.18315202517759,True,5.3886596735905785,2.991382139502693,0.5551254524688645,0.5921701703701849
1500,0.3209312845078325,2.2561608565078224,11.932154132866305,74.4729607027385,True,4.2324264079669955,0.7559624266316342,0.17861206640442293,0.6210578200572301
1501,0.4272998185416187,2.4013759991249284,3.936723132749767,100.99156337121171,True,5.951880187094295,1.1912465034135238,0.2001462505909565,0.6832418136761635
1502,0.4112584589779139,1.8401070696154327,4.731199656145895,93.25835422713922,True,5.501873136561299,2.83684026988395,0.5156135373301229,0.612592189951116
1503,0.3827641383066231,2.297030423266143,10.949397590979304,61.65235997904504,True,3.51304691371176,2.3399820549353,0.6660833494144711,0.6387183143420239
1504,0.31781170496707106,1.3383825308789188,3.4462807530345,125.78230524176577,True,6.0590533704993765,2.1796960090113107,0.3597420051825132,0.6015430642902606
1505,0.3651717870180147,2.29908003701022,4.7243353697451145,91.09047277665837,True,5.374146609820031,0.9018642802930203,0.16781534739768142,0.6258398989759661
1506,0.376828715843543,1.1838466856051053,8.279241571914419,77.3097443677502,True,4.506516608733477,3.884338157077683,0.8619380542279521,0.4489493301133334
1507,0.42238147624523537,1.989869630013149,6.098156891344787,117.92948068177277,True,6.0588748591317945,1.5359884833557802,0.2535105145868419,0.6740542063797568
1508,0.3193444223851345,1.2482345242839756,6.610029547651164,68.23055042398242,True,4.010517266587331,3.5897797421074986,0.8950914566594422,0.45733610940753744
1509,0.37308245127600526,1.804536577698046,9.868899492136272,65.77583600488211,True,3.788259447587372,2.983026007555062,0.7874397328976137,0.5196679090653502
1510,0.43160146785363684,1.3929958004208518,10.9261037344372,120.33514998328361,True,6.058843122960666,3.3036546217970924,0.5452616208657924,0.5954675504768021
1511,0.3888400612760413,1.5554588059787406,9.378036240533895,63.720676529052255,True,3.681074273878493,2.979918564954158,0.8095241614927874,0.4686487952044298
1512,0.4355273762454391,1.124123400408524,6.457840759994326,76.21047343644156,True,4.4818500201128435,4.0510856681359755,0.9038869328416255,0.42622347531104765
1513,0.4298678294198658,1.6553310682729752,3.419861679095469,83.52327985496228,True,4.956298058178136,3.752301919363557,0.7570775355554078,0.4806023993692454
1514,0.44029859565154894,2.048822137761397,10.18595907594981,89.51509373273237,True,5.164261251733763,2.581858307372211,0.49994726864474964,0.6504266180110649
1515,0.3329010153778321,1.7076976425606618,5.98922742645922,96.24193617472504,True,5.650941662345641,1.978589360318767,0.35013445166189827,0.6708713715684316
1516,0.38477674471361784,2.404097480589357,9.102566403112949,90.12982118450205,True,5.227362657259338,0.7664710711140653,0.14662672582122313,0.5664803401412661
1517,0.3979554519093207,1.437897647376593,8.750407072754655,124.65273443691936,True,6.058969296481745,2.7143389874114976,0.44798691899423054,0.6228635525280737
1518,0.2941089080688728,1.4348627582998548,5.895945629910447,113.51644399460159,True,6.058633730831551,1.8409223747323875,0.3038510754271524,0.6548797276428497
1519,0.31751680332057297,1.4032317012434383,11.074656610072255,116.24647288268785,True,6.058591678470053,2.102408831924685,0.34701279496947324,0.701813592412285
1520,0.3044636889868694,1.7424752055995911,6.157136479320334,90.5412519850827,True,5.319074543108554,1.6970481359823153,0.31904951175783536,0.7017900918243125
1521,0.35377186024259194,1.3331497172263882,5.21754195205341,81.12913211964889,True,4.790960290986636,3.9836217326184156,0.8314871112818263,0.462399647576464
1522,0.41911536675401445,1.3369530692658675,8.809668229276216,119.654758372283,True,6.058882100227002,3.4263158381215124,0.565502972568676,0.5771574707974154
1523,0.40056261772702584,1.3655447711991497,6.615137689077323,117.30314527334352,True,6.058854130013815,3.296821538797204,0.5441328455929813,0.5750472890278413
1524,0.3679694684016899,1.6955968469238627,4.196808265941192,116.72871787463961,True,6.0588828994771555,1.7856680996184238,0.2947190314195569,0.646070800207895
1525,0.31505800673224954,1.2323516746587564,9.705776349710593,71.56241773268972,True,4.133049048761394,3.362787295768976,0.8136335320716185,0.47450500480289515
1526,0.31591848152684016,2.3282749426071154,8.840101130627751,83.42918370099736,True,4.844344400992172,0.5114018812474633,0.10556678859222372,0.42328004827072485
1527,0.43781374432658926,1.860549758897465,8.239575810952093,108.84278050232837,True,6.058020852784762,2.432377178478427,0.401513503764238,0.6568083623079386
1528,0.3841028003728586,1.652535962334275,2.9629420708858425,96.18067981136537,True,5.6946596098317155,2.9904598818095622,0.5251340881984576,0.5776885215267371
1529,0.3769521300441015,2.4961511409471857,2.8756842423491955,78.03498123873936,True,4.63960162682495,1.063194429295817,0.22915640496992415,0.6558733342827381
1530,0.3314202450257122,2.008476711695577,10.786565508722406,106.68462330671191,True,6.055860439781268,0.6469127035333139,0.10682424239563218,0.5016634968783418
1531,0.3023493634105022,2.2402616199746994,3.183775095705049,72.45475610900819,True,4.308497509672746,0.9609179538041752,0.22302855035818792,0.64522624353974
1532,0.4459595418373797,1.3314125155639418,10.243562518556015,132.99614645764,True,6.059010937068996,3.2850232347108483,0.5421715307713167,0.5918265640012761
1533,0.38916336516645006,1.075552408279858,2.443354031644674,114.38388908428426,True,6.058840093642737,3.9937706982062213,0.6591642354774641,0.46781309090303447
1534,0.42186866446897314,1.3283571102047596,10.629084096981831,86.87997341168759,True,4.999718885653094,3.9942469113844883,0.7988942984066865,0.46715021515555843
1535,0.344073908959468,1.3013824686577857,7.824520602311494,126.74119229383513,True,6.058998757818898,2.4631246522582515,0.4065233796391997,0.6156723635663104
1536,0.2813079730083334,2.1792623778310913,11.466133499959954,86.12031388942434,True,4.923233046497702,0.44740272835318967,0.09087579729167275,0.39460117196885003
1537,0.312646933982643,2.3862000965416987,2.965976457057094,135.01755670262781,True,6.058960956965251,0.39015016153152454,0.06439225542178421,0.34814680779119156
1538,0.33232953127013826,1.530787725633953,8.527887414652104,135.315633633776,True,6.059028744131546,1.2847153975600547,0.21203322377441464,0.6905240416693963
1539,0.4429916411573669,1.2429676442626785,6.019980270199865,70.83808254772364,True,4.175073201750216,3.8081591803225368,0.9121179429204099,0.43166402344177346
1540,0.35644140636685007,1.2605786147897005,8.108294489802883,112.02932578933917,True,6.058426509342103,3.341661750695278,0.5515725486712484,0.5833915969839829
1541,0.38234921605901123,1.244010714899542,8.716987590010232,85.93429079736627,True,4.997931849386126,4.126541085270497,0.8256497306535585,0.4574318578219647
1542,0.3490756157523947,1.4164760896645587,10.540095095294921,86.52088590379157,True,4.981072780005892,3.55474414301295,0.7136503118930025,0.5186362357734491
1543,0.44019166255765885,1.6611789148957263,11.292872280159752,55.58042188519842,True,3.144769323913511,2.2312607533561013,0.7095149193898289,0.4386068075455216
1544,0.4360849238481117,1.7894806116630921,9.618142488130868,64.56061413838651,True,3.723986308653149,2.986759773962979,0.8020329631778905,0.4754897560438174
1545,0.28849687946405567,2.300854137698484,10.735943095242387,76.43027444930567,True,4.383262459460531,0.46765840098489986,0.10669185459691975,0.41067102348554974
1546,0.41649313422802525,1.5012039743189662,5.27140270696834,64.2531857352958,True,3.8002053162680407,3.5070076869214315,0.9228468977474771,0.4453323188645606
1547,0.39945705565416717,1.6190417882251584,3.370801061880719,70.42387674596749,True,4.189713069991939,3.9234255795089195,0.9364425472497735,0.45439918463073914
1548,0.28040843872711657,1.9461355228721742,9.479779274255538,128.91129826110793,True,6.058913447570268,0.42769128531574324,0.0705887761917535,0.3732152805642759
1549,0.42740800138143004,2.325138464204512,8.082700256315317,88.6104603844978,True,5.166581566009532,1.6457315851845729,0.3185339405094639,0.7209937083006421
1550,0.4463869967988589,1.8328762571319084,5.407206032081379,68.93662980333502,True,4.073556041759903,3.720322417544245,0.9132861753724517,0.4676794803478237
1551,0.4446324910699717,1.6947419840281637,7.5030211659504715,125.2719542017303,True,6.0589915489954835,2.3372993139568496,0.38575715035356817,0.6157957566064085
1552,0.4327423317123068,1.928615462127116,5.794838355670775,99.78125075941625,True,5.856813305487928,2.56583329841495,0.438093749037676,0.6339796608030124
1553,0.3697275309724851,1.3535509841421214,4.153761609996549,72.67300701501955,True,4.31210053815272,4.0271090577642665,0.9339088970985491,0.44223682279819077
1554,0.2852246620199291,1.7689782867287844,11.504022533525273,104.52036384736553,True,5.973987099514649,0.7188980400322971,0.12033806368458734,0.5474090393691009
1555,0.34337220432752524,1.4993380156381906,6.377174752768739,127.70843289409481,True,6.05901755364957,1.7472548424611984,0.28837263252501427,0.6579731113009606
1556,0.37039667132026793,2.4294149263664755,5.622572287955724,71.00097804253059,True,4.189484322664057,1.3489198505358213,0.3219775386766586,0.7317108160146559
1557,0.3185515590651731,2.3361746879804173,3.8754603343859073,91.78295289800195,True,5.423922898059463,0.55627421130969,0.10255938769127973,0.45059520576468426
1558,0.4142304275931705,1.6155807607053163,3.6332395860268285,139.0966209778715,True,6.059122693034213,2.0105329009367416,0.33181914326444045,0.6297275235595698
1559,0.4040642364374402,1.9362484750846938,6.0008091648294535,51.59453382896904,True,3.039272653081816,2.7177146130710303,0.8941990151213559,0.4582783481771533
1560,0.44654559382308456,2.1046170496917873,7.364813969808832,91.45437403346702,True,5.348158433187267,2.5734981510132577,0.4811933272290077,0.6597776456987496
1561,0.3671108017523675,2.3461816228483503,2.520312188395467,101.48164153861734,True,5.993454709337193,0.7713059500723607,0.12869137875868894,0.591079100728721
1562,0.3882376181302138,1.0844660220454845,7.775833802295179,128.69578760182992,True,6.059019928438623,3.6716158608600566,0.6059752079089484,0.542074867811503
1563,0.3055485016521685,1.1684822370257495,4.3154365000462915,124.1186100163087,True,6.059033852141477,2.7561774293424737,0.4548872801508351,0.5697383099917301
1564,0.4411046746962625,2.0791669448947956,11.207589036051708,93.32396022351992,True,5.352696039003695,2.3482105242682962,0.4386967814270604,0.6860318605200373
1565,0.4130347821686293,2.215646197900738,3.2497284486206963,70.66830069349024,True,4.204806926551732,2.695700262589144,0.6410996532484853,0.5904973292323836
1566,0.28531647068362775,1.3083712263342977,3.6946268518441534,68.14395157403266,True,4.051583321074061,3.8103683700543853,0.9404640280344204,0.46095858287900304
1567,0.2999718265460083,1.8797289474910646,7.237693421241345,56.74004189196437,True,3.3195034556411507,2.8055940545394598,0.8451848573230567,0.5553032197932128
1568,0.36146453390990446,1.9022306372543414,6.784823052288186,73.36727831767226,True,4.307737225921763,2.737883013296314,0.6355733578225552,0.5985266171762267
1569,0.3532521359611882,2.4710076871572544,7.281250389192497,52.51733009754238,True,3.0683684416698305,2.0968710038916,0.6833830564201951,0.6474146912437799
1570,0.44406957091387056,1.141548684086529,3.018052270209001,68.22110123634671,True,4.064461478375688,3.8975081937174996,0.9589236395654291,0.4115191288696418
1571,0.425108716451414,1.9843294534102556,4.247476673610764,76.68641503350938,True,4.54554610874815,3.1747740099089232,0.6984362129335567,0.5421311609260075
1572,0.2905965670104051,1.3128319155351424,7.331401560594678,62.78321623388665,True,3.6749298241161212,3.203110013518866,0.8716112053348569,0.46896193129516384
1573,0.3716378368255152,1.7102567276462304,5.879341616239814,121.55917926235588,True,6.058966990253653,1.5997304223774016,0.2640269248785642,0.6697306945265145
1574,0.44253661797982946,1.640016719853866,4.808605695208809,88.11656832777672,True,5.203966076493696,3.731038641511443,0.716960600178494,0.49423844179220344
1575,0.36999762411827936,1.3506253184662311,7.682392564435904,128.1577176794824,True,6.059010653463827,2.517144463097096,0.41543819726708847,0.6076476375233799
1576,0.3396085850501017,2.478933349626865,5.706534511105767,84.97181230266692,True,5.001521313600742,0.547610557431731,0.10948879812680236,0.4399213924714278
1577,0.306660301303868,1.4037179343935506,11.324216129959261,118.58693229493463,True,6.058733403334365,1.8092090696551333,0.2986117640791807,0.709701400135716
1578,0.350384077305623,1.2773854797298752,5.936540702630138,75.49223760065496,True,4.449246164838108,4.020375128836354,0.9036081574017922,0.4511471233165656
1579,0.42062982255679426,1.8499701327110494,7.072556297503318,137.5429853123592,True,6.059062360695714,1.4080699409904947,0.23239073261969484,0.6932194115796402
1580,0.32452037341335005,1.4339661200526335,6.090673798249642,104.80505438697583,True,6.056570570955104,2.6465194262323326,0.43696666211139085,0.6285776742860039
1581,0.3225342061028207,2.0701117847033235,9.640767302010385,78.27894302207659,True,4.5255255259085585,1.2334282806937633,0.27254918210767054,0.7669225504028154
1582,0.374145740853473,2.2523126314947612,9.307815776504052,130.19190744533353,True,6.058952962585744,0.5190289815790838,0.08566314754118522,0.4391042064595485
1583,0.40584171721037177,1.0881478828512252,2.1212686309324984,108.25794288181257,True,6.058391133603721,4.089651129045054,0.6750391380908417,0.4477304459350675
1584,0.3424386689642602,1.9522472892013214,7.309245401223354,83.13287858536088,True,4.86627146006637,1.8179670649993815,0.3735852140428242,0.7223109529236873
1585,0.3411257923723199,1.0818208055130678,2.445595985309811,107.9396697288903,True,6.058332333854334,3.875562475987429,0.6397078044613941,0.48086380477855384
1586,0.4390108543736627,2.3375215571877996,2.24022647544047,62.747282720832416,True,3.7483956465722152,3.11814672918889,0.8318616878237848,0.5120862569081641
1587,0.36954793787226486,1.3872333935691148,11.156137310437728,79.56863288324024,True,4.558094397080557,3.5399526535378585,0.7766299565461359,0.49280078960594187
1588,0.2962551266609124,1.661925107083273,4.958631967407673,83.54750532508717,True,4.9347415964958525,2.3184330223652587,0.4698185258599097,0.659541766157882
1589,0.39523210487470856,1.786042926555484,7.1824601707827505,96.41875746488162,True,5.637758621815746,2.6290568045421874,0.466330146588548,0.651626824648269
1590,0.2815854033214569,1.7405204447572813,6.372399743606895,73.57419279846957,True,4.327429666722441,2.2859279560112653,0.5282415040941862,0.659651517945814
1591,0.32412611733607943,1.953730740375892,9.14783710785021,67.63074498245014,True,3.9161805097132283,2.303103383976341,0.5880993938517383,0.6469192700666961
1592,0.3816129611523525,2.1859734587031787,6.17559417339687,137.74767765507625,True,6.059046127462517,0.6025948093008665,0.0994537418306846,0.5057239726875147
1593,0.41795726678767553,1.9122221366934848,7.633578506577942,118.88579863602438,True,6.058869488326761,1.5822597970429175,0.26114769431679574,0.6720331085848352
1594,0.3135498325269144,1.1703432056862502,3.26854304913402,52.94917304894493,True,3.158494039619056,3.0202815885496466,0.9562410283712046,0.4232734223334047
1595,0.34717501226538944,2.056846007602207,11.846707144188269,90.46611008615595,True,5.165461646831244,1.0290574133092651,0.19921886632156896,0.7257355299722139
1596,0.3020852672223149,2.097341944129232,5.97362140408191,108.98922298261746,True,6.058129509605109,0.5153002690407168,0.08505930225224022,0.42885219006365505
1597,0.2879070192353211,1.5045987700559094,11.51431674014961,116.66182905949542,True,6.058583972606827,1.20298802977395,0.19855927312605032,0.7119412153048366
1598,0.4080678966322928,1.5586499880961147,7.286994394413921,104.95584566477501,True,6.0561005399617525,3.1642158650337424,0.5224840380628367,0.5982192317178745
1599,0.3278725781381924,2.069383365549241,8.0772156646603,113.86338447331934,True,6.0585105472655645,0.5707422770918044,0.09420504802940419,0.46325325513716065
1600,0.43919130760402897,2.470594238311172,10.269987943012842,53.26139146296221,True,3.03828823634893,2.234863038097118,0.7355664980563934,0.521388445050551
1601,0.36991345205576676,1.188456818068205,6.490188930721912,56.605606002995046,True,3.3273322206743767,2.9649071841372594,0.8910763901827448,0.43046663001156826
1602,0.3878948267540001,2.459341124153906,11.4999099657051,94.29086506126035,True,5.395834283701833,0.6075202507913487,0.11259060579869348,0.48534130708649537
1603,0.2835331096024847,1.654039909853864,10.777328570589283,71.54791327089609,True,4.100016841659357,2.6769934892546465,0.6529225592573943,0.6135569832038295
1604,0.3570567691724472,1.0088478311538955,4.465609853636567,95.86890935686006,True,5.657605833383094,4.240178658035077,0.7494651948030049,0.43831114370476243
1605,0.32799599470160434,2.3136041347578944,10.696652599058934,57.074771402750955,True,3.2502175290967688,1.7278899471167661,0.531622862669424,0.7209522131603796
1606,0.431208187487161,2.1684831108685034,6.504427736514151,92.28222516604224,True,5.4134832387234795,2.0721256763748293,0.3827712371126588,0.6762741802326961
1607,0.3316403299381431,1.8128976537773396,11.532944234310502,50.38512697461372,True,2.829495199800324,1.9021143454336618,0.6722451218747051,0.47672833380963375
1608,0.32648572735308745,2.043312505029853,6.407004270362061,109.83251590112947,True,6.05823952399311,0.6566558043946313,0.10839053190188427,0.5152463771210254
1609,0.4424769128894049,1.5210143518851484,2.005728344841777,81.96912432312942,True,4.881371798752684,4.110042958697986,0.8419852304117067,0.42984324962562326
1610,0.29959293385577657,2.080066835947678,5.72081010150883,103.24342391488584,True,6.0355276971795,0.5576733898764739,0.09239844763484122,0.45272959101759547
1611,0.42371582321764034,1.8466351576663986,9.976549517401436,75.04391109846463,True,4.328979205266521,3.420214634563152,0.7900741658454284,0.519189647895347
1612,0.3776918844193987,2.3149295295759167,5.693523432463276,52.46219073050948,True,3.0955411331853058,2.73216409874609,0.8826127585436729,0.5433128627105357
1613,0.36623327931686805,1.4872948380148552,9.53666352361992,120.21139712993536,True,6.058871180443329,2.2397005645256405,0.3696564092260105,0.6605726889490855
1614,0.3419248766895855,1.867207150175801,10.847447812154646,116.43292077251148,True,6.058592073030862,0.8146541057685234,0.13446261044622299,0.5866382466721225
1615,0.3270708776989374,2.39069586771555,4.286424379882715,118.16300274318279,True,6.058809985844788,0.4341201671307736,0.07165106153601278,0.3811672896642895
1616,0.4041377424657616,2.374858516249094,9.898752386765137,125.34188090971934,True,6.058909898304668,0.569519358522797,0.09399700079417803,0.46918742075244024
1617,0.30609891282904256,2.1656003185601818,5.892992399586599,119.22767565201553,True,6.058828978624371,0.4534429567717138,0.0748400323513779,0.39250137248833417
1618,0.37333069953858855,1.4750736719414683,2.164424861987848,88.96795561603496,True,5.287261715026002,3.548775892089276,0.6711935371014301,0.4976069124123321
1619,0.43794782326667175,1.0521822787559487,6.808765935546854,129.72435475862025,True,6.059041361953437,3.947882351445384,0.6515688069461512,0.5049615173906914
1620,0.40310062330634355,2.2004010644982746,7.8656575025373705,56.086928348505005,True,3.267453096337063,2.729074606733237,0.8352299256545203,0.5175672960550752
1621,0.3814922087972122,2.1385836221749077,3.89872726394107,124.76034233452388,True,6.059008975940426,0.8121320314576961,0.13403710651074652,0.6321272184399018
1622,0.32955325384206513,2.153506669956678,9.613694969455988,60.36508422078694,True,3.4758261402392723,2.1458138116646897,0.6173536089227334,0.6639771285612341
1623,0.35617282194219807,1.3426296515029539,9.280760603285948,113.35944894503942,True,6.058470992962821,3.006835370572309,0.49630267670916967,0.6236089167077727
1624,0.29339243194326275,1.1496459717831016,7.728129546433706,78.90861268641648,True,4.612529494401255,3.984601660429217,0.8638647547437421,0.46592000527835076
1625,0.3754622384003603,1.4977547581642747,7.137103700564167,117.55051418634156,True,6.058841887556462,2.4421677329289952,0.40307500645373734,0.621732509684644
1626,0.3342492953914164,2.230719450051396,4.220286046179361,125.50790088930837,True,6.058968017083697,0.48968942598361875,0.08082059925104475,0.422522322344868
1627,0.4419599555296782,1.5230684847847638,4.231068048846488,87.70332006266679,True,5.188832287423712,3.9751663001325745,0.76610036322956,0.46471810279891823
1628,0.2950297535166747,2.3096859198004465,5.714252476237942,115.90387496928204,True,6.058643878419751,0.39304516020578056,0.06487345486764222,0.3508995580649299
1629,0.2900528099123321,1.775011568553413,7.543946979069434,78.69632178835913,True,4.602589309418429,1.9610583969563642,0.4260772067895318,0.7120901532292767
1630,0.28229763713322453,2.1996634970348836,3.1947777126178183,102.82011867952403,True,6.042789889228891,0.4807896032497766,0.07956417682282334,0.4030687661536896
1631,0.36123089301737876,1.048750382946779,7.293486542262615,118.26381218680478,True,6.058879092902285,3.8173705115244294,0.6300456657067665,0.526479466549524
1632,0.3533964016659078,1.6861872959612696,8.543629662006522,67.10034275707577,True,3.9010652320455472,3.2458692869070083,0.832046913813081,0.5111163512156796
1633,0.40268010572589097,1.5167120000280379,6.217756566407041,130.1822763119317,True,6.059039681466001,2.2661894254457633,0.3740179210870348,0.607897622322839
1634,0.31135454970420584,2.4448097009399885,9.4124717205518,83.08657100370581,True,4.807963789760243,0.43184341051618247,0.08981835750009196,0.37984374750413963
1635,0.3648391539706003,1.2180649886069261,10.320385040066721,70.63169037023506,True,4.061098191019429,3.2241357230192147,0.7939073549487072,0.4599931128855035
1636,0.4230329990319543,1.054865660621423,9.659822350409854,65.31982207801371,True,3.7679310267127084,3.0420331825036167,0.8073484256843221,0.43526800220911266
1637,0.2979586621695225,1.0612900167346329,9.635682540412184,92.33418719464889,True,5.34378501555973,4.010118616373738,0.750426636681173,0.47445335901135355
1638,0.3152036106859678,1.8316910912771258,11.179200362040659,116.53785569372441,True,6.058572741949075,0.6715599760240373,0.11084458413352198,0.5147280444034772
1639,0.40045740528141216,1.8646415609761549,7.96062280880103,85.13466208130242,True,4.968919209887519,2.8158955437891193,0.5667018168027053,0.6174427987886286
1640,0.3024015367861195,2.4569854491968046,6.429409368866927,51.66750606172164,True,3.0343006945890707,1.43872249216211,0.4741529060477486,0.7333876753286588
1641,0.3280727548452861,1.2762322515539828,3.04212366161668,68.38242278374165,True,4.073417840841692,3.883323550340643,0.9533329754205206,0.43743351280881715
1642,0.39027759090199765,1.1043262432703482,10.86650343812153,114.68603839642452,True,6.058499609028253,3.8083421932839885,0.6285949391840967,0.5219183605783129
1643,0.3321351591933434,1.3895452042896181,4.852834393962569,99.20188561954413,True,5.840703924989692,3.1489696287328597,0.5391421426550768,0.5830091225437086
1644,0.42182729656698603,1.802681789216596,11.15015543758239,79.34180605891262,True,4.54473385591724,3.376989835597223,0.7430555765549142,0.5307281059534992
1645,0.35592023745815393,1.1900486808272053,7.326253340059647,71.63698782671341,True,4.19602369323145,3.70176381416415,0.8822075576301954,0.4482393270236522
1646,0.4161292834311283,2.4825570214262562,6.489982525094453,72.18649680913975,True,4.243775106893635,1.9116984493241067,0.4504711963220489,0.7192664750686628
1647,0.4120165728722426,2.145614726036148,9.543729238559404,94.56381611554103,True,5.4725422014632485,1.6446302490773896,0.3005239957103754,0.731254751020229
1648,0.3037630419078133,1.633897487849933,6.6600024094490955,79.90929128266296,True,4.692612806345894,2.6440958355496953,0.563459195264106,0.6266675842374299
1649,0.38393422574130437,1.627549463133404,3.9295332687715967,129.0022679211575,True,6.05906056734907,1.8706298042433565,0.30873264649701054,0.6414266471894225
1650,0.3346535188705191,1.2954142033319491,3.1986415212636365,136.61780617508407,True,6.059115692249059,2.236506208435861,0.3691142935753552,0.5948313056126926
1651,0.34555776647654246,1.956170796406849,11.335670029474878,108.220049847333,True,6.057196515059464,0.7946249279709292,0.1311869155962374,0.5801227013830799
1652,0.35547076979755743,1.0059924200166765,5.186423974978389,110.46845224643278,True,6.058448908695731,4.0123235709809295,0.6622691106996075,0.48769932822748707
1653,0.3307016926185633,1.3516662879649959,5.190073520383819,105.88435768674185,True,6.057617516305804,3.038478202396867,0.5015962454245315,0.5934852577028615
1654,0.36649498629623545,1.613611262873249,6.413775565257598,123.83298626965941,True,6.058987437422103,1.7416818751965346,0.28745428063431705,0.6576916422300689
1655,0.3846512775411493,1.629794995257106,7.5899856434445265,71.08574388257796,True,4.157566506406234,3.5937330946981003,0.8643837901716437,0.48737928997578406
1656,0.39984893450717734,1.032317655787128,5.251790933879104,134.16876435802004,True,6.059086121853625,3.7547891953836787,0.6196956306399216,0.5100734092803609
1657,0.37229286489157676,1.3977250403609285,5.246613726781608,121.90727913917335,True,6.059002675208375,2.627119791710287,0.43358947545273,0.5847042197950221
1658,0.3012601280448811,2.4103154399778024,5.556037665594807,128.24316886675422,True,6.058851669512353,0.3593171658826196,0.059304499512782965,0.3318024868922955
1659,0.44743962593702097,1.7239731628201098,10.401030586568725,77.20762849098713,True,4.443360996452396,3.533753213912594,0.7952883451814879,0.49229907627912883
1660,0.4318929861565981,1.2251363094815095,9.133969530468349,106.0097435626146,True,6.056496342183826,3.973667148329006,0.6560999831952672,0.49159359393177127
1661,0.311566600364339,1.5189250339605915,11.754640021169308,67.36884333027912,True,3.8242572160883133,2.774257026907459,0.7254368286830718,0.518433671752438
1662,0.3792020856118797,1.7055164629417985,6.046696705924414,122.7654844137942,True,6.058980951093537,1.6597367640165395,0.2739300184987356,0.6642580064306038
1663,0.3981780966825472,1.4503561789031079,5.342395400332414,57.5430387283195,True,3.4027900392413275,3.127416782414089,0.9190742732723425,0.43873110084190525
1664,0.33519901872924385,1.1207809064578407,11.57105977983151,74.28090980223351,True,4.236146884712838,3.2129525083850514,0.7584610722493521,0.4664689261175048
1665,0.3112517421895323,2.2983373513527825,11.549321070871867,117.2367686634366,True,6.058512974646336,0.3683153298950476,0.06079302486210288,0.34029437074730895
1666,0.3546933184752859,1.380463278073168,9.420968897096127,124.04853515672315,True,6.058949519790678,2.3769364010024496,0.3923017336979838,0.6468166837009091
1667,0.28482865586202794,1.1081164241924033,10.258162458274734,69.2005693882783,True,3.978864989124839,3.1520779905448335,0.792205314621178,0.4670426987529708
1668,0.40660664862449997,2.4951736853191724,9.621584738914805,106.10882609862323,True,6.055927857546237,0.6115464395694532,0.10098311174684994,0.48567999244889437
1669,0.38740296637940597,2.009581223641581,7.539819686452802,97.7244197750081,True,5.703496173005702,1.58158140064912,0.27730033521099706,0.6949972295281381
1670,0.31224385478285727,2.2638342166847187,4.8720310688653345,110.66789820779422,True,6.058377306934837,0.46555412676,0.07684469011645984,0.399577163966506
1671,0.3255410712633885,1.1152353929228291,11.09028933863036,88.30013111991082,True,5.067701185389936,3.967395674533044,0.7828787707473662,0.47726973389885696
1672,0.3423425739964715,2.362393383746654,7.882744663042728,109.26235446522949,True,6.058006935689555,0.4621659478704882,0.076290098835597,0.39513634945035436
1673,0.3737641479461637,1.3841363878686885,6.987718744276361,93.77242520122762,True,5.490844117752165,3.609541112962136,0.6573745376038476,0.523082161185568
1674,0.3081908517484538,1.3036576295605953,8.781391051293472,139.56994985645503,True,6.059058645704409,1.6522012055882724,0.2726828212431326,0.6708667302123095
1675,0.2821051012090599,2.419282745820942,2.2701038489287253,53.414492218903575,True,3.1936215170600164,1.185308515878838,0.37114871300404095,0.6852735819243181
1676,0.35714102877409687,2.4771293808843082,5.0641660139308815,116.08107889050511,True,6.05874376480189,0.4642530000044373,0.07662529032858308,0.40358982126076803
1677,0.4434034919330234,1.2368819915958862,6.319226380504956,138.38646430779647,True,6.059095166456801,3.3507987906749794,0.5530196669009306,0.5405275079096303
1678,0.39557353206788304,2.433527249959691,8.981866134621624,103.15223731059878,True,5.970171622156014,0.6419585278100565,0.10752765053313916,0.5006768290204615
1680,0.3189815468456884,2.0707157276750037,6.147908034510454,76.58918108365307,True,4.507411173241115,1.3902558412348618,0.3084377678895399,0.7362998561978147
1681,0.4456289635384647,2.451707916319598,10.754827141683409,68.79761911601031,True,3.9394704154018534,2.506739325006419,0.636313783498921,0.6187576137921771
1682,0.3579660879071471,1.6385665408214427,4.74596916251622,65.86057903800287,True,3.902740031489847,3.5970821496333802,0.9216812087430318,0.47912560833850915
1683,0.3555774028799346,1.4659029496752987,2.329508577149289,123.21603471343929,True,6.059054358786454,2.270647404944233,0.37475277006740915,0.5797819162055373
1684,0.3694187464670134,2.0983023714715525,4.891037442453416,124.50506476370671,True,6.058988715064409,0.7564132861598621,0.12484150767259207,0.596879795770338
1685,0.29431412156765474,2.022728408101864,3.599696925124962,81.49961923164098,True,4.833155053320538,1.0787174703605567,0.2231911574240603,0.671054106157599
1686,0.39661193672744055,1.51367619280441,3.5469455511130312,87.37133606460668,True,5.178649786773941,3.6702730597716067,0.7087316599676876,0.4936960262378758
1687,0.2899062856194853,1.6054810588932982,6.879915869314938,114.0678057433363,True,6.058616965269583,1.1430140094463028,0.18865922965563206,0.6849818762861806
1688,0.4096439216178406,2.129567517170112,9.502808317018811,93.42133322089376,True,5.40805194213174,1.7266112035031,0.31926675667662063,0.7337275396093341
1689,0.3154621080571656,1.7013361221750456,11.94293169864653,127.47904901357359,True,6.058918440867601,0.7421221893767123,0.12248426788039826,0.5528021557662703
1690,0.4186312624082011,1.2373066878835788,5.685450652547187,108.01949503885157,True,6.058128657016068,3.9001878481423,0.6437941597072878,0.5036137559637108
1691,0.33454303386917894,2.0322678337567828,6.31083965796276,105.95858764732927,True,6.057334668346088,0.775709654054106,0.12806121776756774,0.5762279167451947
1692,0.2961653213783502,1.9282060677425004,6.763257471607021,102.17376551183547,True,5.966703229644475,0.6911771053618906,0.11583902848190998,0.5242514881505751
1693,0.328325501654496,1.0375171660596543,8.31741805288236,88.09766725869878,True,5.133401479202602,4.230720312185469,0.8241553537797026,0.4464277239039305
1694,0.3173664306488341,2.46208904503704,2.068225439809959,73.00746920291158,True,4.351655629684266,0.7094604522733322,0.16303230601103588,0.5143400700194927
1695,0.33989264365114535,1.983711891710106,6.716915133753116,63.40726189072868,True,3.7236400007305974,2.766403837142536,0.7429299923192773,0.5731425083504744
1696,0.3861942948319602,1.939371270837131,10.307734869428566,73.41263361541814,True,4.223586182548182,2.9066633167532427,0.6881979415416094,0.5756130431986137
1697,0.4492555482585296,2.0576153043524403,8.428125984395912,85.0402833038486,True,4.952328461577531,2.8872056326997484,0.5829996243383356,0.6054232188595661
1698,0.305354280921373,1.3685636463556445,7.996840992268241,119.18500146918024,True,6.058874619425663,1.985667744716828,0.3277288059981434,0.6582120696066585
1699,0.3101943210930277,1.3321074693336308,3.057221439336293,79.96288541949754,True,4.7526777391942385,3.7567293544519513,0.7904447893597055,0.47439968075234873
1700,0.28268538358516027,1.788502004632438,9.957534641958429,135.79791838084975,True,6.0589777299831455,0.4894501438747325,0.08078097753234258,0.4141642285364484
1701,0.2809447775498797,1.8956703807141269,5.147368546074999,61.34224760799461,True,3.6292454592735464,2.4315729157026067,0.6699940643279957,0.6062607028503066
1702,0.30265892895039803,1.183158945304309,8.734160318800992,99.75713933853002,True,5.792625353152046,3.4499825464649567,0.5955818538458827,0.5534561185764333
1703,0.3872412627255866,1.6561706344354716,3.0674909759246196,74.78634829396431,True,4.449336986265169,3.7058159405098707,0.8328917211596915,0.47691427753675963
1704,0.3740410941993968,1.87360743073032,5.404382468713303,59.90139109725805,True,3.5408191074285913,3.217459210250482,0.9086765272759333,0.4919167104017834
1705,0.4038740495740061,1.4050476618139687,7.257550561040034,68.49349688916215,True,4.012866189882166,3.536102938995069,0.8811913409699075,0.45243517107450515
1706,0.3772761784505133,2.149331253334873,3.479925121970317,132.6262441080019,True,6.0590577429635415,0.7008481342561251,0.11566949251639477,0.5722973709407531
1707,0.3916373024921476,1.743441481622968,11.722530394469212,73.14717189029413,True,4.164272439236639,3.0724750545810995,0.7378179740671149,0.5273994721341748
1708,0.3835931150590756,2.213519681674174,8.952996399962261,73.1226953020398,True,4.2433152632814854,2.031007078510233,0.4786368564421945,0.7002145880082709
1709,0.33805024718943816,1.898022871050186,3.3950831007441176,122.54468924764193,True,6.058999052780193,0.9145610665784567,0.15094259936528745,0.6738154514045407
1710,0.3492153211117637,1.3322570515532552,2.4063858586897897,98.13473369944694,True,5.813496264278683,3.519891227443483,0.605468906735458,0.5160859586653879
1711,0.42317389645868986,2.397190175018136,3.5188915875488873,112.30621068938322,True,6.058617435978919,0.9662029000501119,0.15947580619834895,0.6787489575347334
1712,0.2901828454280472,1.9652848742388789,7.800022012366277,67.30830788359452,True,3.9296148257182826,1.8461116728666964,0.46979456123393754,0.7094220220064438
1713,0.3215047155361834,1.5629441719520025,2.429302453978069,88.7748382918534,True,5.272542808067564,2.8336629366092145,0.5374376348871748,0.5828758844531325
1714,0.44224516340560915,2.3055039413346945,5.538924891558011,107.81994446964237,True,6.058058558238744,1.330040404708712,0.21954895152010448,0.68206248395922
1715,0.4413115185835042,1.9383206822261276,3.7245738916211173,66.59038595103101,True,3.9596517232991184,3.7034522387544477,0.9352974699675836,0.46945646930675355
1716,0.4399250817589673,2.2597341155078663,2.0324119645249055,93.87304609728946,True,5.5713092456785365,1.971584769869229,0.353881768706075,0.6141809040853561
1717,0.29065487158116404,1.9198273908988328,10.116595168670726,94.92947339828777,True,5.474970614829413,0.676482426046306,0.12355909714181793,0.5225362812281262
1718,0.3344477781954938,2.1134873938432794,3.008867824049501,128.0074969522937,True,6.059023221624797,0.5709426028700993,0.09423013941131497,0.4789179394733005
1719,0.29716778554154794,1.6815038193789256,2.2166106385321775,113.22010773321412,True,6.058734503495324,1.2714012002975066,0.20984599994669298,0.6822668570136243
1720,0.28007965424440284,1.3430108660460314,11.908011126394289,59.00891787335527,True,3.32701911451546,2.3146985565404288,0.6957274595873599,0.4709586787659874
1721,0.43861532853916246,1.2182822196597005,8.007872035730529,105.60810527490762,True,6.05665767629415,4.019643475712731,0.6636735457983165,0.4861216417396097
1722,0.36316326783220687,2.1845288553055537,7.10688827531962,97.50551996238266,True,5.698809812265259,0.8640651157809918,0.1516220306073925,0.6078900991494418
1723,0.40749458110240455,2.202842496370881,10.99922790285989,92.20442448443976,True,5.293844591538576,1.4667356653434642,0.2770643603115632,0.7578588729863114
1724,0.30652626591770893,2.1444896142655194,4.0519907113038185,111.56236367919169,True,6.058485825579951,0.5210495754822723,0.08600326723260009,0.43752472642979834
1725,0.373044395484163,1.9318546764331206,5.021521081682624,108.75572736374036,True,6.058237716511145,1.3707883296403265,0.22626849486351033,0.6816060378403104
1726,0.3284943995810449,2.28338717286225,10.076273221673599,101.30861977648283,True,5.836529841322414,0.46351770015915017,0.07941665900128911,0.39465792780426945
1727,0.4384410760860917,2.3212222543937977,11.966264543685321,102.39787469448041,True,5.844240326682325,1.1602744808189065,0.198532985634007,0.7104973943778519
1728,0.3578033385947862,1.9796950945713754,5.111251343415269,94.19514146828173,True,5.548243296945069,1.4797139736939817,0.26669954695547154,0.6803748764176389
1729,0.40696030765760494,2.011259888982916,6.328598547842016,54.248244408269734,True,3.1904788058700664,2.828851518587483,0.886654226752036,0.4738648846273348
1730,0.4072661501130854,1.1089067491853788,7.812899377485054,55.55710758995594,True,3.237931504656854,2.750846101818507,0.8495689602643504,0.42290480865432345
1731,0.30326162276265056,1.0268732227400952,4.703697412974037,138.6089538347795,True,6.059114452322634,2.838463601359677,0.4684617898695761,0.5538372623894645
1732,0.29467873758889523,1.3622689304998408,4.3437926095739225,85.33746180106336,True,5.049135150405396,3.3306071137406317,0.6596391291829882,0.5384088506317393
1733,0.32423621822004645,2.0359773474628566,11.016780210266955,50.32819631373811,True,2.8422145725031407,1.9618025377430117,0.690237308865548,0.5306214354168226
1734,0.352258028500883,1.3288273978779532,9.00966075608548,105.7428128554499,True,6.05613429802387,3.2314779602976555,0.5335875661396898,0.5934036370868907
1735,0.34598480138666526,2.1523794440290183,2.3222572400869015,84.89315387950789,True,5.04621834216463,1.297140352448711,0.2570519673336784,0.6654348463541822
1736,0.31167247651179636,1.636169578356184,5.501382325580517,127.7728565264513,True,6.0590162090968365,1.0729901405129758,0.17708982836223786,0.6963606817308383
1737,0.38644419863520707,2.347832231498759,8.632023036102783,120.96648175102264,True,6.058859989581552,0.557420520199407,0.09200089144788187,0.4620492248269996
1738,0.28551486862182685,1.0430260307675545,4.946415367270321,80.71352508150706,True,4.7712578567318795,4.2375334829729905,0.8881375960417136,0.4376230626188957
1739,0.3637855022871512,1.6085874719104667,4.1581762615985465,128.07908941680193,True,6.059050614067703,1.7235336304317208,0.2844560542917528,0.6593014865499791
1740,0.3377696726449347,1.7341182197554734,6.582118054299173,121.4871803333879,True,6.058945519434895,1.1488171130276912,0.18960677387553718,0.6883766524831576
1741,0.34850184865769196,1.6678263682367516,7.487310767944171,52.15220613110151,True,3.0432463029780794,2.584982470376645,0.8494161211489902,0.458664334597207
1742,0.43209920075563846,1.202824480769607,10.636131936884793,75.40872935315709,True,4.331623113346775,3.440052749222643,0.7941717594550207,0.4520584964078598
1743,0.41164385544048865,2.372536585084772,4.242193912386086,112.00877870185022,True,6.058561977414956,0.8739179576009223,0.14424511309097843,0.6465312651081065
1744,0.28103523950685055,1.0043524314543109,6.956069818411771,114.09326769077798,True,6.058651061264029,3.583553001038637,0.591477040813602,0.5518729232548591
1745,0.3211426508334376,2.3672758155238043,9.678627946876722,66.43550976884495,True,3.830340668748224,0.8763878857926448,0.22880155098033436,0.6991750183152714
1746,0.31669306731770874,2.485278101545878,11.182011269575227,120.33254554179705,True,6.058637244983545,0.33227105898598613,0.054842540583049645,0.32218232024277027
1747,0.392284559551264,1.1484566769890538,5.774360289762342,75.77340563788934,True,4.46882464526991,4.085826491404532,0.9142955510078544,0.4295280054562456
1748,0.3245479088060244,2.09311102549349,6.281015541305796,98.42727597115517,True,5.767104541328582,0.7097763297641949,0.12307325533597524,0.5354264964605981
1749,0.42384252983661985,1.3259564611566845,8.930680703030795,84.07660776110056,True,4.8846185360312635,4.099223866726815,0.8392106438791475,0.45401758152723914
1750,0.3797268321273106,1.7260738192546259,11.277006682637712,51.8662141506517,True,2.925505324011415,2.026368075263883,0.6926557469002836,0.44902211446741047
1751,0.33381433618260425,1.1219091537038768,9.580942146519856,110.65757691377999,True,6.058192385690253,3.5640770568004334,0.5883070113816389,0.5540553056453299
1752,0.4037598903547212,1.7961037806327966,3.774631940530918,119.57105556439461,True,6.05897754935398,1.8561148341544138,0.3063412628674151,0.6375970315184705
1753,0.39721453240020665,1.488461387772626,8.213783076521068,98.78146015976276,True,5.74996453146786,3.376692317221733,0.5872544602218138,0.5660421331580596
1754,0.35510756895969664,1.283479537430302,6.669865321172956,121.12009819827239,True,6.058960885031298,2.959780590812074,0.48849640177150355,0.5919596269166703
1755,0.41838112948178235,1.8655151698487156,4.963313635138554,80.93827833578649,True,4.783451638773806,3.230265692318634,0.6753001673801146,0.5472907719296658
1756,0.4363914612565072,1.0633583673580063,2.0520014920047585,79.14870222504749,True,4.7163031979737235,4.445687722954023,0.942621272708683,0.38787707184077735
1757,0.33366797027294726,1.6878252304362278,9.879995223332884,101.69469798015615,True,5.869430279489319,1.7319337181482248,0.2950769726664025,0.7252604075134212
1758,0.3132171568371175,1.6659070853477247,5.094169493936315,77.46683393545855,True,4.578165473823769,2.780318255265439,0.6072996424358741,0.60015615475112
1759,0.3781662709768372,2.314196101293234,9.400564887047206,50.273303552411974,True,2.885540325573279,2.1906231872890425,0.759172612447835,0.5383119818332598
1760,0.42257388505578286,1.0456019526920248,8.049573517122301,50.889558877078684,True,2.9562862895073225,2.453314651567148,0.8298636908998428,0.40976795189299553
1761,0.3657682336392083,1.275278241098687,10.098090405580407,69.56033938065062,True,4.004630504057484,3.198772086102979,0.7987683465083705,0.46253065289515494
1762,0.314126649100508,1.2022812339313995,5.715101687741722,114.2050450374489,True,6.05870619817877,3.1359825004308592,0.5175993682237846,0.5834397116161631
1763,0.3110786228720145,1.4009279718432248,8.024374679884595,69.51277288279535,True,4.055383479236287,3.4679333551654485,0.8551431382312906,0.48945583693257566
1764,0.28732217788879133,1.4416447292489074,2.142079890245869,94.89170132878729,True,5.6293112273768875,2.615470134269061,0.46461636754942787,0.5860212699244269
1765,0.41989550437828005,1.6727407478766632,10.85363328348255,112.8622176967686,True,6.058324359622337,2.6209296285229473,0.43261626036251555,0.6689090766866825
1766,0.3524729746799398,1.0668923426082255,2.791401573695612,124.97236773297342,True,6.059070455128656,3.6356832251254523,0.600039767163964,0.5041831021106473
1767,0.38629870368952635,1.758469148951056,6.65667329138949,98.27523291635788,True,5.754731565273691,2.5232772276059374,0.43847001358540905,0.6516542588292142
1768,0.38681919548705523,2.1561026278499518,8.041016713404971,85.84421842694917,True,5.007194784616913,1.6466546261193344,0.32885771314073525,0.7313186691412423
1769,0.4308556419694251,1.9990049007322896,5.229422105968231,89.3319849991629,True,5.266815374795892,2.7743847554670116,0.5267670419479112,0.6235932622001932
1770,0.36068123106548344,1.2528708298605191,3.2610254120845426,86.30563230764129,True,5.120522676769266,4.062187026880512,0.7933149178910582,0.4491631174066688
1771,0.3929112304979214,1.0009324376406619,6.966271571039492,76.13277955832552,True,4.46718997804759,3.9953440031285625,0.8943752163579911,0.42728500571490313
1772,0.2915446048520401,1.9747539077620642,10.492600777598113,86.01917986638213,True,4.950226310835564,0.7746026847075922,0.1564782367650671,0.6051456966417095
1773,0.3447838592192029,2.492673224329222,11.736619247371667,117.71314298181758,True,6.058541361376027,0.36769117793230977,0.06068971985177619,0.3403290386169213
1774,0.35662929515759056,2.084998423094404,2.0138253591022472,138.55953895878275,True,6.059099071591962,0.6855145950466259,0.11313804031702594,0.5573145524664125
1775,0.4214961457325015,1.2938079127992141,9.577140488365167,56.252196420337235,True,3.2352127298426674,2.5402107621952372,0.7851758058329509,0.42851020669584594
1776,0.3089620058342797,2.0994664228825086,6.271792910477433,122.73943146986441,True,6.058901812397851,0.47477484683621035,0.078359884602308,0.40807121257800505
1777,0.42030631419803866,1.7813894990496735,11.925210400836157,51.72870233986751,True,2.8962986018968526,1.923704398206722,0.6641940844589862,0.4381453913705293
1778,0.3704672753638414,1.117351488435048,11.880967333761769,133.20966289777033,True,6.058992451091853,3.2632290546460174,0.5385761875405491,0.6032625294397485
1779,0.3613124696037942,1.105982481015827,6.558850562577268,55.50566652287771,True,3.2609685429228605,2.895899027283613,0.8880487466119408,0.42611334043877624
1780,0.416561071771452,1.5639949138004492,7.850222360657886,101.21592013045077,True,5.896009767799641,3.308362144977177,0.561118837191452,0.5802162232329087
1781,0.4451302788932206,1.1162516820143253,11.553414361627217,63.16435201160934,True,3.5841377804844785,2.6132878927370027,0.7291259579824961,0.43226233670365843
1782,0.3764876429827752,1.367271552736504,5.2327472985780625,126.33504857747945,True,6.059034479505456,2.6205619390791033,0.4325048731680094,0.579361738863867
1783,0.36498891025784436,1.9611832372234812,3.788452950313192,91.36954515623609,True,5.405575370281628,1.7990977267446047,0.33282261433917854,0.6558197150345153
1784,0.4068934426018449,2.4503254513906745,7.9564431189812375,116.3229699033624,True,6.058699928147514,0.6128332736484986,0.1011493028069268,0.49546049903198464
1785,0.3527241283627096,1.2912153394584305,6.1261726580778495,50.940730346959775,True,2.998531789290174,2.6782636426494357,0.8931916787460327,0.42637494708322876
1786,0.44984258037319935,1.7232070207741526,3.013303527056533,89.83562887164514,True,5.328247190730255,3.585599521950636,0.6729416623516704,0.5056129374750102
1787,0.37267309459644604,1.8830493315801187,7.947207594132971,67.92193834299951,True,3.9633704929063285,3.2154641126778927,0.8112953655059388,0.5365955860548
1788,0.39721506290835507,1.970816085813013,3.6859564106411886,122.0115076827208,True,6.059004455994504,1.3246333396663705,0.21862227520823793,0.6999505885604469
1789,0.35634225628582716,2.1310341063539617,4.614034583962695,102.46255431636223,True,6.018598415445418,0.9107632990350246,0.15132481620600396,0.6423770683544596
1790,0.30060516009458477,2.0331630287028353,5.067146386535404,61.79908807694815,True,3.657345304555437,2.1597095451627815,0.5905128899020656,0.6473008701648939
1791,0.36288080426919583,1.637186938131101,8.056410336772283,128.87614403654715,True,6.058998121991153,1.4508688018407025,0.23945688257845296,0.6828739010811451
1792,0.28462956308430487,1.7394836464166645,7.742481247164335,75.58045985933936,True,4.416291527993836,2.180235219998707,0.49368009475341634,0.6787310949671372
1793,0.3692724871464588,2.4072628864073446,11.41320801632847,113.0447421094679,True,6.058212911411089,0.46131470150637094,0.07614699388287441,0.3963593859269672
1794,0.44472018370074207,1.1350202045098619,8.810388334208424,74.91537080766135,True,4.353541532850919,3.6980605630831813,0.84943729953611,0.4389085303888862
1795,0.2975729975001065,2.1276726877797327,10.56655029985194,70.72894275473038,True,4.056950296631445,1.0151559761139648,0.2502263774236687,0.7496233817870888
1796,0.3162042800229429,1.3191979036806667,7.878697055027593,56.06037814949549,True,3.2660330637838544,2.763405912695361,0.8461046960418166,0.4485349532942102
1797,0.3292011486341081,1.1315058699479157,9.647366845333774,113.4378111597217,True,6.058462575905111,3.442815509885623,0.5682655404323067,0.5732450227924559
1798,0.389942921689089,1.8943804691146247,10.911020125717169,65.93198070787969,True,3.766713291800214,2.8232382697625855,0.7495230061466355,0.527753388287624
1799,0.4212588930067368,2.107087064890819,6.4814760153085755,60.58883509046159,True,3.562387368228464,3.1431248278546775,0.8823085484433769,0.5008580765669692
1800,0.3540031844237429,1.6454920688534012,7.304971802575888,130.2808007806413,True,6.059014367721087,1.3415920904255656,0.2214208465279089,0.6905518652185987
1801,0.4282734470042483,2.2019482535320574,11.107281155890538,53.10317628346567,True,3.003851598811258,2.111429010601541,0.7029072313149946,0.48505616743011437
1802,0.40765523966880024,2.1185324800562775,9.682428691351582,107.69958163296825,True,6.057444870302386,1.153750779687506,0.19046822618955359,0.6829975789955021
1803,0.36171400687131217,1.1420489232430155,5.795923671478474,66.01692816025016,True,3.895484986653734,3.5635271701235145,0.9147839568968856,0.43579636866562455
1804,0.37293127462230335,1.9669633069650332,2.2136241822516,60.02619576635807,True,3.5877558654374004,3.3837690668501477,0.9431436234130764,0.49203413915640937
1805,0.30913682253958624,1.044851394352426,3.242381089045482,85.76889681598854,True,5.089655618369622,4.233934574838848,0.8318705414090692,0.42982789866955473
1806,0.3580589607017794,2.0844211913057884,10.439865551798448,106.41563193908993,True,6.0557373808355095,0.7354213125894191,0.12144207490185994,0.5485456146044809
1807,0.4368936919234827,1.5842585034584424,10.063485018496914,77.93500711612884,True,4.495772103561544,3.6380282884646107,0.809211010847852,0.48019389273933655
1808,0.2878032745650026,1.7549696103213974,3.046970755523342,136.9498124626229,True,6.059078143606563,0.6476575787281501,0.10689044824608303,0.5299439306632454
1809,0.32323401101894184,1.721780521764968,5.102589700508602,111.61190770941859,True,6.058508891775517,1.303479132833291,0.21514850536949384,0.687488603164629
1810,0.30774663144894154,2.0827825812460907,5.8514820637141085,120.16309709803896,True,6.058871306653562,0.49481930655321865,0.08166856193328151,0.42111841934358596
1811,0.3666604375441751,2.2772596020708384,3.8256045156040432,138.86613703986507,True,6.059064056390131,0.5069642324398345,0.08367038666725593,0.43885441001643244
1812,0.43828812575086673,2.4275492865667374,4.372325943510961,100.06187276360393,True,5.894276008431848,1.2695653120679111,0.21538952540596665,0.6804017840363237
1813,0.42213246005286353,1.5522918454083223,8.487311470074731,89.41780130419588,True,5.205211855648062,3.7545783383366786,0.7213113399529872,0.49630195377086883
1814,0.3711668942560705,1.3225689688284659,7.171441316353277,95.40270707098747,True,5.580763924077955,3.696016934828941,0.6622779578406179,0.5138845479414389
1815,0.4395548606560172,1.705879999583967,11.452266578942153,137.0739917540668,True,6.059012567704731,1.7906057589758566,0.29552765223165267,0.6686339793456773
1816,0.33571219348246717,1.5564590582125553,6.0383981052018125,112.16169906714937,True,6.0585249752869546,1.9225098817585486,0.3173230926010157,0.6473239843481524
1817,0.30848240238787006,1.5472316532720554,7.870699881085582,68.31867375453197,True,3.988559069458446,3.3780029289356537,0.8469231294083124,0.5161091695272937
1818,0.36346821127016116,1.4333204291216857,10.341450688503862,82.00594206306141,True,4.724822021873486,3.7086696401023764,0.7849331938712509,0.5024191349964799
1819,0.4242116445677315,1.2117574340404205,9.16193920691319,84.52671012672795,True,4.904865210576866,4.1208166322266475,0.8401488023239673,0.44533242961245145
1820,0.3369739140336417,2.478185596901507,7.859208749095299,131.62402727837332,True,6.058908994093626,0.36669874523700013,0.060522240158164965,0.3382579885717951
1821,0.3061857391940634,1.6788148430137353,2.8560129386520154,68.75974766476958,True,4.096955587793495,3.088909126302337,0.7539523092477399,0.5240645786810347
1822,0.32763618692505686,1.9906095770304326,2.258158080312206,111.81798089255133,True,6.058620371738104,0.8822464785924239,0.14561837917884332,0.6474959913782721
1823,0.4246845408665736,1.1993916614503606,2.3417691041569495,137.48072474013009,True,6.059141450649126,3.3207389903827687,0.5480543765861436,0.49813784361349045
1824,0.3989416003604235,2.0799405748832447,10.335460752490187,90.33606141450397,True,5.206667104751487,1.8809074808661939,0.3612498058786436,0.7428812131520854
1825,0.4450312135667336,1.526755230641094,8.925604778347637,95.78852927474381,True,5.561371105523846,3.7697803744082994,0.6778508937596261,0.5023582348105871
1826,0.297889837673961,1.4459106644505866,10.614637042868381,104.45958184428827,True,5.999768075961313,2.1765896475604056,0.3627789641204858,0.709259812650255
1827,0.32886425500179045,2.345204072492284,8.703065885771961,102.3673981643561,True,5.930791045468542,0.4482321709463803,0.07557713085994741,0.38435614749235114
1828,0.434325786894299,1.9640364931672132,7.463443063438962,133.46723696280358,True,6.059031267993682,1.3564388954734847,0.22387058846168328,0.6911383701874665
1829,0.2908061037616069,2.4347718755126073,11.492707080880617,139.2202841129445,True,6.058786403928007,0.30010578961275747,0.04953232703800123,0.30986334231749835
1830,0.30515596402338885,1.6824723613445425,8.688035590021773,76.86813910917645,True,4.469426238058511,2.55575019710716,0.571829595339146,0.6289244826247109
1831,0.31640288977381087,1.025238047935847,8.25015976787409,117.66070589435348,True,6.0588214850987985,3.628782942577927,0.5989255421211266,0.5524039225132324
1832,0.39812647261676215,2.3684302350664566,9.753942283865081,132.49014625534096,True,6.058964148185741,0.5201808317763226,0.08585309618180896,0.4411115635109284
1833,0.4373043002686145,2.1770065232766296,3.6580547640058643,82.49442208619162,True,4.892508658280075,2.6690350158148086,0.5455350623238525,0.6178882214915964
1834,0.41050539763610416,2.237883811082289,9.329339285154093,127.04441375017164,True,6.058947909295413,0.7166176964002559,0.11827427915345626,0.551205468593372
1835,0.4293835205661969,1.081536210270279,4.335610365540917,85.63755018076725,True,5.067712775616822,4.418955568058264,0.8719822459788886,0.4123417684414159
1836,0.389793303462027,2.326347378699098,3.7783009283197835,135.25354695850797,True,6.059057531082171,0.5759734989740614,0.09505991583994586,0.4887822925581289
1837,0.3999975331185519,1.5864024376818002,7.844815729306915,79.73790590457895,True,4.658063376188149,3.7791950586444503,0.8113232374560548,0.4876587013272875
1838,0.3781789995463079,2.3975684476499977,8.01255519937361,103.12770542723123,True,5.990785294664974,0.6031078930973399,0.10067259356372374,0.48038207678886513
1839,0.3474297842875914,1.9103940553930705,8.608619350661737,58.205484404615135,True,3.375083970972127,2.747163501325724,0.8139541193502386,0.5250744359843229
1840,0.3934342795290103,1.7291724305957807,6.9205144507802165,57.38794823338832,True,3.3649059707371753,2.94872074340687,0.8763159413815274,0.46259430038899474
1841,0.44071934234428783,1.5759313973233549,10.044152796997274,104.324741118878,True,6.009368422373386,3.342510429241272,0.5562165928780175,0.5729996221351508
1842,0.4280773243573931,2.132555913349222,8.398508921053148,74.3971846379894,True,4.332375617039101,2.901109197987994,0.6696347349426537,0.5742080332344255
1843,0.3898594199795231,2.2563829061137386,3.0822581757881,76.94843480510994,True,4.574758389661362,1.939413732917049,0.4239379586253102,0.6619077465866137
1844,0.43588326633815877,2.220282085638093,3.642870987217842,99.48422657097962,True,5.873045717191684,1.7360820693818173,0.2956016610427409,0.6457329775825547
1845,0.4150347142377947,1.5877157991913933,3.3602750158605286,70.15717829356686,True,4.17422997940571,3.9433961395102357,0.9447002582429974,0.444582287682032
1846,0.3599748797905725,1.5191577613633886,4.6722529525433,104.30921584589176,True,6.056564093815252,2.7998189430160374,0.4622784304181826,0.6024356540216855
1847,0.3343970708883739,1.6380818242387907,3.6136959463114486,139.68436041366914,True,6.059111041577771,1.1710192474875583,0.1932658502958594,0.7230257523206349
1848,0.4476866323042413,1.0564462607972858,9.360722831551815,59.949579387660364,True,3.4595313118526834,2.7853126496665794,0.8051127157380635,0.42602417818499294
1849,0.28073185730722533,1.3612604397055723,8.385000695758961,109.95037967970853,True,6.058175223615661,2.087661914946828,0.3446024319020707,0.6788445925164086
1850,0.30519932507312286,1.114558921425483,5.018393472735575,51.95680860430268,True,3.077063940582981,2.840575338469889,0.9231447228008245,0.42472305888333217
1851,0.4007389229518178,2.0297397410167948,7.720202999573642,107.52909771886918,True,6.05775812477907,1.364191526846447,0.22519742431878623,0.6850155418124095
1852,0.36783992154922523,1.7955913966496846,3.751175064105994,127.14182309659586,True,6.059043942291556,1.3236317143957184,0.2184555396862026,0.7048882503821012
1853,0.31093191157226063,1.421803754220805,11.69670903127335,61.077399432144176,True,3.456052815211105,2.460119196853658,0.7118291670850485,0.47726795352793827
1854,0.296557482249792,2.1573417739023952,9.992692594641461,55.48565643713125,True,3.1769457872025306,2.0045829183583415,0.6309780061193563,0.6920258991401589
1855,0.3790160221961716,1.3726016466597453,10.483586246470074,53.30766173879931,True,3.0352818690079677,2.232954095372469,0.7356661396663874,0.4285712013332992
1856,0.29974135614819175,1.4326099555734855,9.395036741027502,64.30273151307034,True,3.7147219227161625,2.9984251378706777,0.807173511302365,0.49247907385176104
1857,0.37013405287274365,1.4673032946730964,11.890837462885615,115.71584498592516,True,6.058507187236612,2.572601191617646,0.42462625067728166,0.6758023690014352
1858,0.3212491830952728,1.896899345779971,9.7899516847312,76.75546330470378,True,4.4331639235707945,1.95047465644113,0.43997350201074337,0.7113709293340373
1859,0.41437739089126124,1.8847316855785654,6.778881286032151,60.71376439749287,True,3.564123669022694,3.142207954547674,0.8816214717401454,0.4774364594220257
1860,0.42876019524008435,2.4521357928636016,3.5514302785079304,91.57306676319033,True,5.419952980410035,1.3545455883103248,0.24991832829661365,0.6707996222401498
1861,0.3033708887687731,1.588259584106609,10.161788709314125,67.48837590718605,True,3.8804903539108153,3.0129745414343754,0.7764417036619754,0.5391669250863167
1862,0.410264821633353,1.8396331379588213,4.5838003593362675,87.74086250246415,True,5.185043533752175,3.0050417599485573,0.5795596006836125,0.5911349176575542
1863,0.28769943688785365,1.5350476157275663,3.8352209039699128,87.05576819257163,True,5.155452325727854,2.5772952820854593,0.4999164223134569,0.6245176081249983
1864,0.3834678510676888,1.7163947491732032,6.684432459393458,78.50060938996008,True,4.610459659188389,3.3820839851015383,0.7335676342729154,0.5234740531637088
1865,0.3931790205887784,2.2940706767933143,5.014807915321155,61.47922029185537,True,3.639735906932098,2.6561762115193432,0.7297716865832201,0.5753586174564487
1866,0.3439240133472861,1.3412473885572367,11.103936042039793,84.46189126218309,True,4.84440532868372,3.710227988379291,0.7658789338726538,0.5056722385468801
1867,0.4422835891160312,1.0745514399556662,11.719113331683516,87.98837130701065,True,5.029716742561878,3.9242048706443176,0.7802039501424348,0.44938817218345317
1868,0.41103995463589654,2.41190435734278,7.513063466973397,108.29653789071014,True,6.057933478329549,0.757208239304429,0.12499447906008143,0.5670480169933607
1869,0.3501691878901496,1.4122940619980033,7.232877219812531,77.40912482825655,True,4.535680803575873,3.8706266082596024,0.8533727958122737,0.4791849462025426
1870,0.3591772539983993,2.1580627101921834,3.14724936476091,101.94040322180311,True,6.011186765600303,0.9621601022563591,0.16006158846409985,0.6643959161382709
1871,0.28295004473867896,2.1431571898824666,7.0836783919350745,115.96912025127605,True,6.058634038298676,0.4106845939878505,0.06778501414539552,0.3612864452817277
1872,0.4045113380398299,1.425233760343726,7.930264686790543,113.7200010340812,True,6.058575425470773,3.2395289247146803,0.5347014268561255,0.592872077395223
1873,0.44798021042759234,1.9119189038771862,7.250505272698337,96.67653007175302,True,5.651347638007648,2.914343538502865,0.515690013281558,0.6233695003138182
1874,0.40347675921619086,1.5516232915661434,2.03669120329369,60.663917728594704,True,3.627491697568094,3.511880305287716,0.9681291090596059,0.4280050565173026
1875,0.4157023690224715,1.7772007034250588,6.679058873140518,84.81002942419343,True,4.978199736706516,3.268506798765632,0.6565640134254668,0.5524264318831396
1876,0.3085997349390193,2.2181983259710307,6.515177731446035,101.84682760033981,True,5.950710998612061,0.48734113641954746,0.08189628710471984,0.40739842349941524
1877,0.40506717093428046,1.599562269493874,6.121984066534637,57.80546696108031,True,3.4049455416829817,3.064314110361687,0.8999598004868739,0.448362902260111
1878,0.44149495415517803,1.2964762777040588,4.266418315999352,101.59193838369798,True,5.9838278250081025,4.003399070021573,0.6690364741596074,0.47435519760884937
1879,0.3939110170535408,1.1554956723979324,10.783186676710715,79.11411375408807,True,4.54353565005312,3.612344543807478,0.7950514361574877,0.457754934551716
1880,0.2967399712600477,1.6874861513037687,7.342689473374006,102.91249079962212,True,5.996508353687719,1.2427717814630304,0.20724923708290233,0.6971547035180641
1881,0.3959239070939541,1.1033273414809155,2.8260974333021185,89.20529204715717,True,5.294504397005646,4.339770443857503,0.8196745376794661,0.4153623703010205
1882,0.35264245018623985,2.4691207267138116,9.874445458074682,86.40107918095788,True,4.9892272252604695,0.5206789673973261,0.10436064422184006,0.430914715472964
1883,0.37023674126367356,2.2869658431750093,10.018331824814368,101.97673100408565,True,5.878199120200371,0.6265760692822002,0.10659320252166654,0.4910645631108457
1884,0.3865468621076732,1.4763830165073735,4.144353670270523,61.91293645479156,True,3.6785499685450205,3.464771002372615,0.941884990553231,0.4436524043712988
1885,0.39619954355221376,2.0317123360772995,4.321757969357758,90.68107429493769,True,5.358550418212357,2.053301692910572,0.38318230354461513,0.6493616108396942
1886,0.3488031830407119,1.3822709905380783,7.242340257720239,70.06754132603011,True,4.105515248466581,3.6101080643439865,0.8793313009109806,0.4675995982072938
1887,0.34382544856070213,1.1979946216712107,7.185578949792175,101.71979238069952,True,5.939001846163021,3.6732900588196404,0.6185029326422626,0.5298012863300192
1888,0.4364596419699637,1.1648341289355946,3.171584616994211,97.11862105708467,True,5.747195340455371,4.218272784588096,0.7339706647684375,0.4324412389519354
1889,0.3661645731772606,2.47350883066796,3.730728796374031,80.24479808828524,True,4.758138720245665,0.8861324080464634,0.1862350932048303,0.6132970882870055
1890,0.44856230689181953,1.857030134343995,10.234398437162017,88.45520010926006,True,5.102033914603375,3.2746271248639514,0.6418277846980005,0.5510124888428756
1891,0.40398985998646303,1.952587099999891,3.464816825290982,107.21147537886637,True,6.058125646834307,1.7861739206754335,0.2948393653091042,0.6398400661876309
1892,0.35948297458391143,1.9945174972248956,11.911749347003509,97.43225346693399,True,5.563941188357278,1.1253129898910437,0.20225105762185203,0.7302018921534041
1893,0.3480785689456769,1.2734805412405028,2.2499564265133665,109.58084673025141,True,6.058500520907238,3.401213364693916,0.5613952417692616,0.5255862537325315
1894,0.35769826824930484,1.6944789605828139,8.1599093367477,139.8034863727652,True,6.059058342931396,1.062298149517402,0.17532396775097864,0.683870524159417
1895,0.2951080242728228,1.697614800792068,10.46419757798364,129.25442077417847,True,6.0589457043461,0.6437222854884279,0.10624328338619769,0.5030245090256131
1896,0.3553478709255008,1.6282169561714461,6.309271401191333,139.9101038912318,True,6.059084850640036,1.2745429054653954,0.2103523777738089,0.7069709326394706
1897,0.4138224711797217,1.410670463325574,10.818144362217236,52.25424222962161,True,2.962931859742536,2.123754113635803,0.7167745375758815,0.42051349936440063
1898,0.3199651986963038,1.5828916106587239,11.186919007635188,65.5750419537787,True,3.737151622925661,2.770897562898842,0.7414463855040543,0.5175784570580761
1899,0.3476345613383696,2.4484722203986276,6.0279777612880405,139.8830000536148,True,6.0589958190004625,0.39318712585013954,0.06489311720881871,0.35797355855539603
1900,0.29224015699494793,1.1230116064144935,10.502436904917662,137.40917614465258,True,6.059029236951596,2.2436495860686305,0.37029852445429856,0.6473878696978135
1901,0.28782872764962336,1.3397607732156147,7.82610696098687,128.97206669939186,True,6.059003648340247,1.6016575054421345,0.2643433802653146,0.6755035303733239
1902,0.3483975756225808,1.6248275782450599,9.091158237470747,91.9065995118039,True,5.332691936755453,2.658769755605321,0.4985792892478587,0.646788693044976
1903,0.3852582265254102,1.9574385521127757,7.482983793398276,78.94359803805841,True,4.619099750206713,2.61254216942284,0.5655955295847257,0.6332305058956651
1904,0.4179300286752,1.0017363760954743,9.69636895738288,64.49699498047873,True,3.718506287321372,2.9907307162870063,0.8042828182069259,0.432763789707149
1905,0.29314780972478993,2.0059435830498713,8.659467550512106,53.14378722219716,True,3.074164681997418,2.420038875253569,0.7872183586733437,0.5871180012804587
1906,0.37354952643658523,1.8917085806677336,5.730261508392674,68.40941468852708,True,4.036673737673254,3.215393438503724,0.7965452864062981,0.5271353343175136
1907,0.4275558406358803,1.8468712662085807,2.33745562912955,86.2384116700232,True,5.126481076921266,3.2366153802217887,0.6313522534575616,0.5377941785874767
1908,0.3542146108506097,1.1135672691346916,8.584418364498577,119.5698839625281,True,6.058886816934782,3.5665792927299185,0.5886525694391939,0.5613248393849548
1909,0.33894776166975865,1.6427880759009068,7.687136890641934,93.00321773878602,True,5.430134732583388,2.4982362621800704,0.46006892742264127,0.6672110862361267
1910,0.30600737162854813,1.6413137654370413,11.71336421669571,82.86328501694082,True,4.730776740188512,2.313880925313137,0.48911226472736347,0.6602500745599671
1911,0.37743598983782056,1.2488095876289733,10.034681112467695,134.9876749829598,True,6.059024560406604,2.8148834704081507,0.46457700284008285,0.619312794179812
1912,0.30105304386382387,1.5807248077008458,7.060901087521701,99.44498995621737,True,5.812006179096271,1.868891121703683,0.3215569743241882,0.6887832879411655
1913,0.43839510035906903,2.3319695437394588,7.8989287208853325,111.5257207277605,True,6.058353737835546,1.0582599107524309,0.1746778013544176,0.6653481273320989
1914,0.29455256114275846,2.052417696652411,9.804288060375058,115.45020343726391,True,6.058516333527416,0.44267090982596335,0.07306589360438838,0.3814254799909471
1915,0.33274906978477237,1.1920063852774037,4.916729650654708,133.0279159058872,True,6.059076059248675,2.6088457661707207,0.43056824846892866,0.5736292761682158
1916,0.3511326452240743,1.658161845045175,3.8611419619994707,128.5984464022386,True,6.059052992744965,1.4676300177891655,0.24222102357356629,0.6921639069409378
1917,0.28334623677782694,2.27911622337072,10.36504035295391,62.50217573569705,True,3.5790185869631888,0.7869176018342868,0.21986966055462415,0.6499415885277537
1918,0.37962549536089696,2.1269488217846475,4.427660035168113,137.59121291523394,True,6.059071488807038,0.6737391033811339,0.11119510714236273,0.5555537042852641
1919,0.40560744384329817,2.0755272569180416,5.635442563973825,51.12621927049049,True,3.017690892353934,2.7216749056657203,0.9019064585315073,0.46856278672936025
1920,0.4195702618363622,1.6077476499286143,6.982741572520972,96.85171697443266,True,5.667544899979504,3.361005690065802,0.5930267425103164,0.5665751400204875
1921,0.40673297658538393,1.234874196966465,4.712513569878945,76.60970509878125,True,4.535072540359469,4.200693157084813,0.9262681290544139,0.4263942310237736
1922,0.3786532060847859,1.7684735326346,9.934841414235946,109.69592947563069,True,6.057984154873669,1.732758388041203,0.2860288742497276,0.7017008905309106
1923,0.2895702898933894,1.620831406673599,6.653763383632301,82.82371371888009,True,4.862315991538893,2.399374003890865,0.49346319903233554,0.6627031691297223
1924,0.29943798942738414,1.543127311068237,11.459443074465714,62.66400597740412,True,3.5570891156506472,2.5725676455403637,0.7232227143878572,0.5109096665558472
1925,0.3324313961981932,1.3071038195298095,2.9872372705652483,131.46609660410633,True,6.059091035762211,2.3066235918568117,0.38068805671388084,0.5841578505079457
1926,0.3410786688794818,2.040617893986153,2.8440952369195935,66.89916430926186,True,3.9871026366512203,2.4245357691746703,0.6080946466958888,0.610966385396249
1927,0.347883292416927,1.8837504016715092,3.8428258913825175,51.98992962570589,True,3.0946061347345895,2.909339766661045,0.9401324885923055,0.4750425850868365
1928,0.3709987906716212,1.6223231716202695,3.663631556405207,107.68796216487088,True,6.05820136192599,2.3721536965394754,0.39156072154480737,0.6000245670877118
1929,0.3893491069010989,2.0741268393370746,11.061154441465913,89.80529947401477,True,5.153706380367824,1.744877804440728,0.3385675619952945,0.7576781608261842
1930,0.33591332976981275,1.4433523866675269,3.814716094829775,50.02703497736589,True,2.9787588350479197,2.8161843218447222,0.9454220626086428,0.4322583390562409
1931,0.32276718771289736,1.1444551174844468,4.419410622646215,129.32303227248443,True,6.0590656358771025,2.837304295643989,0.46827423007990976,0.558744667366943
1932,0.3746389974974519,1.731135973069229,4.1017253233657875,131.20528271309604,True,6.0590626785677175,1.4606399350926402,0.2410669789337641,0.6961864209799069
1933,0.3097215768924303,1.0133193058896077,2.5558833500707165,102.13714967236415,True,6.0313947497644556,3.957869310024814,0.6562112868137806,0.46673715772402335
1934,0.3892472292624235,1.253919733605522,9.829540664065567,96.10517723111747,True,5.555253524453419,3.974378539192953,0.715427031673409,0.47925625389013593
1935,0.4346568465387225,1.7736566183548799,8.590918791441258,56.934011689293065,True,3.300830352730961,2.7150432208683717,0.8225334024276847,0.4539171093771106
1936,0.41142812381260707,1.3850629135733419,4.277292750197226,125.93099227864444,True,6.059049914660218,2.9825921149731687,0.4922540921401912,0.5520720500752763
1937,0.2898355344248027,1.5243911148653884,5.265715759111982,114.33797522765683,True,6.058709188975556,1.4672325090306004,0.24216915901829067,0.680232245377832
1938,0.3758032604523081,2.3103634504570065,9.387877566162587,95.99409499090584,True,5.556876346204087,0.721626210561156,0.12986184424530164,0.5411994673959115
1939,0.368049762685526,2.291479010080593,11.48826066587203,113.96455539355277,True,6.058314543255845,0.5119533208001227,0.08450424901923134,0.42723718980206415
1940,0.3362401273777647,1.9037934491997466,3.908726448854724,59.66234539728833,True,3.5480002402058086,3.2065317688214834,0.9037574835777019,0.5223628063631627
1941,0.4442510396529337,1.2984971020882436,11.116362214738228,91.15801387326081,True,5.2322433340670855,4.102725888187619,0.784123678169708,0.4615736288711201
1942,0.4047818914312503,1.6969814368052276,10.429738925224589,98.19083174860661,True,5.6562276481156815,2.823603921407048,0.49920266599377494,0.6309847291054056
1943,0.33660250571091144,1.557285533305081,7.846579742293913,72.390757729672,True,4.2281842669867915,3.550648451217296,0.8397572638781091,0.5088188326369605
1944,0.3286879589713602,1.3788447701901732,11.313992220361643,132.7231994352586,True,6.058985299399775,1.6834359959614322,0.27784124119399983,0.684908240708856
1945,0.4121101174292687,1.1715290079333585,2.4774754263141467,114.87996548229567,True,6.058865884737925,3.9197453588527247,0.6469437405317765,0.4769658775910921
1946,0.3019827909791163,1.78677614920129,7.4465343098267285,88.88690236072142,True,5.196733231188743,1.5228485368387972,0.29303958257839,0.7296523538170372
1947,0.38807404903642534,2.1000707201933864,6.546435600716664,101.14247444176442,True,5.917050044221012,1.2600336452486118,0.21294963467129116,0.6835424201520968
1948,0.2859349678462109,2.4269406775827864,4.476825798904919,135.46691006644932,True,6.0588140061103894,0.3445885937166736,0.056873934959738276,0.3226873630728946
1949,0.29893432623234933,2.110093001995488,6.163102244464627,78.60779884769482,True,4.624185787386605,0.8985101265992861,0.19430666671095978,0.6454985514268188
1950,0.31891341479528645,1.7343968714991977,11.21822917712517,104.38324704374503,True,5.977067707801556,1.1853070125224843,0.19830911585213676,0.7245163195438389
1951,0.38453106031499706,1.0347354316966233,5.926094832962238,83.7797258637971,True,4.933595646109319,4.375621122041327,0.8869030694665834,0.4207927831804761
1952,0.36092466825224345,2.36722704204283,4.93433528448363,55.14850458357978,True,3.2664412563424277,2.361352410204776,0.7229128659882536,0.5988364588258843
1953,0.4416953804167259,1.3148119877578681,3.2122296445155434,117.75567261888307,True,6.058964573427171,3.755619247110939,0.6198450579463652,0.5029819776187594
1954,0.4156129024141222,1.4465055042416768,2.100135959732155,84.62949364129905,True,5.035715349572506,4.028626430934346,0.8000107534426755,0.4403997262901913
1955,0.42656990163657693,1.4533164705640602,3.238412225530562,70.4636121140736,True,4.193807628852119,3.988320140787615,0.9510021664678149,0.42956274975879527
1956,0.34936103098865173,1.266094860728724,7.4510486236646285,102.68840356740407,True,5.985710118565138,3.508388555760056,0.586127374407678,0.5538940655377225
1957,0.4457666301421043,1.8893607036677578,7.415164216779919,65.08913055545415,True,3.808965059577588,3.3129818008929894,0.869785295762308,0.4757070681719391
1958,0.37196233994928757,2.109480117160406,6.636981896186092,88.23481041889877,True,5.17617104213494,1.4718756781542535,0.284356074436669,0.7069231597841727
1959,0.4172528374401907,2.274460929413689,4.97629319313525,71.40527573679714,True,4.224753847297108,2.543838647879691,0.602127068185801,0.6249102910951434
1960,0.38201052069557867,1.0987983795858336,3.3246506778701264,94.07300594698276,True,5.570100065387502,4.209274534344128,0.7556910082281073,0.4341854857237508
1961,0.4024758990013093,2.1367925019518,7.397464068034758,72.53211381699393,True,4.245959725622765,2.6017241279282173,0.6127528982971256,0.6168306251858415
1962,0.4111367253108943,1.6437226109388208,11.332265003292989,108.68721074382874,True,6.0575021481127385,2.712075080474243,0.4477216869529647,0.6573143322191259
1963,0.4009905946344543,1.3753874145911698,2.283693718241946,110.1293570356209,True,6.058545981151763,3.5320058709640727,0.5829791309585174,0.514506817672197
1964,0.44037826596427204,1.2825683286917702,8.915792057016235,66.03164633634219,True,3.829460156513275,3.1900645402675387,0.8330324405756695,0.4423386623114478
1965,0.29873290575343675,2.26972080960191,2.3643637119085765,115.81250191429154,True,6.0587612387590974,0.4606909463001025,0.07603715151423547,0.3912329713151115
1966,0.35286656119150395,1.1781519243518561,5.704913534877926,109.03170785005999,True,6.05826641464611,3.6645390060057026,0.6048824457680712,0.5344248017554185
1967,0.3324799548305323,2.295479337205234,2.7048328584364407,69.43805007109428,True,4.137130995386851,1.3555916582065517,0.32766466899842367,0.694462765138173
1968,0.3514627886401862,1.99218737372846,8.642290268839034,103.76943341081196,True,6.011547908374372,0.9497669084065282,0.15799040827462385,0.6420443901813266
1969,0.4157749013565334,2.0269170810105193,3.0501474166812397,55.3123216867263,True,3.300645803469147,3.147718780060571,0.9536675449247412,0.46332303681892784
1970,0.38146676396223,1.4784779427980326,6.748352938919441,79.53311839465793,True,4.669803952543855,3.8864396181132514,0.8322489889529796,0.47502111264571933
1971,0.28373491689721186,2.0834802155067464,9.408509827262264,109.79512944638813,True,6.057925645932847,0.4255127785428369,0.0702406736914172,0.37018166802133967
1972,0.3557599788858479,1.1540056772462317,11.732322529529828,130.23901514121434,True,6.058975284744038,3.1042149989164196,0.5123333324584699,0.6200876989603183
1973,0.29129623319751796,1.4723877330816415,8.828082751603903,106.80548530766617,True,6.0572466471313255,1.834094161861308,0.3027933760514645,0.7014192942152402
1974,0.3755753532601592,2.105444467984399,3.5802078759812677,66.32127208325923,True,3.9449812072133215,2.6963451298691967,0.6834874460083566,0.5768583819339455
1975,0.32935448732782846,2.3712822776507174,4.660274172412702,106.04017902924036,True,6.057555774567307,0.4800464861037618,0.07924755527951399,0.4092787702290521
1976,0.44974884426698847,1.7648593066608846,11.271905950355135,75.79270044986556,True,4.333898333114441,3.3187455874105187,0.7657645224514508,0.49729406752903893
1977,0.39759673292019837,1.100228369743128,3.350076207349841,105.02865556968216,True,6.057539086720833,4.080380906522311,0.6736037272078371,0.46073088314232846
1978,0.3497500709901601,1.5048449696855795,9.41549759626747,132.53088280542983,True,6.059005186328085,1.5558892568012939,0.25678955685862404,0.6780420135327723
1979,0.32684478795465755,1.6922117822309595,6.975351167501863,106.36573247638668,True,6.057458441165995,1.4993513753857963,0.24752152902879634,0.6863620039321359
1980,0.38415461236906623,2.0639542930981247,5.765931659616932,81.60908363256547,True,4.808330903832857,2.226710558430025,0.46309428426713534,0.6801204805531862
1981,0.43233312870538293,2.3131046713963594,2.0440750845262254,91.33518304392868,True,5.424260947995798,1.8212322817709443,0.3357567600880022,0.6268927028229472
1982,0.3883745961186782,1.8252303602838276,9.00351973136096,83.94992152942035,True,4.874364248813205,2.790225303070295,0.5724285590166247,0.6119398655524737
1983,0.30498404969736087,2.328122016730463,4.03688570414989,60.51624518178,True,3.5954614274395764,1.3019603969372544,0.3621121859355935,0.7246362562891457
1984,0.39082174863488023,2.248578365124394,10.333925903176372,118.82197170727562,True,6.058750855943912,0.6344672687007858,0.10471915478721895,0.5006328106113775
1985,0.2888257462467701,1.609477970230615,9.136560565672031,78.82188480241936,True,4.571937557237284,2.522643565746731,0.5517668459302201,0.6359345002320826
1986,0.4359242311259841,1.2330618197654022,11.670336425634174,109.29137543382576,True,6.057668055708258,3.920453601592155,0.6471885823948104,0.5009528631194229
1987,0.365655608065388,1.9233217553619562,3.996723551923678,131.82737243615878,True,6.059056893117284,0.9418963158734326,0.15545262777502036,0.6875623403568687
1988,0.4043646275545659,1.9667060947852963,3.600811602439962,107.16449610360627,True,6.058106543502807,1.747954479428772,0.2885314853538548,0.6442735694640027
1989,0.31235440061244374,1.2503077364931072,8.654475970500593,117.5926516623389,True,6.058795537263631,2.7424947357641036,0.4526468534706013,0.636660021647621
1990,0.356997937471217,2.4480554210982017,5.381544464102152,77.05804314029513,True,4.547607311018968,0.857685083801012,0.18860139522663255,0.6071606286773839
1991,0.3420363346601088,1.2596394016294257,5.177448563654118,68.00681944948482,True,4.022788595552462,3.7195043833574792,0.924608463758128,0.4457383379078892
1992,0.43528758074186297,1.3742178775006797,6.251815048092528,80.36824892913006,True,4.728538245012144,4.205030904553154,0.8892877009060448,0.4392756792790036
1993,0.2942353793311127,1.5399894184305367,7.556100353697259,50.54452114234197,True,2.946504278020847,2.484463271454857,0.843190111749527,0.45988918477789786
1994,0.43216369496523305,2.2720312353901373,11.950484521226706,80.67001918917693,True,4.595203664399618,2.111509064409523,0.45950282481884297,0.6828907047200823
1995,0.2808161404022823,1.8288278622490213,3.290365306023214,116.15122238232568,True,6.0588342817341525,0.6957316746362904,0.11482929591485029,0.55065597099121
1996,0.4208646930350384,2.016098508377544,10.245275229319446,87.08237863399327,True,5.021648667934826,2.494653645263242,0.4967798048462795,0.6561264312965527
1997,0.3409733788340674,1.6211070398002378,10.50719411789418,75.15751428745648,True,4.320002643102883,3.2573352535698366,0.7540123288513141,0.5462520019273844
1998,0.42857201540628964,1.1403520272276364,5.674722481854814,110.77974018265019,True,6.058452795844305,4.042053820320891,0.6671759204088329,0.48639853806849365
1999,0.36558349732037776,2.4058906486806526,11.998838769210037,125.87215674292997,True,6.058848512862721,0.4149583918351032,0.06848799585501456,0.3687053421212747
